2026-08-21 15:00:13,600 INFO HTTP Request: POST https://api.telegram.org/bot8853478714:AAGC7W_ilTDh48WegRYq5OPfHZpb2I3r018/getMe "HTTP/1.1 200 OK"
2026-08-21 15:00:13,731 INFO HTTP Request: POST https://api.telegram.org/bot8853478714:AAGC7W_ilTDh48WegRYq5OPfHZpb2I3r018/deleteWebhook "HTTP/1.1 200 OK"
2026-08-21 15:00:13,734 INFO Application started
2026-08-21 15:00:18,286 INFO HTTP Request: POST https://api.telegram.org/bot8853478714:AAGC7W_ilTDh48WegRYq5OPfHZpb2I3r018/getUpdates "HTTP/1.1 409 Conflict"
2026-08-21 15:00:18,287 ERROR Error no controlado en Telegram
Traceback (most recent call last):
  File "C:\Users\Usuario\AppData\Local\Programs\Python\Python314\Lib\site-packages\telegram\ext\_utils\networkloop.py", line 161, in network_retry_loop
    await do_action()
  File "C:\Users\Usuario\AppData\Local\Programs\Python\Python314\Lib\site-packages\telegram\ext\_utils\networkloop.py", line 154, in do_action
    action_cb_task.result()
    ~~~~~~~~~~~~~~~~~~~~~^^
  File "C:\Users\Usuario\AppData\Local\Programs\Python\Python314\Lib\site-packages\telegram\ext\_updater.py", line 340, in polling_action_cb
    updates = await self.bot.get_updates(
              ^^^^^^^^^^^^^^^^^^^^^^^^^^^
    ...<3 lines>...
    )
    ^
  File "C:\Users\Usuario\AppData\Local\Programs\Python\Python314\Lib\site-packages\telegram\ext\_extbot.py", line 680, in get_updates
    updates = await super().get_updates(
              ^^^^^^^^^^^^^^^^^^^^^^^^^^
    ...<9 lines>...
    )
    ^
  File "C:\Users\Usuario\AppData\Local\Programs\Python\Python314\Lib\site-packages\telegram\_bot.py", line 4767, in get_updates
    await self._post(
    ^^^^^^^^^^^^^^^^^
    ...<7 lines>...
    ),
    ^
  File "C:\Users\Usuario\AppData\Local\Programs\Python\Python314\Lib\site-packages\telegram\_bot.py", line 712, in _post
    return await self._do_post(
           ^^^^^^^^^^^^^^^^^^^^
    ...<6 lines>...
    )
    ^
  File "C:\Users\Usuario\AppData\Local\Programs\Python\Python314\Lib\site-packages\telegram\ext\_extbot.py", line 378, in _do_post
    return await super()._do_post(
           ^^^^^^^^^^^^^^^^^^^^^^^
    ...<6 lines>...
    )
    ^
  File "C:\Users\Usuario\AppData\Local\Programs\Python\Python314\Lib\site-packages\telegram\_bot.py", line 741, in _do_post
    result = await request.post(
             ^^^^^^^^^^^^^^^^^^^
    ...<6 lines>...
    )
    ^
  File "C:\Users\Usuario\AppData\Local\Programs\Python\Python314\Lib\site-packages\telegram\request\_baserequest.py", line 198, in post
    result = await self._request_wrapper(
             ^^^^^^^^^^^^^^^^^^^^^^^^^^^^
    ...<7 lines>...
    )
    ^
  File "C:\Users\Usuario\AppData\Local\Programs\Python\Python314\Lib\site-packages\telegram\request\_baserequest.py", line 375, in _request_wrapper
    raise exception
telegram.error.Conflict: Conflict: terminated by other getUpdates request; make sure that only one bot instance is running
2026-08-21 15:00:24,065 INFO HTTP Request: POST https://api.telegram.org/bot8853478714:AAGC7W_ilTDh48WegRYq5OPfHZpb2I3r018/getUpdates "HTTP/1.1 409 Conflict"
2026-08-21 15:00:24,066 ERROR Error no controlado en Telegram
Traceback (most recent call last):
  File "C:\Users\Usuario\AppData\Local\Programs\Python\Python314\Lib\site-packages\telegram\ext\_utils\networkloop.py", line 161, in network_retry_loop
    await do_action()
  File "C:\Users\Usuario\AppData\Local\Programs\Python\Python314\Lib\site-packages\telegram\ext\_utils\networkloop.py", line 154, in do_action
    action_cb_task.result()
    ~~~~~~~~~~~~~~~~~~~~~^^
  File "C:\Users\Usuario\AppData\Local\Programs\Python\Python314\Lib\site-packages\telegram\ext\_updater.py", line 340, in polling_action_cb
    updates = await self.bot.get_updates(
              ^^^^^^^^^^^^^^^^^^^^^^^^^^^
    ...<3 lines>...
    )
    ^
  File "C:\Users\Usuario\AppData\Local\Programs\Python\Python314\Lib\site-packages\telegram\ext\_extbot.py", line 680, in get_updates
    updates = await super().get_updates(
              ^^^^^^^^^^^^^^^^^^^^^^^^^^
    ...<9 lines>...
    )
    ^
  File "C:\Users\Usuario\AppData\Local\Programs\Python\Python314\Lib\site-packages\telegram\_bot.py", line 4767, in get_updates
    await self._post(
    ^^^^^^^^^^^^^^^^^
    ...<7 lines>...
    ),
    ^
  File "C:\Users\Usuario\AppData\Local\Programs\Python\Python314\Lib\site-packages\telegram\_bot.py", line 712, in _post
    return await self._do_post(
           ^^^^^^^^^^^^^^^^^^^^
    ...<6 lines>...
    )
    ^
  File "C:\Users\Usuario\AppData\Local\Programs\Python\Python314\Lib\site-packages\telegram\ext\_extbot.py", line 378, in _do_post
    return await super()._do_post(
           ^^^^^^^^^^^^^^^^^^^^^^^
    ...<6 lines>...
    )
    ^
  File "C:\Users\Usuario\AppData\Local\Programs\Python\Python314\Lib\site-packages\telegram\_bot.py", line 741, in _do_post
    result = await request.post(
             ^^^^^^^^^^^^^^^^^^^
    ...<6 lines>...
    )
    ^
  File "C:\Users\Usuario\AppData\Local\Programs\Python\Python314\Lib\site-packages\telegram\request\_baserequest.py", line 198, in post
    result = await self._request_wrapper(
             ^^^^^^^^^^^^^^^^^^^^^^^^^^^^
    ...<7 lines>...
    )
    ^
  File "C:\Users\Usuario\AppData\Local\Programs\Python\Python314\Lib\site-packages\telegram\request\_baserequest.py", line 375, in _request_wrapper
    raise exception
telegram.error.Conflict: Conflict: terminated by other getUpdates request; make sure that only one bot instance is running
2026-08-21 15:00:29,862 INFO HTTP Request: POST https://api.telegram.org/bot8853478714:AAGC7W_ilTDh48WegRYq5OPfHZpb2I3r018/getUpdates "HTTP/1.1 409 Conflict"
2026-08-21 15:00:29,863 ERROR Error no controlado en Telegram
Traceback (most recent call last):
  File "C:\Users\Usuario\AppData\Local\Programs\Python\Python314\Lib\site-packages\telegram\ext\_utils\networkloop.py", line 161, in network_retry_loop
    await do_action()
  File "C:\Users\Usuario\AppData\Local\Programs\Python\Python314\Lib\site-packages\telegram\ext\_utils\networkloop.py", line 154, in do_action
    action_cb_task.result()
    ~~~~~~~~~~~~~~~~~~~~~^^
  File "C:\Users\Usuario\AppData\Local\Programs\Python\Python314\Lib\site-packages\telegram\ext\_updater.py", line 340, in polling_action_cb
    updates = await self.bot.get_updates(
              ^^^^^^^^^^^^^^^^^^^^^^^^^^^
    ...<3 lines>...
    )
    ^
  File "C:\Users\Usuario\AppData\Local\Programs\Python\Python314\Lib\site-packages\telegram\ext\_extbot.py", line 680, in get_updates
    updates = await super().get_updates(
              ^^^^^^^^^^^^^^^^^^^^^^^^^^
    ...<9 lines>...
    )
    ^
  File "C:\Users\Usuario\AppData\Local\Programs\Python\Python314\Lib\site-packages\telegram\_bot.py", line 4767, in get_updates
    await self._post(
    ^^^^^^^^^^^^^^^^^
    ...<7 lines>...
    ),
    ^
  File "C:\Users\Usuario\AppData\Local\Programs\Python\Python314\Lib\site-packages\telegram\_bot.py", line 712, in _post
    return await self._do_post(
           ^^^^^^^^^^^^^^^^^^^^
    ...<6 lines>...
    )
    ^
  File "C:\Users\Usuario\AppData\Local\Programs\Python\Python314\Lib\site-packages\telegram\ext\_extbot.py", line 378, in _do_post
    return await super()._do_post(
           ^^^^^^^^^^^^^^^^^^^^^^^
    ...<6 lines>...
    )
    ^
  File "C:\Users\Usuario\AppData\Local\Programs\Python\Python314\Lib\site-packages\telegram\_bot.py", line 741, in _do_post
    result = await request.post(
             ^^^^^^^^^^^^^^^^^^^
    ...<6 lines>...
    )
    ^
  File "C:\Users\Usuario\AppData\Local\Programs\Python\Python314\Lib\site-packages\telegram\request\_baserequest.py", line 198, in post
    result = await self._request_wrapper(
             ^^^^^^^^^^^^^^^^^^^^^^^^^^^^
    ...<7 lines>...
    )
    ^
  File "C:\Users\Usuario\AppData\Local\Programs\Python\Python314\Lib\site-packages\telegram\request\_baserequest.py", line 375, in _request_wrapper
    raise exception
telegram.error.Conflict: Conflict: terminated by other getUpdates request; make sure that only one bot instance is running
2026-08-21 15:00:32,653 INFO HTTP Request: POST https://api.telegram.org/bot8853478714:AAGC7W_ilTDh48WegRYq5OPfHZpb2I3r018/getUpdates "HTTP/1.1 200 OK"
2026-08-21 15:00:33,196 INFO HTTP Request: POST https://api.telegram.org/bot8853478714:AAGC7W_ilTDh48WegRYq5OPfHZpb2I3r018/sendMessage "HTTP/1.1 200 OK"
2026-08-21 15:00:33,753 INFO HTTP Request: POST https://api.telegram.org/bot8853478714:AAGC7W_ilTDh48WegRYq5OPfHZpb2I3r018/editMessageText "HTTP/1.1 200 OK"
2026-08-21 15:00:34,406 INFO HTTP Request: POST https://api.telegram.org/bot8853478714:AAGC7W_ilTDh48WegRYq5OPfHZpb2I3r018/sendDocument "HTTP/1.1 200 OK"
2026-08-21 15:00:36,901 INFO HTTP Request: POST https://api.telegram.org/bot8853478714:AAGC7W_ilTDh48WegRYq5OPfHZpb2I3r018/getUpdates "HTTP/1.1 409 Conflict"
2026-08-21 15:00:36,902 ERROR Error no controlado en Telegram
Traceback (most recent call last):
  File "C:\Users\Usuario\AppData\Local\Programs\Python\Python314\Lib\site-packages\telegram\ext\_utils\networkloop.py", line 161, in network_retry_loop
    await do_action()
  File "C:\Users\Usuario\AppData\Local\Programs\Python\Python314\Lib\site-packages\telegram\ext\_utils\networkloop.py", line 154, in do_action
    action_cb_task.result()
    ~~~~~~~~~~~~~~~~~~~~~^^
  File "C:\Users\Usuario\AppData\Local\Programs\Python\Python314\Lib\site-packages\telegram\ext\_updater.py", line 340, in polling_action_cb
    updates = await self.bot.get_updates(
              ^^^^^^^^^^^^^^^^^^^^^^^^^^^
    ...<3 lines>...
    )
    ^
  File "C:\Users\Usuario\AppData\Local\Programs\Python\Python314\Lib\site-packages\telegram\ext\_extbot.py", line 680, in get_updates
    updates = await super().get_updates(
              ^^^^^^^^^^^^^^^^^^^^^^^^^^
    ...<9 lines>...
    )
    ^
  File "C:\Users\Usuario\AppData\Local\Programs\Python\Python314\Lib\site-packages\telegram\_bot.py", line 4767, in get_updates
    await self._post(
    ^^^^^^^^^^^^^^^^^
    ...<7 lines>...
    ),
    ^
  File "C:\Users\Usuario\AppData\Local\Programs\Python\Python314\Lib\site-packages\telegram\_bot.py", line 712, in _post
    return await self._do_post(
           ^^^^^^^^^^^^^^^^^^^^
    ...<6 lines>...
    )
    ^
  File "C:\Users\Usuario\AppData\Local\Programs\Python\Python314\Lib\site-packages\telegram\ext\_extbot.py", line 378, in _do_post
    return await super()._do_post(
           ^^^^^^^^^^^^^^^^^^^^^^^
    ...<6 lines>...
    )
    ^
  File "C:\Users\Usuario\AppData\Local\Programs\Python\Python314\Lib\site-packages\telegram\_bot.py", line 741, in _do_post
    result = await request.post(
             ^^^^^^^^^^^^^^^^^^^
    ...<6 lines>...
    )
    ^
  File "C:\Users\Usuario\AppData\Local\Programs\Python\Python314\Lib\site-packages\telegram\request\_baserequest.py", line 198, in post
    result = await self._request_wrapper(
             ^^^^^^^^^^^^^^^^^^^^^^^^^^^^
    ...<7 lines>...
    )
    ^
  File "C:\Users\Usuario\AppData\Local\Programs\Python\Python314\Lib\site-packages\telegram\request\_baserequest.py", line 375, in _request_wrapper
    raise exception
telegram.error.Conflict: Conflict: terminated by other getUpdates request; make sure that only one bot instance is running
2026-08-21 15:00:43,446 INFO HTTP Request: POST https://api.telegram.org/bot8853478714:AAGC7W_ilTDh48WegRYq5OPfHZpb2I3r018/getUpdates "HTTP/1.1 409 Conflict"
2026-08-21 15:00:43,447 ERROR Error no controlado en Telegram
Traceback (most recent call last):
  File "C:\Users\Usuario\AppData\Local\Programs\Python\Python314\Lib\site-packages\telegram\ext\_utils\networkloop.py", line 161, in network_retry_loop
    await do_action()
  File "C:\Users\Usuario\AppData\Local\Programs\Python\Python314\Lib\site-packages\telegram\ext\_utils\networkloop.py", line 154, in do_action
    action_cb_task.result()
    ~~~~~~~~~~~~~~~~~~~~~^^
  File "C:\Users\Usuario\AppData\Local\Programs\Python\Python314\Lib\site-packages\telegram\ext\_updater.py", line 340, in polling_action_cb
    updates = await self.bot.get_updates(
              ^^^^^^^^^^^^^^^^^^^^^^^^^^^
    ...<3 lines>...
    )
    ^
  File "C:\Users\Usuario\AppData\Local\Programs\Python\Python314\Lib\site-packages\telegram\ext\_extbot.py", line 680, in get_updates
    updates = await super().get_updates(
              ^^^^^^^^^^^^^^^^^^^^^^^^^^
    ...<9 lines>...
    )
    ^
  File "C:\Users\Usuario\AppData\Local\Programs\Python\Python314\Lib\site-packages\telegram\_bot.py", line 4767, in get_updates
    await self._post(
    ^^^^^^^^^^^^^^^^^
    ...<7 lines>...
    ),
    ^
  File "C:\Users\Usuario\AppData\Local\Programs\Python\Python314\Lib\site-packages\telegram\_bot.py", line 712, in _post
    return await self._do_post(
           ^^^^^^^^^^^^^^^^^^^^
    ...<6 lines>...
    )
    ^
  File "C:\Users\Usuario\AppData\Local\Programs\Python\Python314\Lib\site-packages\telegram\ext\_extbot.py", line 378, in _do_post
    return await super()._do_post(
           ^^^^^^^^^^^^^^^^^^^^^^^
    ...<6 lines>...
    )
    ^
  File "C:\Users\Usuario\AppData\Local\Programs\Python\Python314\Lib\site-packages\telegram\_bot.py", line 741, in _do_post
    result = await request.post(
             ^^^^^^^^^^^^^^^^^^^
    ...<6 lines>...
    )
    ^
  File "C:\Users\Usuario\AppData\Local\Programs\Python\Python314\Lib\site-packages\telegram\request\_baserequest.py", line 198, in post
    result = await self._request_wrapper(
             ^^^^^^^^^^^^^^^^^^^^^^^^^^^^
    ...<7 lines>...
    )
    ^
  File "C:\Users\Usuario\AppData\Local\Programs\Python\Python314\Lib\site-packages\telegram\request\_baserequest.py", line 375, in _request_wrapper
    raise exception
telegram.error.Conflict: Conflict: terminated by other getUpdates request; make sure that only one bot instance is running
2026-08-21 15:00:48,608 INFO HTTP Request: POST https://api.telegram.org/bot8853478714:AAGC7W_ilTDh48WegRYq5OPfHZpb2I3r018/getUpdates "HTTP/1.1 409 Conflict"
2026-08-21 15:00:48,609 ERROR Error no controlado en Telegram
Traceback (most recent call last):
  File "C:\Users\Usuario\AppData\Local\Programs\Python\Python314\Lib\site-packages\telegram\ext\_utils\networkloop.py", line 161, in network_retry_loop
    await do_action()
  File "C:\Users\Usuario\AppData\Local\Programs\Python\Python314\Lib\site-packages\telegram\ext\_utils\networkloop.py", line 154, in do_action
    action_cb_task.result()
    ~~~~~~~~~~~~~~~~~~~~~^^
  File "C:\Users\Usuario\AppData\Local\Programs\Python\Python314\Lib\site-packages\telegram\ext\_updater.py", line 340, in polling_action_cb
    updates = await self.bot.get_updates(
              ^^^^^^^^^^^^^^^^^^^^^^^^^^^
    ...<3 lines>...
    )
    ^
  File "C:\Users\Usuario\AppData\Local\Programs\Python\Python314\Lib\site-packages\telegram\ext\_extbot.py", line 680, in get_updates
    updates = await super().get_updates(
              ^^^^^^^^^^^^^^^^^^^^^^^^^^
    ...<9 lines>...
    )
    ^
  File "C:\Users\Usuario\AppData\Local\Programs\Python\Python314\Lib\site-packages\telegram\_bot.py", line 4767, in get_updates
    await self._post(
    ^^^^^^^^^^^^^^^^^
    ...<7 lines>...
    ),
    ^
  File "C:\Users\Usuario\AppData\Local\Programs\Python\Python314\Lib\site-packages\telegram\_bot.py", line 712, in _post
    return await self._do_post(
           ^^^^^^^^^^^^^^^^^^^^
    ...<6 lines>...
    )
    ^
  File "C:\Users\Usuario\AppData\Local\Programs\Python\Python314\Lib\site-packages\telegram\ext\_extbot.py", line 378, in _do_post
    return await super()._do_post(
           ^^^^^^^^^^^^^^^^^^^^^^^
    ...<6 lines>...
    )
    ^
  File "C:\Users\Usuario\AppData\Local\Programs\Python\Python314\Lib\site-packages\telegram\_bot.py", line 741, in _do_post
    result = await request.post(
             ^^^^^^^^^^^^^^^^^^^
    ...<6 lines>...
    )
    ^
  File "C:\Users\Usuario\AppData\Local\Programs\Python\Python314\Lib\site-packages\telegram\request\_baserequest.py", line 198, in post
    result = await self._request_wrapper(
             ^^^^^^^^^^^^^^^^^^^^^^^^^^^^
    ...<7 lines>...
    )
    ^
  File "C:\Users\Usuario\AppData\Local\Programs\Python\Python314\Lib\site-packages\telegram\request\_baserequest.py", line 375, in _request_wrapper
    raise exception
telegram.error.Conflict: Conflict: terminated by other getUpdates request; make sure that only one bot instance is running
2026-08-21 15:00:59,509 INFO HTTP Request: POST https://api.telegram.org/bot8853478714:AAGC7W_ilTDh48WegRYq5OPfHZpb2I3r018/getUpdates "HTTP/1.1 409 Conflict"
2026-08-21 15:00:59,510 ERROR Error no controlado en Telegram
Traceback (most recent call last):
  File "C:\Users\Usuario\AppData\Local\Programs\Python\Python314\Lib\site-packages\telegram\ext\_utils\networkloop.py", line 161, in network_retry_loop
    await do_action()
  File "C:\Users\Usuario\AppData\Local\Programs\Python\Python314\Lib\site-packages\telegram\ext\_utils\networkloop.py", line 154, in do_action
    action_cb_task.result()
    ~~~~~~~~~~~~~~~~~~~~~^^
  File "C:\Users\Usuario\AppData\Local\Programs\Python\Python314\Lib\site-packages\telegram\ext\_updater.py", line 340, in polling_action_cb
    updates = await self.bot.get_updates(
              ^^^^^^^^^^^^^^^^^^^^^^^^^^^
    ...<3 lines>...
    )
    ^
  File "C:\Users\Usuario\AppData\Local\Programs\Python\Python314\Lib\site-packages\telegram\ext\_extbot.py", line 680, in get_updates
    updates = await super().get_updates(
              ^^^^^^^^^^^^^^^^^^^^^^^^^^
    ...<9 lines>...
    )
    ^
  File "C:\Users\Usuario\AppData\Local\Programs\Python\Python314\Lib\site-packages\telegram\_bot.py", line 4767, in get_updates
    await self._post(
    ^^^^^^^^^^^^^^^^^
    ...<7 lines>...
    ),
    ^
  File "C:\Users\Usuario\AppData\Local\Programs\Python\Python314\Lib\site-packages\telegram\_bot.py", line 712, in _post
    return await self._do_post(
           ^^^^^^^^^^^^^^^^^^^^
    ...<6 lines>...
    )
    ^
  File "C:\Users\Usuario\AppData\Local\Programs\Python\Python314\Lib\site-packages\telegram\ext\_extbot.py", line 378, in _do_post
    return await super()._do_post(
           ^^^^^^^^^^^^^^^^^^^^^^^
    ...<6 lines>...
    )
    ^
  File "C:\Users\Usuario\AppData\Local\Programs\Python\Python314\Lib\site-packages\telegram\_bot.py", line 741, in _do_post
    result = await request.post(
             ^^^^^^^^^^^^^^^^^^^
    ...<6 lines>...
    )
    ^
  File "C:\Users\Usuario\AppData\Local\Programs\Python\Python314\Lib\site-packages\telegram\request\_baserequest.py", line 198, in post
    result = await self._request_wrapper(
             ^^^^^^^^^^^^^^^^^^^^^^^^^^^^
    ...<7 lines>...
    )
    ^
  File "C:\Users\Usuario\AppData\Local\Programs\Python\Python314\Lib\site-packages\telegram\request\_baserequest.py", line 375, in _request_wrapper
    raise exception
telegram.error.Conflict: Conflict: terminated by other getUpdates request; make sure that only one bot instance is running
2026-08-21 15:01:11,033 INFO HTTP Request: POST https://api.telegram.org/bot8853478714:AAGC7W_ilTDh48WegRYq5OPfHZpb2I3r018/getUpdates "HTTP/1.1 409 Conflict"
2026-08-21 15:01:11,034 ERROR Error no controlado en Telegram
Traceback (most recent call last):
  File "C:\Users\Usuario\AppData\Local\Programs\Python\Python314\Lib\site-packages\telegram\ext\_utils\networkloop.py", line 161, in network_retry_loop
    await do_action()
  File "C:\Users\Usuario\AppData\Local\Programs\Python\Python314\Lib\site-packages\telegram\ext\_utils\networkloop.py", line 154, in do_action
    action_cb_task.result()
    ~~~~~~~~~~~~~~~~~~~~~^^
  File "C:\Users\Usuario\AppData\Local\Programs\Python\Python314\Lib\site-packages\telegram\ext\_updater.py", line 340, in polling_action_cb
    updates = await self.bot.get_updates(
              ^^^^^^^^^^^^^^^^^^^^^^^^^^^
    ...<3 lines>...
    )
    ^
  File "C:\Users\Usuario\AppData\Local\Programs\Python\Python314\Lib\site-packages\telegram\ext\_extbot.py", line 680, in get_updates
    updates = await super().get_updates(
              ^^^^^^^^^^^^^^^^^^^^^^^^^^
    ...<9 lines>...
    )
    ^
  File "C:\Users\Usuario\AppData\Local\Programs\Python\Python314\Lib\site-packages\telegram\_bot.py", line 4767, in get_updates
    await self._post(
    ^^^^^^^^^^^^^^^^^
    ...<7 lines>...
    ),
    ^
  File "C:\Users\Usuario\AppData\Local\Programs\Python\Python314\Lib\site-packages\telegram\_bot.py", line 712, in _post
    return await self._do_post(
           ^^^^^^^^^^^^^^^^^^^^
    ...<6 lines>...
    )
    ^
  File "C:\Users\Usuario\AppData\Local\Programs\Python\Python314\Lib\site-packages\telegram\ext\_extbot.py", line 378, in _do_post
    return await super()._do_post(
           ^^^^^^^^^^^^^^^^^^^^^^^
    ...<6 lines>...
    )
    ^
  File "C:\Users\Usuario\AppData\Local\Programs\Python\Python314\Lib\site-packages\telegram\_bot.py", line 741, in _do_post
    result = await request.post(
             ^^^^^^^^^^^^^^^^^^^
    ...<6 lines>...
    )
    ^
  File "C:\Users\Usuario\AppData\Local\Programs\Python\Python314\Lib\site-packages\telegram\request\_baserequest.py", line 198, in post
    result = await self._request_wrapper(
             ^^^^^^^^^^^^^^^^^^^^^^^^^^^^
    ...<7 lines>...
    )
    ^
  File "C:\Users\Usuario\AppData\Local\Programs\Python\Python314\Lib\site-packages\telegram\request\_baserequest.py", line 375, in _request_wrapper
    raise exception
telegram.error.Conflict: Conflict: terminated by other getUpdates request; make sure that only one bot instance is running
2026-08-21 15:01:26,490 INFO HTTP Request: POST https://api.telegram.org/bot8853478714:AAGC7W_ilTDh48WegRYq5OPfHZpb2I3r018/getUpdates "HTTP/1.1 200 OK"
2026-08-21 15:01:28,331 INFO HTTP Request: POST https://api.telegram.org/bot8853478714:AAGC7W_ilTDh48WegRYq5OPfHZpb2I3r018/getUpdates "HTTP/1.1 409 Conflict"
2026-08-21 15:01:28,332 ERROR Error no controlado en Telegram
Traceback (most recent call last):
  File "C:\Users\Usuario\AppData\Local\Programs\Python\Python314\Lib\site-packages\telegram\ext\_utils\networkloop.py", line 161, in network_retry_loop
    await do_action()
  File "C:\Users\Usuario\AppData\Local\Programs\Python\Python314\Lib\site-packages\telegram\ext\_utils\networkloop.py", line 154, in do_action
    action_cb_task.result()
    ~~~~~~~~~~~~~~~~~~~~~^^
  File "C:\Users\Usuario\AppData\Local\Programs\Python\Python314\Lib\site-packages\telegram\ext\_updater.py", line 340, in polling_action_cb
    updates = await self.bot.get_updates(
              ^^^^^^^^^^^^^^^^^^^^^^^^^^^
    ...<3 lines>...
    )
    ^
  File "C:\Users\Usuario\AppData\Local\Programs\Python\Python314\Lib\site-packages\telegram\ext\_extbot.py", line 680, in get_updates
    updates = await super().get_updates(
              ^^^^^^^^^^^^^^^^^^^^^^^^^^
    ...<9 lines>...
    )
    ^
  File "C:\Users\Usuario\AppData\Local\Programs\Python\Python314\Lib\site-packages\telegram\_bot.py", line 4767, in get_updates
    await self._post(
    ^^^^^^^^^^^^^^^^^
    ...<7 lines>...
    ),
    ^
  File "C:\Users\Usuario\AppData\Local\Programs\Python\Python314\Lib\site-packages\telegram\_bot.py", line 712, in _post
    return await self._do_post(
           ^^^^^^^^^^^^^^^^^^^^
    ...<6 lines>...
    )
    ^
  File "C:\Users\Usuario\AppData\Local\Programs\Python\Python314\Lib\site-packages\telegram\ext\_extbot.py", line 378, in _do_post
    return await super()._do_post(
           ^^^^^^^^^^^^^^^^^^^^^^^
    ...<6 lines>...
    )
    ^
  File "C:\Users\Usuario\AppData\Local\Programs\Python\Python314\Lib\site-packages\telegram\_bot.py", line 741, in _do_post
    result = await request.post(
             ^^^^^^^^^^^^^^^^^^^
    ...<6 lines>...
    )
    ^
  File "C:\Users\Usuario\AppData\Local\Programs\Python\Python314\Lib\site-packages\telegram\request\_baserequest.py", line 198, in post
    result = await self._request_wrapper(
             ^^^^^^^^^^^^^^^^^^^^^^^^^^^^
    ...<7 lines>...
    )
    ^
  File "C:\Users\Usuario\AppData\Local\Programs\Python\Python314\Lib\site-packages\telegram\request\_baserequest.py", line 375, in _request_wrapper
    raise exception
telegram.error.Conflict: Conflict: terminated by other getUpdates request; make sure that only one bot instance is running
2026-08-21 15:14:50,775 INFO HTTP Request: POST https://api.telegram.org/bot8853478714:AAGC7W_ilTDh48WegRYq5OPfHZpb2I3r018/getMe "HTTP/1.1 200 OK"
2026-08-21 15:14:50,918 INFO HTTP Request: POST https://api.telegram.org/bot8853478714:AAGC7W_ilTDh48WegRYq5OPfHZpb2I3r018/deleteWebhook "HTTP/1.1 200 OK"
2026-08-21 15:14:50,920 INFO Application started
2026-08-21 15:15:01,343 INFO HTTP Request: POST https://api.telegram.org/bot8853478714:AAGC7W_ilTDh48WegRYq5OPfHZpb2I3r018/getUpdates "HTTP/1.1 200 OK"
2026-08-21 15:15:08,861 INFO HTTP Request: POST https://api.telegram.org/bot8853478714:AAGC7W_ilTDh48WegRYq5OPfHZpb2I3r018/getUpdates "HTTP/1.1 200 OK"
2026-08-21 15:15:08,862 INFO Application is stopping. This might take a moment.
2026-08-21 15:15:08,862 INFO Application.stop() complete
2026-08-21 15:37:18,188 INFO HTTP Request: POST https://api.telegram.org/bot8853478714:AAGC7W_ilTDh48WegRYq5OPfHZpb2I3r018/getMe "HTTP/1.1 200 OK"
2026-08-21 15:37:18,332 INFO HTTP Request: POST https://api.telegram.org/bot8853478714:AAGC7W_ilTDh48WegRYq5OPfHZpb2I3r018/deleteWebhook "HTTP/1.1 200 OK"
2026-08-21 15:37:18,335 INFO Application started
2026-08-21 15:37:22,909 INFO HTTP Request: POST https://api.telegram.org/bot8853478714:AAGC7W_ilTDh48WegRYq5OPfHZpb2I3r018/getUpdates "HTTP/1.1 409 Conflict"
2026-08-21 15:37:22,911 ERROR Error no controlado en Telegram
Traceback (most recent call last):
  File "C:\Users\Usuario\AppData\Local\Programs\Python\Python314\Lib\site-packages\telegram\ext\_utils\networkloop.py", line 161, in network_retry_loop
    await do_action()
  File "C:\Users\Usuario\AppData\Local\Programs\Python\Python314\Lib\site-packages\telegram\ext\_utils\networkloop.py", line 154, in do_action
    action_cb_task.result()
    ~~~~~~~~~~~~~~~~~~~~~^^
  File "C:\Users\Usuario\AppData\Local\Programs\Python\Python314\Lib\site-packages\telegram\ext\_updater.py", line 340, in polling_action_cb
    updates = await self.bot.get_updates(
              ^^^^^^^^^^^^^^^^^^^^^^^^^^^
    ...<3 lines>...
    )
    ^
  File "C:\Users\Usuario\AppData\Local\Programs\Python\Python314\Lib\site-packages\telegram\ext\_extbot.py", line 680, in get_updates
    updates = await super().get_updates(
              ^^^^^^^^^^^^^^^^^^^^^^^^^^
    ...<9 lines>...
    )
    ^
  File "C:\Users\Usuario\AppData\Local\Programs\Python\Python314\Lib\site-packages\telegram\_bot.py", line 4767, in get_updates
    await self._post(
    ^^^^^^^^^^^^^^^^^
    ...<7 lines>...
    ),
    ^
  File "C:\Users\Usuario\AppData\Local\Programs\Python\Python314\Lib\site-packages\telegram\_bot.py", line 712, in _post
    return await self._do_post(
           ^^^^^^^^^^^^^^^^^^^^
    ...<6 lines>...
    )
    ^
  File "C:\Users\Usuario\AppData\Local\Programs\Python\Python314\Lib\site-packages\telegram\ext\_extbot.py", line 378, in _do_post
    return await super()._do_post(
           ^^^^^^^^^^^^^^^^^^^^^^^
    ...<6 lines>...
    )
    ^
  File "C:\Users\Usuario\AppData\Local\Programs\Python\Python314\Lib\site-packages\telegram\_bot.py", line 741, in _do_post
    result = await request.post(
             ^^^^^^^^^^^^^^^^^^^
    ...<6 lines>...
    )
    ^
  File "C:\Users\Usuario\AppData\Local\Programs\Python\Python314\Lib\site-packages\telegram\request\_baserequest.py", line 198, in post
    result = await self._request_wrapper(
             ^^^^^^^^^^^^^^^^^^^^^^^^^^^^
    ...<7 lines>...
    )
    ^
  File "C:\Users\Usuario\AppData\Local\Programs\Python\Python314\Lib\site-packages\telegram\request\_baserequest.py", line 375, in _request_wrapper
    raise exception
telegram.error.Conflict: Conflict: terminated by other getUpdates request; make sure that only one bot instance is running
2026-08-21 15:37:28,705 INFO HTTP Request: POST https://api.telegram.org/bot8853478714:AAGC7W_ilTDh48WegRYq5OPfHZpb2I3r018/getUpdates "HTTP/1.1 409 Conflict"
2026-08-21 15:37:28,706 ERROR Error no controlado en Telegram
Traceback (most recent call last):
  File "C:\Users\Usuario\AppData\Local\Programs\Python\Python314\Lib\site-packages\telegram\ext\_utils\networkloop.py", line 161, in network_retry_loop
    await do_action()
  File "C:\Users\Usuario\AppData\Local\Programs\Python\Python314\Lib\site-packages\telegram\ext\_utils\networkloop.py", line 154, in do_action
    action_cb_task.result()
    ~~~~~~~~~~~~~~~~~~~~~^^
  File "C:\Users\Usuario\AppData\Local\Programs\Python\Python314\Lib\site-packages\telegram\ext\_updater.py", line 340, in polling_action_cb
    updates = await self.bot.get_updates(
              ^^^^^^^^^^^^^^^^^^^^^^^^^^^
    ...<3 lines>...
    )
    ^
  File "C:\Users\Usuario\AppData\Local\Programs\Python\Python314\Lib\site-packages\telegram\ext\_extbot.py", line 680, in get_updates
    updates = await super().get_updates(
              ^^^^^^^^^^^^^^^^^^^^^^^^^^
    ...<9 lines>...
    )
    ^
  File "C:\Users\Usuario\AppData\Local\Programs\Python\Python314\Lib\site-packages\telegram\_bot.py", line 4767, in get_updates
    await self._post(
    ^^^^^^^^^^^^^^^^^
    ...<7 lines>...
    ),
    ^
  File "C:\Users\Usuario\AppData\Local\Programs\Python\Python314\Lib\site-packages\telegram\_bot.py", line 712, in _post
    return await self._do_post(
           ^^^^^^^^^^^^^^^^^^^^
    ...<6 lines>...
    )
    ^
  File "C:\Users\Usuario\AppData\Local\Programs\Python\Python314\Lib\site-packages\telegram\ext\_extbot.py", line 378, in _do_post
    return await super()._do_post(
           ^^^^^^^^^^^^^^^^^^^^^^^
    ...<6 lines>...
    )
    ^
  File "C:\Users\Usuario\AppData\Local\Programs\Python\Python314\Lib\site-packages\telegram\_bot.py", line 741, in _do_post
    result = await request.post(
             ^^^^^^^^^^^^^^^^^^^
    ...<6 lines>...
    )
    ^
  File "C:\Users\Usuario\AppData\Local\Programs\Python\Python314\Lib\site-packages\telegram\request\_baserequest.py", line 198, in post
    result = await self._request_wrapper(
             ^^^^^^^^^^^^^^^^^^^^^^^^^^^^
    ...<7 lines>...
    )
    ^
  File "C:\Users\Usuario\AppData\Local\Programs\Python\Python314\Lib\site-packages\telegram\request\_baserequest.py", line 375, in _request_wrapper
    raise exception
telegram.error.Conflict: Conflict: terminated by other getUpdates request; make sure that only one bot instance is running
2026-08-21 15:37:34,511 INFO HTTP Request: POST https://api.telegram.org/bot8853478714:AAGC7W_ilTDh48WegRYq5OPfHZpb2I3r018/getUpdates "HTTP/1.1 409 Conflict"
2026-08-21 15:37:34,512 ERROR Error no controlado en Telegram
Traceback (most recent call last):
  File "C:\Users\Usuario\AppData\Local\Programs\Python\Python314\Lib\site-packages\telegram\ext\_utils\networkloop.py", line 161, in network_retry_loop
    await do_action()
  File "C:\Users\Usuario\AppData\Local\Programs\Python\Python314\Lib\site-packages\telegram\ext\_utils\networkloop.py", line 154, in do_action
    action_cb_task.result()
    ~~~~~~~~~~~~~~~~~~~~~^^
  File "C:\Users\Usuario\AppData\Local\Programs\Python\Python314\Lib\site-packages\telegram\ext\_updater.py", line 340, in polling_action_cb
    updates = await self.bot.get_updates(
              ^^^^^^^^^^^^^^^^^^^^^^^^^^^
    ...<3 lines>...
    )
    ^
  File "C:\Users\Usuario\AppData\Local\Programs\Python\Python314\Lib\site-packages\telegram\ext\_extbot.py", line 680, in get_updates
    updates = await super().get_updates(
              ^^^^^^^^^^^^^^^^^^^^^^^^^^
    ...<9 lines>...
    )
    ^
  File "C:\Users\Usuario\AppData\Local\Programs\Python\Python314\Lib\site-packages\telegram\_bot.py", line 4767, in get_updates
    await self._post(
    ^^^^^^^^^^^^^^^^^
    ...<7 lines>...
    ),
    ^
  File "C:\Users\Usuario\AppData\Local\Programs\Python\Python314\Lib\site-packages\telegram\_bot.py", line 712, in _post
    return await self._do_post(
           ^^^^^^^^^^^^^^^^^^^^
    ...<6 lines>...
    )
    ^
  File "C:\Users\Usuario\AppData\Local\Programs\Python\Python314\Lib\site-packages\telegram\ext\_extbot.py", line 378, in _do_post
    return await super()._do_post(
           ^^^^^^^^^^^^^^^^^^^^^^^
    ...<6 lines>...
    )
    ^
  File "C:\Users\Usuario\AppData\Local\Programs\Python\Python314\Lib\site-packages\telegram\_bot.py", line 741, in _do_post
    result = await request.post(
             ^^^^^^^^^^^^^^^^^^^
    ...<6 lines>...
    )
    ^
  File "C:\Users\Usuario\AppData\Local\Programs\Python\Python314\Lib\site-packages\telegram\request\_baserequest.py", line 198, in post
    result = await self._request_wrapper(
             ^^^^^^^^^^^^^^^^^^^^^^^^^^^^
    ...<7 lines>...
    )
    ^
  File "C:\Users\Usuario\AppData\Local\Programs\Python\Python314\Lib\site-packages\telegram\request\_baserequest.py", line 375, in _request_wrapper
    raise exception
telegram.error.Conflict: Conflict: terminated by other getUpdates request; make sure that only one bot instance is running
2026-08-21 15:37:41,556 INFO HTTP Request: POST https://api.telegram.org/bot8853478714:AAGC7W_ilTDh48WegRYq5OPfHZpb2I3r018/getUpdates "HTTP/1.1 409 Conflict"
2026-08-21 15:37:41,557 ERROR Error no controlado en Telegram
Traceback (most recent call last):
  File "C:\Users\Usuario\AppData\Local\Programs\Python\Python314\Lib\site-packages\telegram\ext\_utils\networkloop.py", line 161, in network_retry_loop
    await do_action()
  File "C:\Users\Usuario\AppData\Local\Programs\Python\Python314\Lib\site-packages\telegram\ext\_utils\networkloop.py", line 154, in do_action
    action_cb_task.result()
    ~~~~~~~~~~~~~~~~~~~~~^^
  File "C:\Users\Usuario\AppData\Local\Programs\Python\Python314\Lib\site-packages\telegram\ext\_updater.py", line 340, in polling_action_cb
    updates = await self.bot.get_updates(
              ^^^^^^^^^^^^^^^^^^^^^^^^^^^
    ...<3 lines>...
    )
    ^
  File "C:\Users\Usuario\AppData\Local\Programs\Python\Python314\Lib\site-packages\telegram\ext\_extbot.py", line 680, in get_updates
    updates = await super().get_updates(
              ^^^^^^^^^^^^^^^^^^^^^^^^^^
    ...<9 lines>...
    )
    ^
  File "C:\Users\Usuario\AppData\Local\Programs\Python\Python314\Lib\site-packages\telegram\_bot.py", line 4767, in get_updates
    await self._post(
    ^^^^^^^^^^^^^^^^^
    ...<7 lines>...
    ),
    ^
  File "C:\Users\Usuario\AppData\Local\Programs\Python\Python314\Lib\site-packages\telegram\_bot.py", line 712, in _post
    return await self._do_post(
           ^^^^^^^^^^^^^^^^^^^^
    ...<6 lines>...
    )
    ^
  File "C:\Users\Usuario\AppData\Local\Programs\Python\Python314\Lib\site-packages\telegram\ext\_extbot.py", line 378, in _do_post
    return await super()._do_post(
           ^^^^^^^^^^^^^^^^^^^^^^^
    ...<6 lines>...
    )
    ^
  File "C:\Users\Usuario\AppData\Local\Programs\Python\Python314\Lib\site-packages\telegram\_bot.py", line 741, in _do_post
    result = await request.post(
             ^^^^^^^^^^^^^^^^^^^
    ...<6 lines>...
    )
    ^
  File "C:\Users\Usuario\AppData\Local\Programs\Python\Python314\Lib\site-packages\telegram\request\_baserequest.py", line 198, in post
    result = await self._request_wrapper(
             ^^^^^^^^^^^^^^^^^^^^^^^^^^^^
    ...<7 lines>...
    )
    ^
  File "C:\Users\Usuario\AppData\Local\Programs\Python\Python314\Lib\site-packages\telegram\request\_baserequest.py", line 375, in _request_wrapper
    raise exception
telegram.error.Conflict: Conflict: terminated by other getUpdates request; make sure that only one bot instance is running
2026-08-21 15:37:50,484 INFO HTTP Request: POST https://api.telegram.org/bot8853478714:AAGC7W_ilTDh48WegRYq5OPfHZpb2I3r018/getUpdates "HTTP/1.1 409 Conflict"
2026-08-21 15:37:50,485 ERROR Error no controlado en Telegram
Traceback (most recent call last):
  File "C:\Users\Usuario\AppData\Local\Programs\Python\Python314\Lib\site-packages\telegram\ext\_utils\networkloop.py", line 161, in network_retry_loop
    await do_action()
  File "C:\Users\Usuario\AppData\Local\Programs\Python\Python314\Lib\site-packages\telegram\ext\_utils\networkloop.py", line 154, in do_action
    action_cb_task.result()
    ~~~~~~~~~~~~~~~~~~~~~^^
  File "C:\Users\Usuario\AppData\Local\Programs\Python\Python314\Lib\site-packages\telegram\ext\_updater.py", line 340, in polling_action_cb
    updates = await self.bot.get_updates(
              ^^^^^^^^^^^^^^^^^^^^^^^^^^^
    ...<3 lines>...
    )
    ^
  File "C:\Users\Usuario\AppData\Local\Programs\Python\Python314\Lib\site-packages\telegram\ext\_extbot.py", line 680, in get_updates
    updates = await super().get_updates(
              ^^^^^^^^^^^^^^^^^^^^^^^^^^
    ...<9 lines>...
    )
    ^
  File "C:\Users\Usuario\AppData\Local\Programs\Python\Python314\Lib\site-packages\telegram\_bot.py", line 4767, in get_updates
    await self._post(
    ^^^^^^^^^^^^^^^^^
    ...<7 lines>...
    ),
    ^
  File "C:\Users\Usuario\AppData\Local\Programs\Python\Python314\Lib\site-packages\telegram\_bot.py", line 712, in _post
    return await self._do_post(
           ^^^^^^^^^^^^^^^^^^^^
    ...<6 lines>...
    )
    ^
  File "C:\Users\Usuario\AppData\Local\Programs\Python\Python314\Lib\site-packages\telegram\ext\_extbot.py", line 378, in _do_post
    return await super()._do_post(
           ^^^^^^^^^^^^^^^^^^^^^^^
    ...<6 lines>...
    )
    ^
  File "C:\Users\Usuario\AppData\Local\Programs\Python\Python314\Lib\site-packages\telegram\_bot.py", line 741, in _do_post
    result = await request.post(
             ^^^^^^^^^^^^^^^^^^^
    ...<6 lines>...
    )
    ^
  File "C:\Users\Usuario\AppData\Local\Programs\Python\Python314\Lib\site-packages\telegram\request\_baserequest.py", line 198, in post
    result = await self._request_wrapper(
             ^^^^^^^^^^^^^^^^^^^^^^^^^^^^
    ...<7 lines>...
    )
    ^
  File "C:\Users\Usuario\AppData\Local\Programs\Python\Python314\Lib\site-packages\telegram\request\_baserequest.py", line 375, in _request_wrapper
    raise exception
telegram.error.Conflict: Conflict: terminated by other getUpdates request; make sure that only one bot instance is running
2026-08-21 15:37:59,475 INFO HTTP Request: POST https://api.telegram.org/bot8853478714:AAGC7W_ilTDh48WegRYq5OPfHZpb2I3r018/getUpdates "HTTP/1.1 409 Conflict"
2026-08-21 15:37:59,476 ERROR Error no controlado en Telegram
Traceback (most recent call last):
  File "C:\Users\Usuario\AppData\Local\Programs\Python\Python314\Lib\site-packages\telegram\ext\_utils\networkloop.py", line 161, in network_retry_loop
    await do_action()
  File "C:\Users\Usuario\AppData\Local\Programs\Python\Python314\Lib\site-packages\telegram\ext\_utils\networkloop.py", line 154, in do_action
    action_cb_task.result()
    ~~~~~~~~~~~~~~~~~~~~~^^
  File "C:\Users\Usuario\AppData\Local\Programs\Python\Python314\Lib\site-packages\telegram\ext\_updater.py", line 340, in polling_action_cb
    updates = await self.bot.get_updates(
              ^^^^^^^^^^^^^^^^^^^^^^^^^^^
    ...<3 lines>...
    )
    ^
  File "C:\Users\Usuario\AppData\Local\Programs\Python\Python314\Lib\site-packages\telegram\ext\_extbot.py", line 680, in get_updates
    updates = await super().get_updates(
              ^^^^^^^^^^^^^^^^^^^^^^^^^^
    ...<9 lines>...
    )
    ^
  File "C:\Users\Usuario\AppData\Local\Programs\Python\Python314\Lib\site-packages\telegram\_bot.py", line 4767, in get_updates
    await self._post(
    ^^^^^^^^^^^^^^^^^
    ...<7 lines>...
    ),
    ^
  File "C:\Users\Usuario\AppData\Local\Programs\Python\Python314\Lib\site-packages\telegram\_bot.py", line 712, in _post
    return await self._do_post(
           ^^^^^^^^^^^^^^^^^^^^
    ...<6 lines>...
    )
    ^
  File "C:\Users\Usuario\AppData\Local\Programs\Python\Python314\Lib\site-packages\telegram\ext\_extbot.py", line 378, in _do_post
    return await super()._do_post(
           ^^^^^^^^^^^^^^^^^^^^^^^
    ...<6 lines>...
    )
    ^
  File "C:\Users\Usuario\AppData\Local\Programs\Python\Python314\Lib\site-packages\telegram\_bot.py", line 741, in _do_post
    result = await request.post(
             ^^^^^^^^^^^^^^^^^^^
    ...<6 lines>...
    )
    ^
  File "C:\Users\Usuario\AppData\Local\Programs\Python\Python314\Lib\site-packages\telegram\request\_baserequest.py", line 198, in post
    result = await self._request_wrapper(
             ^^^^^^^^^^^^^^^^^^^^^^^^^^^^
    ...<7 lines>...
    )
    ^
  File "C:\Users\Usuario\AppData\Local\Programs\Python\Python314\Lib\site-packages\telegram\request\_baserequest.py", line 375, in _request_wrapper
    raise exception
telegram.error.Conflict: Conflict: terminated by other getUpdates request; make sure that only one bot instance is running
2026-08-21 15:38:07,505 INFO HTTP Request: POST https://api.telegram.org/bot8853478714:AAGC7W_ilTDh48WegRYq5OPfHZpb2I3r018/getUpdates "HTTP/1.1 200 OK"
2026-08-21 15:38:07,506 INFO Application is stopping. This might take a moment.
2026-08-21 15:38:07,506 INFO Application.stop() complete
2026-08-21 15:38:27,756 INFO HTTP Request: POST https://api.telegram.org/bot8853478714:AAGC7W_ilTDh48WegRYq5OPfHZpb2I3r018/getMe "HTTP/1.1 200 OK"
2026-08-21 15:38:27,901 INFO HTTP Request: POST https://api.telegram.org/bot8853478714:AAGC7W_ilTDh48WegRYq5OPfHZpb2I3r018/deleteWebhook "HTTP/1.1 200 OK"
2026-08-21 15:38:27,905 INFO Application started
2026-08-21 15:38:32,455 INFO HTTP Request: POST https://api.telegram.org/bot8853478714:AAGC7W_ilTDh48WegRYq5OPfHZpb2I3r018/getUpdates "HTTP/1.1 409 Conflict"
2026-08-21 15:38:32,457 ERROR Error no controlado en Telegram
Traceback (most recent call last):
  File "C:\Users\Usuario\AppData\Local\Programs\Python\Python314\Lib\site-packages\telegram\ext\_utils\networkloop.py", line 161, in network_retry_loop
    await do_action()
  File "C:\Users\Usuario\AppData\Local\Programs\Python\Python314\Lib\site-packages\telegram\ext\_utils\networkloop.py", line 154, in do_action
    action_cb_task.result()
    ~~~~~~~~~~~~~~~~~~~~~^^
  File "C:\Users\Usuario\AppData\Local\Programs\Python\Python314\Lib\site-packages\telegram\ext\_updater.py", line 340, in polling_action_cb
    updates = await self.bot.get_updates(
              ^^^^^^^^^^^^^^^^^^^^^^^^^^^
    ...<3 lines>...
    )
    ^
  File "C:\Users\Usuario\AppData\Local\Programs\Python\Python314\Lib\site-packages\telegram\ext\_extbot.py", line 680, in get_updates
    updates = await super().get_updates(
              ^^^^^^^^^^^^^^^^^^^^^^^^^^
    ...<9 lines>...
    )
    ^
  File "C:\Users\Usuario\AppData\Local\Programs\Python\Python314\Lib\site-packages\telegram\_bot.py", line 4767, in get_updates
    await self._post(
    ^^^^^^^^^^^^^^^^^
    ...<7 lines>...
    ),
    ^
  File "C:\Users\Usuario\AppData\Local\Programs\Python\Python314\Lib\site-packages\telegram\_bot.py", line 712, in _post
    return await self._do_post(
           ^^^^^^^^^^^^^^^^^^^^
    ...<6 lines>...
    )
    ^
  File "C:\Users\Usuario\AppData\Local\Programs\Python\Python314\Lib\site-packages\telegram\ext\_extbot.py", line 378, in _do_post
    return await super()._do_post(
           ^^^^^^^^^^^^^^^^^^^^^^^
    ...<6 lines>...
    )
    ^
  File "C:\Users\Usuario\AppData\Local\Programs\Python\Python314\Lib\site-packages\telegram\_bot.py", line 741, in _do_post
    result = await request.post(
             ^^^^^^^^^^^^^^^^^^^
    ...<6 lines>...
    )
    ^
  File "C:\Users\Usuario\AppData\Local\Programs\Python\Python314\Lib\site-packages\telegram\request\_baserequest.py", line 198, in post
    result = await self._request_wrapper(
             ^^^^^^^^^^^^^^^^^^^^^^^^^^^^
    ...<7 lines>...
    )
    ^
  File "C:\Users\Usuario\AppData\Local\Programs\Python\Python314\Lib\site-packages\telegram\request\_baserequest.py", line 375, in _request_wrapper
    raise exception
telegram.error.Conflict: Conflict: terminated by other getUpdates request; make sure that only one bot instance is running
2026-08-21 15:38:37,760 INFO HTTP Request: POST https://api.telegram.org/bot8853478714:AAGC7W_ilTDh48WegRYq5OPfHZpb2I3r018/getUpdates "HTTP/1.1 409 Conflict"
2026-08-21 15:38:37,762 ERROR Error no controlado en Telegram
Traceback (most recent call last):
  File "C:\Users\Usuario\AppData\Local\Programs\Python\Python314\Lib\site-packages\telegram\ext\_utils\networkloop.py", line 161, in network_retry_loop
    await do_action()
  File "C:\Users\Usuario\AppData\Local\Programs\Python\Python314\Lib\site-packages\telegram\ext\_utils\networkloop.py", line 154, in do_action
    action_cb_task.result()
    ~~~~~~~~~~~~~~~~~~~~~^^
  File "C:\Users\Usuario\AppData\Local\Programs\Python\Python314\Lib\site-packages\telegram\ext\_updater.py", line 340, in polling_action_cb
    updates = await self.bot.get_updates(
              ^^^^^^^^^^^^^^^^^^^^^^^^^^^
    ...<3 lines>...
    )
    ^
  File "C:\Users\Usuario\AppData\Local\Programs\Python\Python314\Lib\site-packages\telegram\ext\_extbot.py", line 680, in get_updates
    updates = await super().get_updates(
              ^^^^^^^^^^^^^^^^^^^^^^^^^^
    ...<9 lines>...
    )
    ^
  File "C:\Users\Usuario\AppData\Local\Programs\Python\Python314\Lib\site-packages\telegram\_bot.py", line 4767, in get_updates
    await self._post(
    ^^^^^^^^^^^^^^^^^
    ...<7 lines>...
    ),
    ^
  File "C:\Users\Usuario\AppData\Local\Programs\Python\Python314\Lib\site-packages\telegram\_bot.py", line 712, in _post
    return await self._do_post(
           ^^^^^^^^^^^^^^^^^^^^
    ...<6 lines>...
    )
    ^
  File "C:\Users\Usuario\AppData\Local\Programs\Python\Python314\Lib\site-packages\telegram\ext\_extbot.py", line 378, in _do_post
    return await super()._do_post(
           ^^^^^^^^^^^^^^^^^^^^^^^
    ...<6 lines>...
    )
    ^
  File "C:\Users\Usuario\AppData\Local\Programs\Python\Python314\Lib\site-packages\telegram\_bot.py", line 741, in _do_post
    result = await request.post(
             ^^^^^^^^^^^^^^^^^^^
    ...<6 lines>...
    )
    ^
  File "C:\Users\Usuario\AppData\Local\Programs\Python\Python314\Lib\site-packages\telegram\request\_baserequest.py", line 198, in post
    result = await self._request_wrapper(
             ^^^^^^^^^^^^^^^^^^^^^^^^^^^^
    ...<7 lines>...
    )
    ^
  File "C:\Users\Usuario\AppData\Local\Programs\Python\Python314\Lib\site-packages\telegram\request\_baserequest.py", line 375, in _request_wrapper
    raise exception
telegram.error.Conflict: Conflict: terminated by other getUpdates request; make sure that only one bot instance is running
2026-08-21 15:38:44,047 INFO HTTP Request: POST https://api.telegram.org/bot8853478714:AAGC7W_ilTDh48WegRYq5OPfHZpb2I3r018/getUpdates "HTTP/1.1 409 Conflict"
2026-08-21 15:38:44,050 ERROR Error no controlado en Telegram
Traceback (most recent call last):
  File "C:\Users\Usuario\AppData\Local\Programs\Python\Python314\Lib\site-packages\telegram\ext\_utils\networkloop.py", line 161, in network_retry_loop
    await do_action()
  File "C:\Users\Usuario\AppData\Local\Programs\Python\Python314\Lib\site-packages\telegram\ext\_utils\networkloop.py", line 154, in do_action
    action_cb_task.result()
    ~~~~~~~~~~~~~~~~~~~~~^^
  File "C:\Users\Usuario\AppData\Local\Programs\Python\Python314\Lib\site-packages\telegram\ext\_updater.py", line 340, in polling_action_cb
    updates = await self.bot.get_updates(
              ^^^^^^^^^^^^^^^^^^^^^^^^^^^
    ...<3 lines>...
    )
    ^
  File "C:\Users\Usuario\AppData\Local\Programs\Python\Python314\Lib\site-packages\telegram\ext\_extbot.py", line 680, in get_updates
    updates = await super().get_updates(
              ^^^^^^^^^^^^^^^^^^^^^^^^^^
    ...<9 lines>...
    )
    ^
  File "C:\Users\Usuario\AppData\Local\Programs\Python\Python314\Lib\site-packages\telegram\_bot.py", line 4767, in get_updates
    await self._post(
    ^^^^^^^^^^^^^^^^^
    ...<7 lines>...
    ),
    ^
  File "C:\Users\Usuario\AppData\Local\Programs\Python\Python314\Lib\site-packages\telegram\_bot.py", line 712, in _post
    return await self._do_post(
           ^^^^^^^^^^^^^^^^^^^^
    ...<6 lines>...
    )
    ^
  File "C:\Users\Usuario\AppData\Local\Programs\Python\Python314\Lib\site-packages\telegram\ext\_extbot.py", line 378, in _do_post
    return await super()._do_post(
           ^^^^^^^^^^^^^^^^^^^^^^^
    ...<6 lines>...
    )
    ^
  File "C:\Users\Usuario\AppData\Local\Programs\Python\Python314\Lib\site-packages\telegram\_bot.py", line 741, in _do_post
    result = await request.post(
             ^^^^^^^^^^^^^^^^^^^
    ...<6 lines>...
    )
    ^
  File "C:\Users\Usuario\AppData\Local\Programs\Python\Python314\Lib\site-packages\telegram\request\_baserequest.py", line 198, in post
    result = await self._request_wrapper(
             ^^^^^^^^^^^^^^^^^^^^^^^^^^^^
    ...<7 lines>...
    )
    ^
  File "C:\Users\Usuario\AppData\Local\Programs\Python\Python314\Lib\site-packages\telegram\request\_baserequest.py", line 375, in _request_wrapper
    raise exception
telegram.error.Conflict: Conflict: terminated by other getUpdates request; make sure that only one bot instance is running
2026-08-21 15:38:51,835 INFO HTTP Request: POST https://api.telegram.org/bot8853478714:AAGC7W_ilTDh48WegRYq5OPfHZpb2I3r018/getUpdates "HTTP/1.1 409 Conflict"
2026-08-21 15:38:51,838 ERROR Error no controlado en Telegram
Traceback (most recent call last):
  File "C:\Users\Usuario\AppData\Local\Programs\Python\Python314\Lib\site-packages\telegram\ext\_utils\networkloop.py", line 161, in network_retry_loop
    await do_action()
  File "C:\Users\Usuario\AppData\Local\Programs\Python\Python314\Lib\site-packages\telegram\ext\_utils\networkloop.py", line 154, in do_action
    action_cb_task.result()
    ~~~~~~~~~~~~~~~~~~~~~^^
  File "C:\Users\Usuario\AppData\Local\Programs\Python\Python314\Lib\site-packages\telegram\ext\_updater.py", line 340, in polling_action_cb
    updates = await self.bot.get_updates(
              ^^^^^^^^^^^^^^^^^^^^^^^^^^^
    ...<3 lines>...
    )
    ^
  File "C:\Users\Usuario\AppData\Local\Programs\Python\Python314\Lib\site-packages\telegram\ext\_extbot.py", line 680, in get_updates
    updates = await super().get_updates(
              ^^^^^^^^^^^^^^^^^^^^^^^^^^
    ...<9 lines>...
    )
    ^
  File "C:\Users\Usuario\AppData\Local\Programs\Python\Python314\Lib\site-packages\telegram\_bot.py", line 4767, in get_updates
    await self._post(
    ^^^^^^^^^^^^^^^^^
    ...<7 lines>...
    ),
    ^
  File "C:\Users\Usuario\AppData\Local\Programs\Python\Python314\Lib\site-packages\telegram\_bot.py", line 712, in _post
    return await self._do_post(
           ^^^^^^^^^^^^^^^^^^^^
    ...<6 lines>...
    )
    ^
  File "C:\Users\Usuario\AppData\Local\Programs\Python\Python314\Lib\site-packages\telegram\ext\_extbot.py", line 378, in _do_post
    return await super()._do_post(
           ^^^^^^^^^^^^^^^^^^^^^^^
    ...<6 lines>...
    )
    ^
  File "C:\Users\Usuario\AppData\Local\Programs\Python\Python314\Lib\site-packages\telegram\_bot.py", line 741, in _do_post
    result = await request.post(
             ^^^^^^^^^^^^^^^^^^^
    ...<6 lines>...
    )
    ^
  File "C:\Users\Usuario\AppData\Local\Programs\Python\Python314\Lib\site-packages\telegram\request\_baserequest.py", line 198, in post
    result = await self._request_wrapper(
             ^^^^^^^^^^^^^^^^^^^^^^^^^^^^
    ...<7 lines>...
    )
    ^
  File "C:\Users\Usuario\AppData\Local\Programs\Python\Python314\Lib\site-packages\telegram\request\_baserequest.py", line 375, in _request_wrapper
    raise exception
telegram.error.Conflict: Conflict: terminated by other getUpdates request; make sure that only one bot instance is running
2026-08-21 15:38:58,873 INFO HTTP Request: POST https://api.telegram.org/bot8853478714:AAGC7W_ilTDh48WegRYq5OPfHZpb2I3r018/getUpdates "HTTP/1.1 409 Conflict"
2026-08-21 15:38:58,875 ERROR Error no controlado en Telegram
Traceback (most recent call last):
  File "C:\Users\Usuario\AppData\Local\Programs\Python\Python314\Lib\site-packages\telegram\ext\_utils\networkloop.py", line 161, in network_retry_loop
    await do_action()
  File "C:\Users\Usuario\AppData\Local\Programs\Python\Python314\Lib\site-packages\telegram\ext\_utils\networkloop.py", line 154, in do_action
    action_cb_task.result()
    ~~~~~~~~~~~~~~~~~~~~~^^
  File "C:\Users\Usuario\AppData\Local\Programs\Python\Python314\Lib\site-packages\telegram\ext\_updater.py", line 340, in polling_action_cb
    updates = await self.bot.get_updates(
              ^^^^^^^^^^^^^^^^^^^^^^^^^^^
    ...<3 lines>...
    )
    ^
  File "C:\Users\Usuario\AppData\Local\Programs\Python\Python314\Lib\site-packages\telegram\ext\_extbot.py", line 680, in get_updates
    updates = await super().get_updates(
              ^^^^^^^^^^^^^^^^^^^^^^^^^^
    ...<9 lines>...
    )
    ^
  File "C:\Users\Usuario\AppData\Local\Programs\Python\Python314\Lib\site-packages\telegram\_bot.py", line 4767, in get_updates
    await self._post(
    ^^^^^^^^^^^^^^^^^
    ...<7 lines>...
    ),
    ^
  File "C:\Users\Usuario\AppData\Local\Programs\Python\Python314\Lib\site-packages\telegram\_bot.py", line 712, in _post
    return await self._do_post(
           ^^^^^^^^^^^^^^^^^^^^
    ...<6 lines>...
    )
    ^
  File "C:\Users\Usuario\AppData\Local\Programs\Python\Python314\Lib\site-packages\telegram\ext\_extbot.py", line 378, in _do_post
    return await super()._do_post(
           ^^^^^^^^^^^^^^^^^^^^^^^
    ...<6 lines>...
    )
    ^
  File "C:\Users\Usuario\AppData\Local\Programs\Python\Python314\Lib\site-packages\telegram\_bot.py", line 741, in _do_post
    result = await request.post(
             ^^^^^^^^^^^^^^^^^^^
    ...<6 lines>...
    )
    ^
  File "C:\Users\Usuario\AppData\Local\Programs\Python\Python314\Lib\site-packages\telegram\request\_baserequest.py", line 198, in post
    result = await self._request_wrapper(
             ^^^^^^^^^^^^^^^^^^^^^^^^^^^^
    ...<7 lines>...
    )
    ^
  File "C:\Users\Usuario\AppData\Local\Programs\Python\Python314\Lib\site-packages\telegram\request\_baserequest.py", line 375, in _request_wrapper
    raise exception
telegram.error.Conflict: Conflict: terminated by other getUpdates request; make sure that only one bot instance is running
2026-08-21 15:39:10,014 INFO HTTP Request: POST https://api.telegram.org/bot8853478714:AAGC7W_ilTDh48WegRYq5OPfHZpb2I3r018/getUpdates "HTTP/1.1 409 Conflict"
2026-08-21 15:39:10,016 ERROR Error no controlado en Telegram
Traceback (most recent call last):
  File "C:\Users\Usuario\AppData\Local\Programs\Python\Python314\Lib\site-packages\telegram\ext\_utils\networkloop.py", line 161, in network_retry_loop
    await do_action()
  File "C:\Users\Usuario\AppData\Local\Programs\Python\Python314\Lib\site-packages\telegram\ext\_utils\networkloop.py", line 154, in do_action
    action_cb_task.result()
    ~~~~~~~~~~~~~~~~~~~~~^^
  File "C:\Users\Usuario\AppData\Local\Programs\Python\Python314\Lib\site-packages\telegram\ext\_updater.py", line 340, in polling_action_cb
    updates = await self.bot.get_updates(
              ^^^^^^^^^^^^^^^^^^^^^^^^^^^
    ...<3 lines>...
    )
    ^
  File "C:\Users\Usuario\AppData\Local\Programs\Python\Python314\Lib\site-packages\telegram\ext\_extbot.py", line 680, in get_updates
    updates = await super().get_updates(
              ^^^^^^^^^^^^^^^^^^^^^^^^^^
    ...<9 lines>...
    )
    ^
  File "C:\Users\Usuario\AppData\Local\Programs\Python\Python314\Lib\site-packages\telegram\_bot.py", line 4767, in get_updates
    await self._post(
    ^^^^^^^^^^^^^^^^^
    ...<7 lines>...
    ),
    ^
  File "C:\Users\Usuario\AppData\Local\Programs\Python\Python314\Lib\site-packages\telegram\_bot.py", line 712, in _post
    return await self._do_post(
           ^^^^^^^^^^^^^^^^^^^^
    ...<6 lines>...
    )
    ^
  File "C:\Users\Usuario\AppData\Local\Programs\Python\Python314\Lib\site-packages\telegram\ext\_extbot.py", line 378, in _do_post
    return await super()._do_post(
           ^^^^^^^^^^^^^^^^^^^^^^^
    ...<6 lines>...
    )
    ^
  File "C:\Users\Usuario\AppData\Local\Programs\Python\Python314\Lib\site-packages\telegram\_bot.py", line 741, in _do_post
    result = await request.post(
             ^^^^^^^^^^^^^^^^^^^
    ...<6 lines>...
    )
    ^
  File "C:\Users\Usuario\AppData\Local\Programs\Python\Python314\Lib\site-packages\telegram\request\_baserequest.py", line 198, in post
    result = await self._request_wrapper(
             ^^^^^^^^^^^^^^^^^^^^^^^^^^^^
    ...<7 lines>...
    )
    ^
  File "C:\Users\Usuario\AppData\Local\Programs\Python\Python314\Lib\site-packages\telegram\request\_baserequest.py", line 375, in _request_wrapper
    raise exception
telegram.error.Conflict: Conflict: terminated by other getUpdates request; make sure that only one bot instance is running
2026-08-21 15:39:28,021 INFO HTTP Request: POST https://api.telegram.org/bot8853478714:AAGC7W_ilTDh48WegRYq5OPfHZpb2I3r018/getUpdates "HTTP/1.1 200 OK"
2026-08-21 15:39:38,163 INFO HTTP Request: POST https://api.telegram.org/bot8853478714:AAGC7W_ilTDh48WegRYq5OPfHZpb2I3r018/getUpdates "HTTP/1.1 200 OK"
2026-08-21 15:39:48,298 INFO HTTP Request: POST https://api.telegram.org/bot8853478714:AAGC7W_ilTDh48WegRYq5OPfHZpb2I3r018/getUpdates "HTTP/1.1 200 OK"
2026-08-21 15:39:58,435 INFO HTTP Request: POST https://api.telegram.org/bot8853478714:AAGC7W_ilTDh48WegRYq5OPfHZpb2I3r018/getUpdates "HTTP/1.1 200 OK"
2026-08-21 15:40:08,570 INFO HTTP Request: POST https://api.telegram.org/bot8853478714:AAGC7W_ilTDh48WegRYq5OPfHZpb2I3r018/getUpdates "HTTP/1.1 200 OK"
2026-08-21 15:40:09,181 INFO HTTP Request: POST https://api.telegram.org/bot8853478714:AAGC7W_ilTDh48WegRYq5OPfHZpb2I3r018/getUpdates "HTTP/1.1 409 Conflict"
2026-08-21 15:40:09,182 ERROR Error no controlado en Telegram
Traceback (most recent call last):
  File "C:\Users\Usuario\AppData\Local\Programs\Python\Python314\Lib\site-packages\telegram\ext\_utils\networkloop.py", line 161, in network_retry_loop
    await do_action()
  File "C:\Users\Usuario\AppData\Local\Programs\Python\Python314\Lib\site-packages\telegram\ext\_utils\networkloop.py", line 154, in do_action
    action_cb_task.result()
    ~~~~~~~~~~~~~~~~~~~~~^^
  File "C:\Users\Usuario\AppData\Local\Programs\Python\Python314\Lib\site-packages\telegram\ext\_updater.py", line 340, in polling_action_cb
    updates = await self.bot.get_updates(
              ^^^^^^^^^^^^^^^^^^^^^^^^^^^
    ...<3 lines>...
    )
    ^
  File "C:\Users\Usuario\AppData\Local\Programs\Python\Python314\Lib\site-packages\telegram\ext\_extbot.py", line 680, in get_updates
    updates = await super().get_updates(
              ^^^^^^^^^^^^^^^^^^^^^^^^^^
    ...<9 lines>...
    )
    ^
  File "C:\Users\Usuario\AppData\Local\Programs\Python\Python314\Lib\site-packages\telegram\_bot.py", line 4767, in get_updates
    await self._post(
    ^^^^^^^^^^^^^^^^^
    ...<7 lines>...
    ),
    ^
  File "C:\Users\Usuario\AppData\Local\Programs\Python\Python314\Lib\site-packages\telegram\_bot.py", line 712, in _post
    return await self._do_post(
           ^^^^^^^^^^^^^^^^^^^^
    ...<6 lines>...
    )
    ^
  File "C:\Users\Usuario\AppData\Local\Programs\Python\Python314\Lib\site-packages\telegram\ext\_extbot.py", line 378, in _do_post
    return await super()._do_post(
           ^^^^^^^^^^^^^^^^^^^^^^^
    ...<6 lines>...
    )
    ^
  File "C:\Users\Usuario\AppData\Local\Programs\Python\Python314\Lib\site-packages\telegram\_bot.py", line 741, in _do_post
    result = await request.post(
             ^^^^^^^^^^^^^^^^^^^
    ...<6 lines>...
    )
    ^
  File "C:\Users\Usuario\AppData\Local\Programs\Python\Python314\Lib\site-packages\telegram\request\_baserequest.py", line 198, in post
    result = await self._request_wrapper(
             ^^^^^^^^^^^^^^^^^^^^^^^^^^^^
    ...<7 lines>...
    )
    ^
  File "C:\Users\Usuario\AppData\Local\Programs\Python\Python314\Lib\site-packages\telegram\request\_baserequest.py", line 375, in _request_wrapper
    raise exception
telegram.error.Conflict: Conflict: terminated by other getUpdates request; make sure that only one bot instance is running
2026-08-21 15:40:14,476 INFO HTTP Request: POST https://api.telegram.org/bot8853478714:AAGC7W_ilTDh48WegRYq5OPfHZpb2I3r018/getUpdates "HTTP/1.1 409 Conflict"
2026-08-21 15:40:14,478 ERROR Error no controlado en Telegram
Traceback (most recent call last):
  File "C:\Users\Usuario\AppData\Local\Programs\Python\Python314\Lib\site-packages\telegram\ext\_utils\networkloop.py", line 161, in network_retry_loop
    await do_action()
  File "C:\Users\Usuario\AppData\Local\Programs\Python\Python314\Lib\site-packages\telegram\ext\_utils\networkloop.py", line 154, in do_action
    action_cb_task.result()
    ~~~~~~~~~~~~~~~~~~~~~^^
  File "C:\Users\Usuario\AppData\Local\Programs\Python\Python314\Lib\site-packages\telegram\ext\_updater.py", line 340, in polling_action_cb
    updates = await self.bot.get_updates(
              ^^^^^^^^^^^^^^^^^^^^^^^^^^^
    ...<3 lines>...
    )
    ^
  File "C:\Users\Usuario\AppData\Local\Programs\Python\Python314\Lib\site-packages\telegram\ext\_extbot.py", line 680, in get_updates
    updates = await super().get_updates(
              ^^^^^^^^^^^^^^^^^^^^^^^^^^
    ...<9 lines>...
    )
    ^
  File "C:\Users\Usuario\AppData\Local\Programs\Python\Python314\Lib\site-packages\telegram\_bot.py", line 4767, in get_updates
    await self._post(
    ^^^^^^^^^^^^^^^^^
    ...<7 lines>...
    ),
    ^
  File "C:\Users\Usuario\AppData\Local\Programs\Python\Python314\Lib\site-packages\telegram\_bot.py", line 712, in _post
    return await self._do_post(
           ^^^^^^^^^^^^^^^^^^^^
    ...<6 lines>...
    )
    ^
  File "C:\Users\Usuario\AppData\Local\Programs\Python\Python314\Lib\site-packages\telegram\ext\_extbot.py", line 378, in _do_post
    return await super()._do_post(
           ^^^^^^^^^^^^^^^^^^^^^^^
    ...<6 lines>...
    )
    ^
  File "C:\Users\Usuario\AppData\Local\Programs\Python\Python314\Lib\site-packages\telegram\_bot.py", line 741, in _do_post
    result = await request.post(
             ^^^^^^^^^^^^^^^^^^^
    ...<6 lines>...
    )
    ^
  File "C:\Users\Usuario\AppData\Local\Programs\Python\Python314\Lib\site-packages\telegram\request\_baserequest.py", line 198, in post
    result = await self._request_wrapper(
             ^^^^^^^^^^^^^^^^^^^^^^^^^^^^
    ...<7 lines>...
    )
    ^
  File "C:\Users\Usuario\AppData\Local\Programs\Python\Python314\Lib\site-packages\telegram\request\_baserequest.py", line 375, in _request_wrapper
    raise exception
telegram.error.Conflict: Conflict: terminated by other getUpdates request; make sure that only one bot instance is running
2026-08-21 15:40:19,887 INFO HTTP Request: POST https://api.telegram.org/bot8853478714:AAGC7W_ilTDh48WegRYq5OPfHZpb2I3r018/getUpdates "HTTP/1.1 409 Conflict"
2026-08-21 15:40:19,889 ERROR Error no controlado en Telegram
Traceback (most recent call last):
  File "C:\Users\Usuario\AppData\Local\Programs\Python\Python314\Lib\site-packages\telegram\ext\_utils\networkloop.py", line 161, in network_retry_loop
    await do_action()
  File "C:\Users\Usuario\AppData\Local\Programs\Python\Python314\Lib\site-packages\telegram\ext\_utils\networkloop.py", line 154, in do_action
    action_cb_task.result()
    ~~~~~~~~~~~~~~~~~~~~~^^
  File "C:\Users\Usuario\AppData\Local\Programs\Python\Python314\Lib\site-packages\telegram\ext\_updater.py", line 340, in polling_action_cb
    updates = await self.bot.get_updates(
              ^^^^^^^^^^^^^^^^^^^^^^^^^^^
    ...<3 lines>...
    )
    ^
  File "C:\Users\Usuario\AppData\Local\Programs\Python\Python314\Lib\site-packages\telegram\ext\_extbot.py", line 680, in get_updates
    updates = await super().get_updates(
              ^^^^^^^^^^^^^^^^^^^^^^^^^^
    ...<9 lines>...
    )
    ^
  File "C:\Users\Usuario\AppData\Local\Programs\Python\Python314\Lib\site-packages\telegram\_bot.py", line 4767, in get_updates
    await self._post(
    ^^^^^^^^^^^^^^^^^
    ...<7 lines>...
    ),
    ^
  File "C:\Users\Usuario\AppData\Local\Programs\Python\Python314\Lib\site-packages\telegram\_bot.py", line 712, in _post
    return await self._do_post(
           ^^^^^^^^^^^^^^^^^^^^
    ...<6 lines>...
    )
    ^
  File "C:\Users\Usuario\AppData\Local\Programs\Python\Python314\Lib\site-packages\telegram\ext\_extbot.py", line 378, in _do_post
    return await super()._do_post(
           ^^^^^^^^^^^^^^^^^^^^^^^
    ...<6 lines>...
    )
    ^
  File "C:\Users\Usuario\AppData\Local\Programs\Python\Python314\Lib\site-packages\telegram\_bot.py", line 741, in _do_post
    result = await request.post(
             ^^^^^^^^^^^^^^^^^^^
    ...<6 lines>...
    )
    ^
  File "C:\Users\Usuario\AppData\Local\Programs\Python\Python314\Lib\site-packages\telegram\request\_baserequest.py", line 198, in post
    result = await self._request_wrapper(
             ^^^^^^^^^^^^^^^^^^^^^^^^^^^^
    ...<7 lines>...
    )
    ^
  File "C:\Users\Usuario\AppData\Local\Programs\Python\Python314\Lib\site-packages\telegram\request\_baserequest.py", line 375, in _request_wrapper
    raise exception
telegram.error.Conflict: Conflict: terminated by other getUpdates request; make sure that only one bot instance is running
2026-08-21 15:40:27,674 INFO HTTP Request: POST https://api.telegram.org/bot8853478714:AAGC7W_ilTDh48WegRYq5OPfHZpb2I3r018/getUpdates "HTTP/1.1 409 Conflict"
2026-08-21 15:40:27,676 ERROR Error no controlado en Telegram
Traceback (most recent call last):
  File "C:\Users\Usuario\AppData\Local\Programs\Python\Python314\Lib\site-packages\telegram\ext\_utils\networkloop.py", line 161, in network_retry_loop
    await do_action()
  File "C:\Users\Usuario\AppData\Local\Programs\Python\Python314\Lib\site-packages\telegram\ext\_utils\networkloop.py", line 154, in do_action
    action_cb_task.result()
    ~~~~~~~~~~~~~~~~~~~~~^^
  File "C:\Users\Usuario\AppData\Local\Programs\Python\Python314\Lib\site-packages\telegram\ext\_updater.py", line 340, in polling_action_cb
    updates = await self.bot.get_updates(
              ^^^^^^^^^^^^^^^^^^^^^^^^^^^
    ...<3 lines>...
    )
    ^
  File "C:\Users\Usuario\AppData\Local\Programs\Python\Python314\Lib\site-packages\telegram\ext\_extbot.py", line 680, in get_updates
    updates = await super().get_updates(
              ^^^^^^^^^^^^^^^^^^^^^^^^^^
    ...<9 lines>...
    )
    ^
  File "C:\Users\Usuario\AppData\Local\Programs\Python\Python314\Lib\site-packages\telegram\_bot.py", line 4767, in get_updates
    await self._post(
    ^^^^^^^^^^^^^^^^^
    ...<7 lines>...
    ),
    ^
  File "C:\Users\Usuario\AppData\Local\Programs\Python\Python314\Lib\site-packages\telegram\_bot.py", line 712, in _post
    return await self._do_post(
           ^^^^^^^^^^^^^^^^^^^^
    ...<6 lines>...
    )
    ^
  File "C:\Users\Usuario\AppData\Local\Programs\Python\Python314\Lib\site-packages\telegram\ext\_extbot.py", line 378, in _do_post
    return await super()._do_post(
           ^^^^^^^^^^^^^^^^^^^^^^^
    ...<6 lines>...
    )
    ^
  File "C:\Users\Usuario\AppData\Local\Programs\Python\Python314\Lib\site-packages\telegram\_bot.py", line 741, in _do_post
    result = await request.post(
             ^^^^^^^^^^^^^^^^^^^
    ...<6 lines>...
    )
    ^
  File "C:\Users\Usuario\AppData\Local\Programs\Python\Python314\Lib\site-packages\telegram\request\_baserequest.py", line 198, in post
    result = await self._request_wrapper(
             ^^^^^^^^^^^^^^^^^^^^^^^^^^^^
    ...<7 lines>...
    )
    ^
  File "C:\Users\Usuario\AppData\Local\Programs\Python\Python314\Lib\site-packages\telegram\request\_baserequest.py", line 375, in _request_wrapper
    raise exception
telegram.error.Conflict: Conflict: terminated by other getUpdates request; make sure that only one bot instance is running
2026-08-21 15:40:34,721 INFO HTTP Request: POST https://api.telegram.org/bot8853478714:AAGC7W_ilTDh48WegRYq5OPfHZpb2I3r018/getUpdates "HTTP/1.1 409 Conflict"
2026-08-21 15:40:34,723 ERROR Error no controlado en Telegram
Traceback (most recent call last):
  File "C:\Users\Usuario\AppData\Local\Programs\Python\Python314\Lib\site-packages\telegram\ext\_utils\networkloop.py", line 161, in network_retry_loop
    await do_action()
  File "C:\Users\Usuario\AppData\Local\Programs\Python\Python314\Lib\site-packages\telegram\ext\_utils\networkloop.py", line 154, in do_action
    action_cb_task.result()
    ~~~~~~~~~~~~~~~~~~~~~^^
  File "C:\Users\Usuario\AppData\Local\Programs\Python\Python314\Lib\site-packages\telegram\ext\_updater.py", line 340, in polling_action_cb
    updates = await self.bot.get_updates(
              ^^^^^^^^^^^^^^^^^^^^^^^^^^^
    ...<3 lines>...
    )
    ^
  File "C:\Users\Usuario\AppData\Local\Programs\Python\Python314\Lib\site-packages\telegram\ext\_extbot.py", line 680, in get_updates
    updates = await super().get_updates(
              ^^^^^^^^^^^^^^^^^^^^^^^^^^
    ...<9 lines>...
    )
    ^
  File "C:\Users\Usuario\AppData\Local\Programs\Python\Python314\Lib\site-packages\telegram\_bot.py", line 4767, in get_updates
    await self._post(
    ^^^^^^^^^^^^^^^^^
    ...<7 lines>...
    ),
    ^
  File "C:\Users\Usuario\AppData\Local\Programs\Python\Python314\Lib\site-packages\telegram\_bot.py", line 712, in _post
    return await self._do_post(
           ^^^^^^^^^^^^^^^^^^^^
    ...<6 lines>...
    )
    ^
  File "C:\Users\Usuario\AppData\Local\Programs\Python\Python314\Lib\site-packages\telegram\ext\_extbot.py", line 378, in _do_post
    return await super()._do_post(
           ^^^^^^^^^^^^^^^^^^^^^^^
    ...<6 lines>...
    )
    ^
  File "C:\Users\Usuario\AppData\Local\Programs\Python\Python314\Lib\site-packages\telegram\_bot.py", line 741, in _do_post
    result = await request.post(
             ^^^^^^^^^^^^^^^^^^^
    ...<6 lines>...
    )
    ^
  File "C:\Users\Usuario\AppData\Local\Programs\Python\Python314\Lib\site-packages\telegram\request\_baserequest.py", line 198, in post
    result = await self._request_wrapper(
             ^^^^^^^^^^^^^^^^^^^^^^^^^^^^
    ...<7 lines>...
    )
    ^
  File "C:\Users\Usuario\AppData\Local\Programs\Python\Python314\Lib\site-packages\telegram\request\_baserequest.py", line 375, in _request_wrapper
    raise exception
telegram.error.Conflict: Conflict: terminated by other getUpdates request; make sure that only one bot instance is running
2026-08-21 15:40:45,800 INFO HTTP Request: POST https://api.telegram.org/bot8853478714:AAGC7W_ilTDh48WegRYq5OPfHZpb2I3r018/getUpdates "HTTP/1.1 409 Conflict"
2026-08-21 15:40:45,801 ERROR Error no controlado en Telegram
Traceback (most recent call last):
  File "C:\Users\Usuario\AppData\Local\Programs\Python\Python314\Lib\site-packages\telegram\ext\_utils\networkloop.py", line 161, in network_retry_loop
    await do_action()
  File "C:\Users\Usuario\AppData\Local\Programs\Python\Python314\Lib\site-packages\telegram\ext\_utils\networkloop.py", line 154, in do_action
    action_cb_task.result()
    ~~~~~~~~~~~~~~~~~~~~~^^
  File "C:\Users\Usuario\AppData\Local\Programs\Python\Python314\Lib\site-packages\telegram\ext\_updater.py", line 340, in polling_action_cb
    updates = await self.bot.get_updates(
              ^^^^^^^^^^^^^^^^^^^^^^^^^^^
    ...<3 lines>...
    )
    ^
  File "C:\Users\Usuario\AppData\Local\Programs\Python\Python314\Lib\site-packages\telegram\ext\_extbot.py", line 680, in get_updates
    updates = await super().get_updates(
              ^^^^^^^^^^^^^^^^^^^^^^^^^^
    ...<9 lines>...
    )
    ^
  File "C:\Users\Usuario\AppData\Local\Programs\Python\Python314\Lib\site-packages\telegram\_bot.py", line 4767, in get_updates
    await self._post(
    ^^^^^^^^^^^^^^^^^
    ...<7 lines>...
    ),
    ^
  File "C:\Users\Usuario\AppData\Local\Programs\Python\Python314\Lib\site-packages\telegram\_bot.py", line 712, in _post
    return await self._do_post(
           ^^^^^^^^^^^^^^^^^^^^
    ...<6 lines>...
    )
    ^
  File "C:\Users\Usuario\AppData\Local\Programs\Python\Python314\Lib\site-packages\telegram\ext\_extbot.py", line 378, in _do_post
    return await super()._do_post(
           ^^^^^^^^^^^^^^^^^^^^^^^
    ...<6 lines>...
    )
    ^
  File "C:\Users\Usuario\AppData\Local\Programs\Python\Python314\Lib\site-packages\telegram\_bot.py", line 741, in _do_post
    result = await request.post(
             ^^^^^^^^^^^^^^^^^^^
    ...<6 lines>...
    )
    ^
  File "C:\Users\Usuario\AppData\Local\Programs\Python\Python314\Lib\site-packages\telegram\request\_baserequest.py", line 198, in post
    result = await self._request_wrapper(
             ^^^^^^^^^^^^^^^^^^^^^^^^^^^^
    ...<7 lines>...
    )
    ^
  File "C:\Users\Usuario\AppData\Local\Programs\Python\Python314\Lib\site-packages\telegram\request\_baserequest.py", line 375, in _request_wrapper
    raise exception
telegram.error.Conflict: Conflict: terminated by other getUpdates request; make sure that only one bot instance is running
2026-08-21 15:40:53,818 INFO HTTP Request: POST https://api.telegram.org/bot8853478714:AAGC7W_ilTDh48WegRYq5OPfHZpb2I3r018/getUpdates "HTTP/1.1 200 OK"
2026-08-21 15:40:53,819 INFO Application is stopping. This might take a moment.
2026-08-21 15:40:53,819 INFO Application.stop() complete
2026-08-21 15:40:58,598 INFO HTTP Request: POST https://api.telegram.org/bot8853478714:AAGC7W_ilTDh48WegRYq5OPfHZpb2I3r018/getMe "HTTP/1.1 200 OK"
2026-08-21 15:40:58,735 INFO HTTP Request: POST https://api.telegram.org/bot8853478714:AAGC7W_ilTDh48WegRYq5OPfHZpb2I3r018/deleteWebhook "HTTP/1.1 200 OK"
2026-08-21 15:40:58,737 INFO Application started
2026-08-21 15:41:03,787 INFO HTTP Request: POST https://api.telegram.org/bot8853478714:AAGC7W_ilTDh48WegRYq5OPfHZpb2I3r018/getUpdates "HTTP/1.1 409 Conflict"
2026-08-21 15:41:03,789 ERROR Error no controlado en Telegram
Traceback (most recent call last):
  File "C:\Users\Usuario\AppData\Local\Programs\Python\Python314\Lib\site-packages\telegram\ext\_utils\networkloop.py", line 161, in network_retry_loop
    await do_action()
  File "C:\Users\Usuario\AppData\Local\Programs\Python\Python314\Lib\site-packages\telegram\ext\_utils\networkloop.py", line 154, in do_action
    action_cb_task.result()
    ~~~~~~~~~~~~~~~~~~~~~^^
  File "C:\Users\Usuario\AppData\Local\Programs\Python\Python314\Lib\site-packages\telegram\ext\_updater.py", line 340, in polling_action_cb
    updates = await self.bot.get_updates(
              ^^^^^^^^^^^^^^^^^^^^^^^^^^^
    ...<3 lines>...
    )
    ^
  File "C:\Users\Usuario\AppData\Local\Programs\Python\Python314\Lib\site-packages\telegram\ext\_extbot.py", line 680, in get_updates
    updates = await super().get_updates(
              ^^^^^^^^^^^^^^^^^^^^^^^^^^
    ...<9 lines>...
    )
    ^
  File "C:\Users\Usuario\AppData\Local\Programs\Python\Python314\Lib\site-packages\telegram\_bot.py", line 4767, in get_updates
    await self._post(
    ^^^^^^^^^^^^^^^^^
    ...<7 lines>...
    ),
    ^
  File "C:\Users\Usuario\AppData\Local\Programs\Python\Python314\Lib\site-packages\telegram\_bot.py", line 712, in _post
    return await self._do_post(
           ^^^^^^^^^^^^^^^^^^^^
    ...<6 lines>...
    )
    ^
  File "C:\Users\Usuario\AppData\Local\Programs\Python\Python314\Lib\site-packages\telegram\ext\_extbot.py", line 378, in _do_post
    return await super()._do_post(
           ^^^^^^^^^^^^^^^^^^^^^^^
    ...<6 lines>...
    )
    ^
  File "C:\Users\Usuario\AppData\Local\Programs\Python\Python314\Lib\site-packages\telegram\_bot.py", line 741, in _do_post
    result = await request.post(
             ^^^^^^^^^^^^^^^^^^^
    ...<6 lines>...
    )
    ^
  File "C:\Users\Usuario\AppData\Local\Programs\Python\Python314\Lib\site-packages\telegram\request\_baserequest.py", line 198, in post
    result = await self._request_wrapper(
             ^^^^^^^^^^^^^^^^^^^^^^^^^^^^
    ...<7 lines>...
    )
    ^
  File "C:\Users\Usuario\AppData\Local\Programs\Python\Python314\Lib\site-packages\telegram\request\_baserequest.py", line 375, in _request_wrapper
    raise exception
telegram.error.Conflict: Conflict: terminated by other getUpdates request; make sure that only one bot instance is running
2026-08-21 15:41:07,295 INFO HTTP Request: POST https://api.telegram.org/bot8853478714:AAGC7W_ilTDh48WegRYq5OPfHZpb2I3r018/getUpdates "HTTP/1.1 200 OK"
2026-08-21 15:41:07,839 INFO HTTP Request: POST https://api.telegram.org/bot8853478714:AAGC7W_ilTDh48WegRYq5OPfHZpb2I3r018/sendMessage "HTTP/1.1 200 OK"
2026-08-21 15:41:08,447 INFO HTTP Request: POST https://api.telegram.org/bot8853478714:AAGC7W_ilTDh48WegRYq5OPfHZpb2I3r018/editMessageText "HTTP/1.1 200 OK"
2026-08-21 15:41:10,328 INFO HTTP Request: POST https://api.telegram.org/bot8853478714:AAGC7W_ilTDh48WegRYq5OPfHZpb2I3r018/getUpdates "HTTP/1.1 409 Conflict"
2026-08-21 15:41:10,329 ERROR Error no controlado en Telegram
Traceback (most recent call last):
  File "C:\Users\Usuario\AppData\Local\Programs\Python\Python314\Lib\site-packages\telegram\ext\_utils\networkloop.py", line 161, in network_retry_loop
    await do_action()
  File "C:\Users\Usuario\AppData\Local\Programs\Python\Python314\Lib\site-packages\telegram\ext\_utils\networkloop.py", line 154, in do_action
    action_cb_task.result()
    ~~~~~~~~~~~~~~~~~~~~~^^
  File "C:\Users\Usuario\AppData\Local\Programs\Python\Python314\Lib\site-packages\telegram\ext\_updater.py", line 340, in polling_action_cb
    updates = await self.bot.get_updates(
              ^^^^^^^^^^^^^^^^^^^^^^^^^^^
    ...<3 lines>...
    )
    ^
  File "C:\Users\Usuario\AppData\Local\Programs\Python\Python314\Lib\site-packages\telegram\ext\_extbot.py", line 680, in get_updates
    updates = await super().get_updates(
              ^^^^^^^^^^^^^^^^^^^^^^^^^^
    ...<9 lines>...
    )
    ^
  File "C:\Users\Usuario\AppData\Local\Programs\Python\Python314\Lib\site-packages\telegram\_bot.py", line 4767, in get_updates
    await self._post(
    ^^^^^^^^^^^^^^^^^
    ...<7 lines>...
    ),
    ^
  File "C:\Users\Usuario\AppData\Local\Programs\Python\Python314\Lib\site-packages\telegram\_bot.py", line 712, in _post
    return await self._do_post(
           ^^^^^^^^^^^^^^^^^^^^
    ...<6 lines>...
    )
    ^
  File "C:\Users\Usuario\AppData\Local\Programs\Python\Python314\Lib\site-packages\telegram\ext\_extbot.py", line 378, in _do_post
    return await super()._do_post(
           ^^^^^^^^^^^^^^^^^^^^^^^
    ...<6 lines>...
    )
    ^
  File "C:\Users\Usuario\AppData\Local\Programs\Python\Python314\Lib\site-packages\telegram\_bot.py", line 741, in _do_post
    result = await request.post(
             ^^^^^^^^^^^^^^^^^^^
    ...<6 lines>...
    )
    ^
  File "C:\Users\Usuario\AppData\Local\Programs\Python\Python314\Lib\site-packages\telegram\request\_baserequest.py", line 198, in post
    result = await self._request_wrapper(
             ^^^^^^^^^^^^^^^^^^^^^^^^^^^^
    ...<7 lines>...
    )
    ^
  File "C:\Users\Usuario\AppData\Local\Programs\Python\Python314\Lib\site-packages\telegram\request\_baserequest.py", line 375, in _request_wrapper
    raise exception
telegram.error.Conflict: Conflict: terminated by other getUpdates request; make sure that only one bot instance is running
2026-08-21 15:41:13,923 INFO HTTP Request: POST https://api.telegram.org/bot8853478714:AAGC7W_ilTDh48WegRYq5OPfHZpb2I3r018/getUpdates "HTTP/1.1 409 Conflict"
2026-08-21 15:41:13,924 ERROR Error no controlado en Telegram
Traceback (most recent call last):
  File "C:\Users\Usuario\AppData\Local\Programs\Python\Python314\Lib\site-packages\telegram\ext\_utils\networkloop.py", line 161, in network_retry_loop
    await do_action()
  File "C:\Users\Usuario\AppData\Local\Programs\Python\Python314\Lib\site-packages\telegram\ext\_utils\networkloop.py", line 154, in do_action
    action_cb_task.result()
    ~~~~~~~~~~~~~~~~~~~~~^^
  File "C:\Users\Usuario\AppData\Local\Programs\Python\Python314\Lib\site-packages\telegram\ext\_updater.py", line 340, in polling_action_cb
    updates = await self.bot.get_updates(
              ^^^^^^^^^^^^^^^^^^^^^^^^^^^
    ...<3 lines>...
    )
    ^
  File "C:\Users\Usuario\AppData\Local\Programs\Python\Python314\Lib\site-packages\telegram\ext\_extbot.py", line 680, in get_updates
    updates = await super().get_updates(
              ^^^^^^^^^^^^^^^^^^^^^^^^^^
    ...<9 lines>...
    )
    ^
  File "C:\Users\Usuario\AppData\Local\Programs\Python\Python314\Lib\site-packages\telegram\_bot.py", line 4767, in get_updates
    await self._post(
    ^^^^^^^^^^^^^^^^^
    ...<7 lines>...
    ),
    ^
  File "C:\Users\Usuario\AppData\Local\Programs\Python\Python314\Lib\site-packages\telegram\_bot.py", line 712, in _post
    return await self._do_post(
           ^^^^^^^^^^^^^^^^^^^^
    ...<6 lines>...
    )
    ^
  File "C:\Users\Usuario\AppData\Local\Programs\Python\Python314\Lib\site-packages\telegram\ext\_extbot.py", line 378, in _do_post
    return await super()._do_post(
           ^^^^^^^^^^^^^^^^^^^^^^^
    ...<6 lines>...
    )
    ^
  File "C:\Users\Usuario\AppData\Local\Programs\Python\Python314\Lib\site-packages\telegram\_bot.py", line 741, in _do_post
    result = await request.post(
             ^^^^^^^^^^^^^^^^^^^
    ...<6 lines>...
    )
    ^
  File "C:\Users\Usuario\AppData\Local\Programs\Python\Python314\Lib\site-packages\telegram\request\_baserequest.py", line 198, in post
    result = await self._request_wrapper(
             ^^^^^^^^^^^^^^^^^^^^^^^^^^^^
    ...<7 lines>...
    )
    ^
  File "C:\Users\Usuario\AppData\Local\Programs\Python\Python314\Lib\site-packages\telegram\request\_baserequest.py", line 375, in _request_wrapper
    raise exception
telegram.error.Conflict: Conflict: terminated by other getUpdates request; make sure that only one bot instance is running
2026-08-21 15:41:17,983 INFO HTTP Request: POST https://api.telegram.org/bot8853478714:AAGC7W_ilTDh48WegRYq5OPfHZpb2I3r018/getUpdates "HTTP/1.1 409 Conflict"
2026-08-21 15:41:17,984 ERROR Error no controlado en Telegram
Traceback (most recent call last):
  File "C:\Users\Usuario\AppData\Local\Programs\Python\Python314\Lib\site-packages\telegram\ext\_utils\networkloop.py", line 161, in network_retry_loop
    await do_action()
  File "C:\Users\Usuario\AppData\Local\Programs\Python\Python314\Lib\site-packages\telegram\ext\_utils\networkloop.py", line 154, in do_action
    action_cb_task.result()
    ~~~~~~~~~~~~~~~~~~~~~^^
  File "C:\Users\Usuario\AppData\Local\Programs\Python\Python314\Lib\site-packages\telegram\ext\_updater.py", line 340, in polling_action_cb
    updates = await self.bot.get_updates(
              ^^^^^^^^^^^^^^^^^^^^^^^^^^^
    ...<3 lines>...
    )
    ^
  File "C:\Users\Usuario\AppData\Local\Programs\Python\Python314\Lib\site-packages\telegram\ext\_extbot.py", line 680, in get_updates
    updates = await super().get_updates(
              ^^^^^^^^^^^^^^^^^^^^^^^^^^
    ...<9 lines>...
    )
    ^
  File "C:\Users\Usuario\AppData\Local\Programs\Python\Python314\Lib\site-packages\telegram\_bot.py", line 4767, in get_updates
    await self._post(
    ^^^^^^^^^^^^^^^^^
    ...<7 lines>...
    ),
    ^
  File "C:\Users\Usuario\AppData\Local\Programs\Python\Python314\Lib\site-packages\telegram\_bot.py", line 712, in _post
    return await self._do_post(
           ^^^^^^^^^^^^^^^^^^^^
    ...<6 lines>...
    )
    ^
  File "C:\Users\Usuario\AppData\Local\Programs\Python\Python314\Lib\site-packages\telegram\ext\_extbot.py", line 378, in _do_post
    return await super()._do_post(
           ^^^^^^^^^^^^^^^^^^^^^^^
    ...<6 lines>...
    )
    ^
  File "C:\Users\Usuario\AppData\Local\Programs\Python\Python314\Lib\site-packages\telegram\_bot.py", line 741, in _do_post
    result = await request.post(
             ^^^^^^^^^^^^^^^^^^^
    ...<6 lines>...
    )
    ^
  File "C:\Users\Usuario\AppData\Local\Programs\Python\Python314\Lib\site-packages\telegram\request\_baserequest.py", line 198, in post
    result = await self._request_wrapper(
             ^^^^^^^^^^^^^^^^^^^^^^^^^^^^
    ...<7 lines>...
    )
    ^
  File "C:\Users\Usuario\AppData\Local\Programs\Python\Python314\Lib\site-packages\telegram\request\_baserequest.py", line 375, in _request_wrapper
    raise exception
telegram.error.Conflict: Conflict: terminated by other getUpdates request; make sure that only one bot instance is running
2026-08-21 15:41:28,910 INFO HTTP Request: POST https://api.telegram.org/bot8853478714:AAGC7W_ilTDh48WegRYq5OPfHZpb2I3r018/getUpdates "HTTP/1.1 409 Conflict"
2026-08-21 15:41:28,912 ERROR Error no controlado en Telegram
Traceback (most recent call last):
  File "C:\Users\Usuario\AppData\Local\Programs\Python\Python314\Lib\site-packages\telegram\ext\_utils\networkloop.py", line 161, in network_retry_loop
    await do_action()
  File "C:\Users\Usuario\AppData\Local\Programs\Python\Python314\Lib\site-packages\telegram\ext\_utils\networkloop.py", line 154, in do_action
    action_cb_task.result()
    ~~~~~~~~~~~~~~~~~~~~~^^
  File "C:\Users\Usuario\AppData\Local\Programs\Python\Python314\Lib\site-packages\telegram\ext\_updater.py", line 340, in polling_action_cb
    updates = await self.bot.get_updates(
              ^^^^^^^^^^^^^^^^^^^^^^^^^^^
    ...<3 lines>...
    )
    ^
  File "C:\Users\Usuario\AppData\Local\Programs\Python\Python314\Lib\site-packages\telegram\ext\_extbot.py", line 680, in get_updates
    updates = await super().get_updates(
              ^^^^^^^^^^^^^^^^^^^^^^^^^^
    ...<9 lines>...
    )
    ^
  File "C:\Users\Usuario\AppData\Local\Programs\Python\Python314\Lib\site-packages\telegram\_bot.py", line 4767, in get_updates
    await self._post(
    ^^^^^^^^^^^^^^^^^
    ...<7 lines>...
    ),
    ^
  File "C:\Users\Usuario\AppData\Local\Programs\Python\Python314\Lib\site-packages\telegram\_bot.py", line 712, in _post
    return await self._do_post(
           ^^^^^^^^^^^^^^^^^^^^
    ...<6 lines>...
    )
    ^
  File "C:\Users\Usuario\AppData\Local\Programs\Python\Python314\Lib\site-packages\telegram\ext\_extbot.py", line 378, in _do_post
    return await super()._do_post(
           ^^^^^^^^^^^^^^^^^^^^^^^
    ...<6 lines>...
    )
    ^
  File "C:\Users\Usuario\AppData\Local\Programs\Python\Python314\Lib\site-packages\telegram\_bot.py", line 741, in _do_post
    result = await request.post(
             ^^^^^^^^^^^^^^^^^^^
    ...<6 lines>...
    )
    ^
  File "C:\Users\Usuario\AppData\Local\Programs\Python\Python314\Lib\site-packages\telegram\request\_baserequest.py", line 198, in post
    result = await self._request_wrapper(
             ^^^^^^^^^^^^^^^^^^^^^^^^^^^^
    ...<7 lines>...
    )
    ^
  File "C:\Users\Usuario\AppData\Local\Programs\Python\Python314\Lib\site-packages\telegram\request\_baserequest.py", line 375, in _request_wrapper
    raise exception
telegram.error.Conflict: Conflict: terminated by other getUpdates request; make sure that only one bot instance is running
2026-08-21 15:41:34,205 INFO HTTP Request: POST https://api.telegram.org/bot8853478714:AAGC7W_ilTDh48WegRYq5OPfHZpb2I3r018/getMe "HTTP/1.1 200 OK"
2026-08-21 15:41:34,343 INFO HTTP Request: POST https://api.telegram.org/bot8853478714:AAGC7W_ilTDh48WegRYq5OPfHZpb2I3r018/deleteWebhook "HTTP/1.1 200 OK"
2026-08-21 15:41:34,346 INFO Application started
2026-08-21 15:41:36,143 INFO HTTP Request: POST https://api.telegram.org/bot8853478714:AAGC7W_ilTDh48WegRYq5OPfHZpb2I3r018/getUpdates "HTTP/1.1 409 Conflict"
2026-08-21 15:41:36,144 ERROR Error no controlado en Telegram
Traceback (most recent call last):
  File "C:\Users\Usuario\AppData\Local\Programs\Python\Python314\Lib\site-packages\telegram\ext\_utils\networkloop.py", line 161, in network_retry_loop
    await do_action()
  File "C:\Users\Usuario\AppData\Local\Programs\Python\Python314\Lib\site-packages\telegram\ext\_utils\networkloop.py", line 154, in do_action
    action_cb_task.result()
    ~~~~~~~~~~~~~~~~~~~~~^^
  File "C:\Users\Usuario\AppData\Local\Programs\Python\Python314\Lib\site-packages\telegram\ext\_updater.py", line 340, in polling_action_cb
    updates = await self.bot.get_updates(
              ^^^^^^^^^^^^^^^^^^^^^^^^^^^
    ...<3 lines>...
    )
    ^
  File "C:\Users\Usuario\AppData\Local\Programs\Python\Python314\Lib\site-packages\telegram\ext\_extbot.py", line 680, in get_updates
    updates = await super().get_updates(
              ^^^^^^^^^^^^^^^^^^^^^^^^^^
    ...<9 lines>...
    )
    ^
  File "C:\Users\Usuario\AppData\Local\Programs\Python\Python314\Lib\site-packages\telegram\_bot.py", line 4767, in get_updates
    await self._post(
    ^^^^^^^^^^^^^^^^^
    ...<7 lines>...
    ),
    ^
  File "C:\Users\Usuario\AppData\Local\Programs\Python\Python314\Lib\site-packages\telegram\_bot.py", line 712, in _post
    return await self._do_post(
           ^^^^^^^^^^^^^^^^^^^^
    ...<6 lines>...
    )
    ^
  File "C:\Users\Usuario\AppData\Local\Programs\Python\Python314\Lib\site-packages\telegram\ext\_extbot.py", line 378, in _do_post
    return await super()._do_post(
           ^^^^^^^^^^^^^^^^^^^^^^^
    ...<6 lines>...
    )
    ^
  File "C:\Users\Usuario\AppData\Local\Programs\Python\Python314\Lib\site-packages\telegram\_bot.py", line 741, in _do_post
    result = await request.post(
             ^^^^^^^^^^^^^^^^^^^
    ...<6 lines>...
    )
    ^
  File "C:\Users\Usuario\AppData\Local\Programs\Python\Python314\Lib\site-packages\telegram\request\_baserequest.py", line 198, in post
    result = await self._request_wrapper(
             ^^^^^^^^^^^^^^^^^^^^^^^^^^^^
    ...<7 lines>...
    )
    ^
  File "C:\Users\Usuario\AppData\Local\Programs\Python\Python314\Lib\site-packages\telegram\request\_baserequest.py", line 375, in _request_wrapper
    raise exception
telegram.error.Conflict: Conflict: terminated by other getUpdates request; make sure that only one bot instance is running
2026-08-21 15:41:37,784 INFO HTTP Request: POST https://api.telegram.org/bot8853478714:AAGC7W_ilTDh48WegRYq5OPfHZpb2I3r018/getUpdates "HTTP/1.1 409 Conflict"
2026-08-21 15:41:37,786 ERROR Error no controlado en Telegram
Traceback (most recent call last):
  File "C:\Users\Usuario\AppData\Local\Programs\Python\Python314\Lib\site-packages\telegram\ext\_utils\networkloop.py", line 161, in network_retry_loop
    await do_action()
  File "C:\Users\Usuario\AppData\Local\Programs\Python\Python314\Lib\site-packages\telegram\ext\_utils\networkloop.py", line 154, in do_action
    action_cb_task.result()
    ~~~~~~~~~~~~~~~~~~~~~^^
  File "C:\Users\Usuario\AppData\Local\Programs\Python\Python314\Lib\site-packages\telegram\ext\_updater.py", line 340, in polling_action_cb
    updates = await self.bot.get_updates(
              ^^^^^^^^^^^^^^^^^^^^^^^^^^^
    ...<3 lines>...
    )
    ^
  File "C:\Users\Usuario\AppData\Local\Programs\Python\Python314\Lib\site-packages\telegram\ext\_extbot.py", line 680, in get_updates
    updates = await super().get_updates(
              ^^^^^^^^^^^^^^^^^^^^^^^^^^
    ...<9 lines>...
    )
    ^
  File "C:\Users\Usuario\AppData\Local\Programs\Python\Python314\Lib\site-packages\telegram\_bot.py", line 4767, in get_updates
    await self._post(
    ^^^^^^^^^^^^^^^^^
    ...<7 lines>...
    ),
    ^
  File "C:\Users\Usuario\AppData\Local\Programs\Python\Python314\Lib\site-packages\telegram\_bot.py", line 712, in _post
    return await self._do_post(
           ^^^^^^^^^^^^^^^^^^^^
    ...<6 lines>...
    )
    ^
  File "C:\Users\Usuario\AppData\Local\Programs\Python\Python314\Lib\site-packages\telegram\ext\_extbot.py", line 378, in _do_post
    return await super()._do_post(
           ^^^^^^^^^^^^^^^^^^^^^^^
    ...<6 lines>...
    )
    ^
  File "C:\Users\Usuario\AppData\Local\Programs\Python\Python314\Lib\site-packages\telegram\_bot.py", line 741, in _do_post
    result = await request.post(
             ^^^^^^^^^^^^^^^^^^^
    ...<6 lines>...
    )
    ^
  File "C:\Users\Usuario\AppData\Local\Programs\Python\Python314\Lib\site-packages\telegram\request\_baserequest.py", line 198, in post
    result = await self._request_wrapper(
             ^^^^^^^^^^^^^^^^^^^^^^^^^^^^
    ...<7 lines>...
    )
    ^
  File "C:\Users\Usuario\AppData\Local\Programs\Python\Python314\Lib\site-packages\telegram\request\_baserequest.py", line 375, in _request_wrapper
    raise exception
telegram.error.Conflict: Conflict: terminated by other getUpdates request; make sure that only one bot instance is running
2026-08-21 15:41:39,648 INFO HTTP Request: POST https://api.telegram.org/bot8853478714:AAGC7W_ilTDh48WegRYq5OPfHZpb2I3r018/getUpdates "HTTP/1.1 200 OK"
2026-08-21 15:41:40,205 INFO HTTP Request: POST https://api.telegram.org/bot8853478714:AAGC7W_ilTDh48WegRYq5OPfHZpb2I3r018/sendMessage "HTTP/1.1 200 OK"
2026-08-21 15:41:40,501 INFO HTTP Request: POST https://api.telegram.org/bot8853478714:AAGC7W_ilTDh48WegRYq5OPfHZpb2I3r018/getUpdates "HTTP/1.1 409 Conflict"
2026-08-21 15:41:40,502 ERROR Error no controlado en Telegram
Traceback (most recent call last):
  File "C:\Users\Usuario\AppData\Local\Programs\Python\Python314\Lib\site-packages\telegram\ext\_utils\networkloop.py", line 161, in network_retry_loop
    await do_action()
  File "C:\Users\Usuario\AppData\Local\Programs\Python\Python314\Lib\site-packages\telegram\ext\_utils\networkloop.py", line 154, in do_action
    action_cb_task.result()
    ~~~~~~~~~~~~~~~~~~~~~^^
  File "C:\Users\Usuario\AppData\Local\Programs\Python\Python314\Lib\site-packages\telegram\ext\_updater.py", line 340, in polling_action_cb
    updates = await self.bot.get_updates(
              ^^^^^^^^^^^^^^^^^^^^^^^^^^^
    ...<3 lines>...
    )
    ^
  File "C:\Users\Usuario\AppData\Local\Programs\Python\Python314\Lib\site-packages\telegram\ext\_extbot.py", line 680, in get_updates
    updates = await super().get_updates(
              ^^^^^^^^^^^^^^^^^^^^^^^^^^
    ...<9 lines>...
    )
    ^
  File "C:\Users\Usuario\AppData\Local\Programs\Python\Python314\Lib\site-packages\telegram\_bot.py", line 4767, in get_updates
    await self._post(
    ^^^^^^^^^^^^^^^^^
    ...<7 lines>...
    ),
    ^
  File "C:\Users\Usuario\AppData\Local\Programs\Python\Python314\Lib\site-packages\telegram\_bot.py", line 712, in _post
    return await self._do_post(
           ^^^^^^^^^^^^^^^^^^^^
    ...<6 lines>...
    )
    ^
  File "C:\Users\Usuario\AppData\Local\Programs\Python\Python314\Lib\site-packages\telegram\ext\_extbot.py", line 378, in _do_post
    return await super()._do_post(
           ^^^^^^^^^^^^^^^^^^^^^^^
    ...<6 lines>...
    )
    ^
  File "C:\Users\Usuario\AppData\Local\Programs\Python\Python314\Lib\site-packages\telegram\_bot.py", line 741, in _do_post
    result = await request.post(
             ^^^^^^^^^^^^^^^^^^^
    ...<6 lines>...
    )
    ^
  File "C:\Users\Usuario\AppData\Local\Programs\Python\Python314\Lib\site-packages\telegram\request\_baserequest.py", line 198, in post
    result = await self._request_wrapper(
             ^^^^^^^^^^^^^^^^^^^^^^^^^^^^
    ...<7 lines>...
    )
    ^
  File "C:\Users\Usuario\AppData\Local\Programs\Python\Python314\Lib\site-packages\telegram\request\_baserequest.py", line 375, in _request_wrapper
    raise exception
telegram.error.Conflict: Conflict: terminated by other getUpdates request; make sure that only one bot instance is running
2026-08-21 15:41:44,369 INFO HTTP Request: POST https://api.telegram.org/bot8853478714:AAGC7W_ilTDh48WegRYq5OPfHZpb2I3r018/getUpdates "HTTP/1.1 200 OK"
2026-08-21 15:41:45,610 INFO HTTP Request: POST https://api.telegram.org/bot8853478714:AAGC7W_ilTDh48WegRYq5OPfHZpb2I3r018/sendMessage "HTTP/1.1 200 OK"
2026-08-21 15:41:46,254 INFO HTTP Request: POST https://api.telegram.org/bot8853478714:AAGC7W_ilTDh48WegRYq5OPfHZpb2I3r018/getUpdates "HTTP/1.1 409 Conflict"
2026-08-21 15:41:46,256 ERROR Error no controlado en Telegram
Traceback (most recent call last):
  File "C:\Users\Usuario\AppData\Local\Programs\Python\Python314\Lib\site-packages\telegram\ext\_utils\networkloop.py", line 161, in network_retry_loop
    await do_action()
  File "C:\Users\Usuario\AppData\Local\Programs\Python\Python314\Lib\site-packages\telegram\ext\_utils\networkloop.py", line 154, in do_action
    action_cb_task.result()
    ~~~~~~~~~~~~~~~~~~~~~^^
  File "C:\Users\Usuario\AppData\Local\Programs\Python\Python314\Lib\site-packages\telegram\ext\_updater.py", line 340, in polling_action_cb
    updates = await self.bot.get_updates(
              ^^^^^^^^^^^^^^^^^^^^^^^^^^^
    ...<3 lines>...
    )
    ^
  File "C:\Users\Usuario\AppData\Local\Programs\Python\Python314\Lib\site-packages\telegram\ext\_extbot.py", line 680, in get_updates
    updates = await super().get_updates(
              ^^^^^^^^^^^^^^^^^^^^^^^^^^
    ...<9 lines>...
    )
    ^
  File "C:\Users\Usuario\AppData\Local\Programs\Python\Python314\Lib\site-packages\telegram\_bot.py", line 4767, in get_updates
    await self._post(
    ^^^^^^^^^^^^^^^^^
    ...<7 lines>...
    ),
    ^
  File "C:\Users\Usuario\AppData\Local\Programs\Python\Python314\Lib\site-packages\telegram\_bot.py", line 712, in _post
    return await self._do_post(
           ^^^^^^^^^^^^^^^^^^^^
    ...<6 lines>...
    )
    ^
  File "C:\Users\Usuario\AppData\Local\Programs\Python\Python314\Lib\site-packages\telegram\ext\_extbot.py", line 378, in _do_post
    return await super()._do_post(
           ^^^^^^^^^^^^^^^^^^^^^^^
    ...<6 lines>...
    )
    ^
  File "C:\Users\Usuario\AppData\Local\Programs\Python\Python314\Lib\site-packages\telegram\_bot.py", line 741, in _do_post
    result = await request.post(
             ^^^^^^^^^^^^^^^^^^^
    ...<6 lines>...
    )
    ^
  File "C:\Users\Usuario\AppData\Local\Programs\Python\Python314\Lib\site-packages\telegram\request\_baserequest.py", line 198, in post
    result = await self._request_wrapper(
             ^^^^^^^^^^^^^^^^^^^^^^^^^^^^
    ...<7 lines>...
    )
    ^
  File "C:\Users\Usuario\AppData\Local\Programs\Python\Python314\Lib\site-packages\telegram\request\_baserequest.py", line 375, in _request_wrapper
    raise exception
telegram.error.Conflict: Conflict: terminated by other getUpdates request; make sure that only one bot instance is running
2026-08-21 15:41:47,922 INFO HTTP Request: POST https://api.telegram.org/bot8853478714:AAGC7W_ilTDh48WegRYq5OPfHZpb2I3r018/getUpdates "HTTP/1.1 409 Conflict"
2026-08-21 15:41:47,923 ERROR Error no controlado en Telegram
Traceback (most recent call last):
  File "C:\Users\Usuario\AppData\Local\Programs\Python\Python314\Lib\site-packages\telegram\ext\_utils\networkloop.py", line 161, in network_retry_loop
    await do_action()
  File "C:\Users\Usuario\AppData\Local\Programs\Python\Python314\Lib\site-packages\telegram\ext\_utils\networkloop.py", line 154, in do_action
    action_cb_task.result()
    ~~~~~~~~~~~~~~~~~~~~~^^
  File "C:\Users\Usuario\AppData\Local\Programs\Python\Python314\Lib\site-packages\telegram\ext\_updater.py", line 340, in polling_action_cb
    updates = await self.bot.get_updates(
              ^^^^^^^^^^^^^^^^^^^^^^^^^^^
    ...<3 lines>...
    )
    ^
  File "C:\Users\Usuario\AppData\Local\Programs\Python\Python314\Lib\site-packages\telegram\ext\_extbot.py", line 680, in get_updates
    updates = await super().get_updates(
              ^^^^^^^^^^^^^^^^^^^^^^^^^^
    ...<9 lines>...
    )
    ^
  File "C:\Users\Usuario\AppData\Local\Programs\Python\Python314\Lib\site-packages\telegram\_bot.py", line 4767, in get_updates
    await self._post(
    ^^^^^^^^^^^^^^^^^
    ...<7 lines>...
    ),
    ^
  File "C:\Users\Usuario\AppData\Local\Programs\Python\Python314\Lib\site-packages\telegram\_bot.py", line 712, in _post
    return await self._do_post(
           ^^^^^^^^^^^^^^^^^^^^
    ...<6 lines>...
    )
    ^
  File "C:\Users\Usuario\AppData\Local\Programs\Python\Python314\Lib\site-packages\telegram\ext\_extbot.py", line 378, in _do_post
    return await super()._do_post(
           ^^^^^^^^^^^^^^^^^^^^^^^
    ...<6 lines>...
    )
    ^
  File "C:\Users\Usuario\AppData\Local\Programs\Python\Python314\Lib\site-packages\telegram\_bot.py", line 741, in _do_post
    result = await request.post(
             ^^^^^^^^^^^^^^^^^^^
    ...<6 lines>...
    )
    ^
  File "C:\Users\Usuario\AppData\Local\Programs\Python\Python314\Lib\site-packages\telegram\request\_baserequest.py", line 198, in post
    result = await self._request_wrapper(
             ^^^^^^^^^^^^^^^^^^^^^^^^^^^^
    ...<7 lines>...
    )
    ^
  File "C:\Users\Usuario\AppData\Local\Programs\Python\Python314\Lib\site-packages\telegram\request\_baserequest.py", line 375, in _request_wrapper
    raise exception
telegram.error.Conflict: Conflict: terminated by other getUpdates request; make sure that only one bot instance is running
2026-08-21 15:41:50,821 INFO HTTP Request: POST https://api.telegram.org/bot8853478714:AAGC7W_ilTDh48WegRYq5OPfHZpb2I3r018/getUpdates "HTTP/1.1 200 OK"
2026-08-21 15:41:51,519 INFO HTTP Request: POST https://api.telegram.org/bot8853478714:AAGC7W_ilTDh48WegRYq5OPfHZpb2I3r018/sendMessage "HTTP/1.1 200 OK"
2026-08-21 15:41:52,061 INFO HTTP Request: POST https://api.telegram.org/bot8853478714:AAGC7W_ilTDh48WegRYq5OPfHZpb2I3r018/getUpdates "HTTP/1.1 409 Conflict"
2026-08-21 15:41:52,062 ERROR Error no controlado en Telegram
Traceback (most recent call last):
  File "C:\Users\Usuario\AppData\Local\Programs\Python\Python314\Lib\site-packages\telegram\ext\_utils\networkloop.py", line 161, in network_retry_loop
    await do_action()
  File "C:\Users\Usuario\AppData\Local\Programs\Python\Python314\Lib\site-packages\telegram\ext\_utils\networkloop.py", line 154, in do_action
    action_cb_task.result()
    ~~~~~~~~~~~~~~~~~~~~~^^
  File "C:\Users\Usuario\AppData\Local\Programs\Python\Python314\Lib\site-packages\telegram\ext\_updater.py", line 340, in polling_action_cb
    updates = await self.bot.get_updates(
              ^^^^^^^^^^^^^^^^^^^^^^^^^^^
    ...<3 lines>...
    )
    ^
  File "C:\Users\Usuario\AppData\Local\Programs\Python\Python314\Lib\site-packages\telegram\ext\_extbot.py", line 680, in get_updates
    updates = await super().get_updates(
              ^^^^^^^^^^^^^^^^^^^^^^^^^^
    ...<9 lines>...
    )
    ^
  File "C:\Users\Usuario\AppData\Local\Programs\Python\Python314\Lib\site-packages\telegram\_bot.py", line 4767, in get_updates
    await self._post(
    ^^^^^^^^^^^^^^^^^
    ...<7 lines>...
    ),
    ^
  File "C:\Users\Usuario\AppData\Local\Programs\Python\Python314\Lib\site-packages\telegram\_bot.py", line 712, in _post
    return await self._do_post(
           ^^^^^^^^^^^^^^^^^^^^
    ...<6 lines>...
    )
    ^
  File "C:\Users\Usuario\AppData\Local\Programs\Python\Python314\Lib\site-packages\telegram\ext\_extbot.py", line 378, in _do_post
    return await super()._do_post(
           ^^^^^^^^^^^^^^^^^^^^^^^
    ...<6 lines>...
    )
    ^
  File "C:\Users\Usuario\AppData\Local\Programs\Python\Python314\Lib\site-packages\telegram\_bot.py", line 741, in _do_post
    result = await request.post(
             ^^^^^^^^^^^^^^^^^^^
    ...<6 lines>...
    )
    ^
  File "C:\Users\Usuario\AppData\Local\Programs\Python\Python314\Lib\site-packages\telegram\request\_baserequest.py", line 198, in post
    result = await self._request_wrapper(
             ^^^^^^^^^^^^^^^^^^^^^^^^^^^^
    ...<7 lines>...
    )
    ^
  File "C:\Users\Usuario\AppData\Local\Programs\Python\Python314\Lib\site-packages\telegram\request\_baserequest.py", line 375, in _request_wrapper
    raise exception
telegram.error.Conflict: Conflict: terminated by other getUpdates request; make sure that only one bot instance is running
2026-08-21 15:41:54,470 INFO HTTP Request: POST https://api.telegram.org/bot8853478714:AAGC7W_ilTDh48WegRYq5OPfHZpb2I3r018/getUpdates "HTTP/1.1 409 Conflict"
2026-08-21 15:41:54,471 ERROR Error no controlado en Telegram
Traceback (most recent call last):
  File "C:\Users\Usuario\AppData\Local\Programs\Python\Python314\Lib\site-packages\telegram\ext\_utils\networkloop.py", line 161, in network_retry_loop
    await do_action()
  File "C:\Users\Usuario\AppData\Local\Programs\Python\Python314\Lib\site-packages\telegram\ext\_utils\networkloop.py", line 154, in do_action
    action_cb_task.result()
    ~~~~~~~~~~~~~~~~~~~~~^^
  File "C:\Users\Usuario\AppData\Local\Programs\Python\Python314\Lib\site-packages\telegram\ext\_updater.py", line 340, in polling_action_cb
    updates = await self.bot.get_updates(
              ^^^^^^^^^^^^^^^^^^^^^^^^^^^
    ...<3 lines>...
    )
    ^
  File "C:\Users\Usuario\AppData\Local\Programs\Python\Python314\Lib\site-packages\telegram\ext\_extbot.py", line 680, in get_updates
    updates = await super().get_updates(
              ^^^^^^^^^^^^^^^^^^^^^^^^^^
    ...<9 lines>...
    )
    ^
  File "C:\Users\Usuario\AppData\Local\Programs\Python\Python314\Lib\site-packages\telegram\_bot.py", line 4767, in get_updates
    await self._post(
    ^^^^^^^^^^^^^^^^^
    ...<7 lines>...
    ),
    ^
  File "C:\Users\Usuario\AppData\Local\Programs\Python\Python314\Lib\site-packages\telegram\_bot.py", line 712, in _post
    return await self._do_post(
           ^^^^^^^^^^^^^^^^^^^^
    ...<6 lines>...
    )
    ^
  File "C:\Users\Usuario\AppData\Local\Programs\Python\Python314\Lib\site-packages\telegram\ext\_extbot.py", line 378, in _do_post
    return await super()._do_post(
           ^^^^^^^^^^^^^^^^^^^^^^^
    ...<6 lines>...
    )
    ^
  File "C:\Users\Usuario\AppData\Local\Programs\Python\Python314\Lib\site-packages\telegram\_bot.py", line 741, in _do_post
    result = await request.post(
             ^^^^^^^^^^^^^^^^^^^
    ...<6 lines>...
    )
    ^
  File "C:\Users\Usuario\AppData\Local\Programs\Python\Python314\Lib\site-packages\telegram\request\_baserequest.py", line 198, in post
    result = await self._request_wrapper(
             ^^^^^^^^^^^^^^^^^^^^^^^^^^^^
    ...<7 lines>...
    )
    ^
  File "C:\Users\Usuario\AppData\Local\Programs\Python\Python314\Lib\site-packages\telegram\request\_baserequest.py", line 375, in _request_wrapper
    raise exception
telegram.error.Conflict: Conflict: terminated by other getUpdates request; make sure that only one bot instance is running
2026-08-21 15:41:58,612 INFO HTTP Request: POST https://api.telegram.org/bot8853478714:AAGC7W_ilTDh48WegRYq5OPfHZpb2I3r018/getUpdates "HTTP/1.1 409 Conflict"
2026-08-21 15:41:58,614 ERROR Error no controlado en Telegram
Traceback (most recent call last):
  File "C:\Users\Usuario\AppData\Local\Programs\Python\Python314\Lib\site-packages\telegram\ext\_utils\networkloop.py", line 161, in network_retry_loop
    await do_action()
  File "C:\Users\Usuario\AppData\Local\Programs\Python\Python314\Lib\site-packages\telegram\ext\_utils\networkloop.py", line 154, in do_action
    action_cb_task.result()
    ~~~~~~~~~~~~~~~~~~~~~^^
  File "C:\Users\Usuario\AppData\Local\Programs\Python\Python314\Lib\site-packages\telegram\ext\_updater.py", line 340, in polling_action_cb
    updates = await self.bot.get_updates(
              ^^^^^^^^^^^^^^^^^^^^^^^^^^^
    ...<3 lines>...
    )
    ^
  File "C:\Users\Usuario\AppData\Local\Programs\Python\Python314\Lib\site-packages\telegram\ext\_extbot.py", line 680, in get_updates
    updates = await super().get_updates(
              ^^^^^^^^^^^^^^^^^^^^^^^^^^
    ...<9 lines>...
    )
    ^
  File "C:\Users\Usuario\AppData\Local\Programs\Python\Python314\Lib\site-packages\telegram\_bot.py", line 4767, in get_updates
    await self._post(
    ^^^^^^^^^^^^^^^^^
    ...<7 lines>...
    ),
    ^
  File "C:\Users\Usuario\AppData\Local\Programs\Python\Python314\Lib\site-packages\telegram\_bot.py", line 712, in _post
    return await self._do_post(
           ^^^^^^^^^^^^^^^^^^^^
    ...<6 lines>...
    )
    ^
  File "C:\Users\Usuario\AppData\Local\Programs\Python\Python314\Lib\site-packages\telegram\ext\_extbot.py", line 378, in _do_post
    return await super()._do_post(
           ^^^^^^^^^^^^^^^^^^^^^^^
    ...<6 lines>...
    )
    ^
  File "C:\Users\Usuario\AppData\Local\Programs\Python\Python314\Lib\site-packages\telegram\_bot.py", line 741, in _do_post
    result = await request.post(
             ^^^^^^^^^^^^^^^^^^^
    ...<6 lines>...
    )
    ^
  File "C:\Users\Usuario\AppData\Local\Programs\Python\Python314\Lib\site-packages\telegram\request\_baserequest.py", line 198, in post
    result = await self._request_wrapper(
             ^^^^^^^^^^^^^^^^^^^^^^^^^^^^
    ...<7 lines>...
    )
    ^
  File "C:\Users\Usuario\AppData\Local\Programs\Python\Python314\Lib\site-packages\telegram\request\_baserequest.py", line 375, in _request_wrapper
    raise exception
telegram.error.Conflict: Conflict: terminated by other getUpdates request; make sure that only one bot instance is running
2026-08-21 15:41:59,543 INFO HTTP Request: POST https://api.telegram.org/bot8853478714:AAGC7W_ilTDh48WegRYq5OPfHZpb2I3r018/getUpdates "HTTP/1.1 409 Conflict"
2026-08-21 15:41:59,544 ERROR Error no controlado en Telegram
Traceback (most recent call last):
  File "C:\Users\Usuario\AppData\Local\Programs\Python\Python314\Lib\site-packages\telegram\ext\_utils\networkloop.py", line 161, in network_retry_loop
    await do_action()
  File "C:\Users\Usuario\AppData\Local\Programs\Python\Python314\Lib\site-packages\telegram\ext\_utils\networkloop.py", line 154, in do_action
    action_cb_task.result()
    ~~~~~~~~~~~~~~~~~~~~~^^
  File "C:\Users\Usuario\AppData\Local\Programs\Python\Python314\Lib\site-packages\telegram\ext\_updater.py", line 340, in polling_action_cb
    updates = await self.bot.get_updates(
              ^^^^^^^^^^^^^^^^^^^^^^^^^^^
    ...<3 lines>...
    )
    ^
  File "C:\Users\Usuario\AppData\Local\Programs\Python\Python314\Lib\site-packages\telegram\ext\_extbot.py", line 680, in get_updates
    updates = await super().get_updates(
              ^^^^^^^^^^^^^^^^^^^^^^^^^^
    ...<9 lines>...
    )
    ^
  File "C:\Users\Usuario\AppData\Local\Programs\Python\Python314\Lib\site-packages\telegram\_bot.py", line 4767, in get_updates
    await self._post(
    ^^^^^^^^^^^^^^^^^
    ...<7 lines>...
    ),
    ^
  File "C:\Users\Usuario\AppData\Local\Programs\Python\Python314\Lib\site-packages\telegram\_bot.py", line 712, in _post
    return await self._do_post(
           ^^^^^^^^^^^^^^^^^^^^
    ...<6 lines>...
    )
    ^
  File "C:\Users\Usuario\AppData\Local\Programs\Python\Python314\Lib\site-packages\telegram\ext\_extbot.py", line 378, in _do_post
    return await super()._do_post(
           ^^^^^^^^^^^^^^^^^^^^^^^
    ...<6 lines>...
    )
    ^
  File "C:\Users\Usuario\AppData\Local\Programs\Python\Python314\Lib\site-packages\telegram\_bot.py", line 741, in _do_post
    result = await request.post(
             ^^^^^^^^^^^^^^^^^^^
    ...<6 lines>...
    )
    ^
  File "C:\Users\Usuario\AppData\Local\Programs\Python\Python314\Lib\site-packages\telegram\request\_baserequest.py", line 198, in post
    result = await self._request_wrapper(
             ^^^^^^^^^^^^^^^^^^^^^^^^^^^^
    ...<7 lines>...
    )
    ^
  File "C:\Users\Usuario\AppData\Local\Programs\Python\Python314\Lib\site-packages\telegram\request\_baserequest.py", line 375, in _request_wrapper
    raise exception
telegram.error.Conflict: Conflict: terminated by other getUpdates request; make sure that only one bot instance is running
2026-08-21 15:42:05,146 INFO HTTP Request: POST https://api.telegram.org/bot8853478714:AAGC7W_ilTDh48WegRYq5OPfHZpb2I3r018/getUpdates "HTTP/1.1 409 Conflict"
2026-08-21 15:42:05,147 ERROR Error no controlado en Telegram
Traceback (most recent call last):
  File "C:\Users\Usuario\AppData\Local\Programs\Python\Python314\Lib\site-packages\telegram\ext\_utils\networkloop.py", line 161, in network_retry_loop
    await do_action()
  File "C:\Users\Usuario\AppData\Local\Programs\Python\Python314\Lib\site-packages\telegram\ext\_utils\networkloop.py", line 154, in do_action
    action_cb_task.result()
    ~~~~~~~~~~~~~~~~~~~~~^^
  File "C:\Users\Usuario\AppData\Local\Programs\Python\Python314\Lib\site-packages\telegram\ext\_updater.py", line 340, in polling_action_cb
    updates = await self.bot.get_updates(
              ^^^^^^^^^^^^^^^^^^^^^^^^^^^
    ...<3 lines>...
    )
    ^
  File "C:\Users\Usuario\AppData\Local\Programs\Python\Python314\Lib\site-packages\telegram\ext\_extbot.py", line 680, in get_updates
    updates = await super().get_updates(
              ^^^^^^^^^^^^^^^^^^^^^^^^^^
    ...<9 lines>...
    )
    ^
  File "C:\Users\Usuario\AppData\Local\Programs\Python\Python314\Lib\site-packages\telegram\_bot.py", line 4767, in get_updates
    await self._post(
    ^^^^^^^^^^^^^^^^^
    ...<7 lines>...
    ),
    ^
  File "C:\Users\Usuario\AppData\Local\Programs\Python\Python314\Lib\site-packages\telegram\_bot.py", line 712, in _post
    return await self._do_post(
           ^^^^^^^^^^^^^^^^^^^^
    ...<6 lines>...
    )
    ^
  File "C:\Users\Usuario\AppData\Local\Programs\Python\Python314\Lib\site-packages\telegram\ext\_extbot.py", line 378, in _do_post
    return await super()._do_post(
           ^^^^^^^^^^^^^^^^^^^^^^^
    ...<6 lines>...
    )
    ^
  File "C:\Users\Usuario\AppData\Local\Programs\Python\Python314\Lib\site-packages\telegram\_bot.py", line 741, in _do_post
    result = await request.post(
             ^^^^^^^^^^^^^^^^^^^
    ...<6 lines>...
    )
    ^
  File "C:\Users\Usuario\AppData\Local\Programs\Python\Python314\Lib\site-packages\telegram\request\_baserequest.py", line 198, in post
    result = await self._request_wrapper(
             ^^^^^^^^^^^^^^^^^^^^^^^^^^^^
    ...<7 lines>...
    )
    ^
  File "C:\Users\Usuario\AppData\Local\Programs\Python\Python314\Lib\site-packages\telegram\request\_baserequest.py", line 375, in _request_wrapper
    raise exception
telegram.error.Conflict: Conflict: terminated by other getUpdates request; make sure that only one bot instance is running
2026-08-21 15:42:06,406 INFO HTTP Request: POST https://api.telegram.org/bot8853478714:AAGC7W_ilTDh48WegRYq5OPfHZpb2I3r018/getUpdates "HTTP/1.1 409 Conflict"
2026-08-21 15:42:06,407 ERROR Error no controlado en Telegram
Traceback (most recent call last):
  File "C:\Users\Usuario\AppData\Local\Programs\Python\Python314\Lib\site-packages\telegram\ext\_utils\networkloop.py", line 161, in network_retry_loop
    await do_action()
  File "C:\Users\Usuario\AppData\Local\Programs\Python\Python314\Lib\site-packages\telegram\ext\_utils\networkloop.py", line 154, in do_action
    action_cb_task.result()
    ~~~~~~~~~~~~~~~~~~~~~^^
  File "C:\Users\Usuario\AppData\Local\Programs\Python\Python314\Lib\site-packages\telegram\ext\_updater.py", line 340, in polling_action_cb
    updates = await self.bot.get_updates(
              ^^^^^^^^^^^^^^^^^^^^^^^^^^^
    ...<3 lines>...
    )
    ^
  File "C:\Users\Usuario\AppData\Local\Programs\Python\Python314\Lib\site-packages\telegram\ext\_extbot.py", line 680, in get_updates
    updates = await super().get_updates(
              ^^^^^^^^^^^^^^^^^^^^^^^^^^
    ...<9 lines>...
    )
    ^
  File "C:\Users\Usuario\AppData\Local\Programs\Python\Python314\Lib\site-packages\telegram\_bot.py", line 4767, in get_updates
    await self._post(
    ^^^^^^^^^^^^^^^^^
    ...<7 lines>...
    ),
    ^
  File "C:\Users\Usuario\AppData\Local\Programs\Python\Python314\Lib\site-packages\telegram\_bot.py", line 712, in _post
    return await self._do_post(
           ^^^^^^^^^^^^^^^^^^^^
    ...<6 lines>...
    )
    ^
  File "C:\Users\Usuario\AppData\Local\Programs\Python\Python314\Lib\site-packages\telegram\ext\_extbot.py", line 378, in _do_post
    return await super()._do_post(
           ^^^^^^^^^^^^^^^^^^^^^^^
    ...<6 lines>...
    )
    ^
  File "C:\Users\Usuario\AppData\Local\Programs\Python\Python314\Lib\site-packages\telegram\_bot.py", line 741, in _do_post
    result = await request.post(
             ^^^^^^^^^^^^^^^^^^^
    ...<6 lines>...
    )
    ^
  File "C:\Users\Usuario\AppData\Local\Programs\Python\Python314\Lib\site-packages\telegram\request\_baserequest.py", line 198, in post
    result = await self._request_wrapper(
             ^^^^^^^^^^^^^^^^^^^^^^^^^^^^
    ...<7 lines>...
    )
    ^
  File "C:\Users\Usuario\AppData\Local\Programs\Python\Python314\Lib\site-packages\telegram\request\_baserequest.py", line 375, in _request_wrapper
    raise exception
telegram.error.Conflict: Conflict: terminated by other getUpdates request; make sure that only one bot instance is running
2026-08-21 15:42:11,897 INFO HTTP Request: POST https://api.telegram.org/bot8853478714:AAGC7W_ilTDh48WegRYq5OPfHZpb2I3r018/getUpdates "HTTP/1.1 409 Conflict"
2026-08-21 15:42:11,898 ERROR Error no controlado en Telegram
Traceback (most recent call last):
  File "C:\Users\Usuario\AppData\Local\Programs\Python\Python314\Lib\site-packages\telegram\ext\_utils\networkloop.py", line 161, in network_retry_loop
    await do_action()
  File "C:\Users\Usuario\AppData\Local\Programs\Python\Python314\Lib\site-packages\telegram\ext\_utils\networkloop.py", line 154, in do_action
    action_cb_task.result()
    ~~~~~~~~~~~~~~~~~~~~~^^
  File "C:\Users\Usuario\AppData\Local\Programs\Python\Python314\Lib\site-packages\telegram\ext\_updater.py", line 340, in polling_action_cb
    updates = await self.bot.get_updates(
              ^^^^^^^^^^^^^^^^^^^^^^^^^^^
    ...<3 lines>...
    )
    ^
  File "C:\Users\Usuario\AppData\Local\Programs\Python\Python314\Lib\site-packages\telegram\ext\_extbot.py", line 680, in get_updates
    updates = await super().get_updates(
              ^^^^^^^^^^^^^^^^^^^^^^^^^^
    ...<9 lines>...
    )
    ^
  File "C:\Users\Usuario\AppData\Local\Programs\Python\Python314\Lib\site-packages\telegram\_bot.py", line 4767, in get_updates
    await self._post(
    ^^^^^^^^^^^^^^^^^
    ...<7 lines>...
    ),
    ^
  File "C:\Users\Usuario\AppData\Local\Programs\Python\Python314\Lib\site-packages\telegram\_bot.py", line 712, in _post
    return await self._do_post(
           ^^^^^^^^^^^^^^^^^^^^
    ...<6 lines>...
    )
    ^
  File "C:\Users\Usuario\AppData\Local\Programs\Python\Python314\Lib\site-packages\telegram\ext\_extbot.py", line 378, in _do_post
    return await super()._do_post(
           ^^^^^^^^^^^^^^^^^^^^^^^
    ...<6 lines>...
    )
    ^
  File "C:\Users\Usuario\AppData\Local\Programs\Python\Python314\Lib\site-packages\telegram\_bot.py", line 741, in _do_post
    result = await request.post(
             ^^^^^^^^^^^^^^^^^^^
    ...<6 lines>...
    )
    ^
  File "C:\Users\Usuario\AppData\Local\Programs\Python\Python314\Lib\site-packages\telegram\request\_baserequest.py", line 198, in post
    result = await self._request_wrapper(
             ^^^^^^^^^^^^^^^^^^^^^^^^^^^^
    ...<7 lines>...
    )
    ^
  File "C:\Users\Usuario\AppData\Local\Programs\Python\Python314\Lib\site-packages\telegram\request\_baserequest.py", line 375, in _request_wrapper
    raise exception
telegram.error.Conflict: Conflict: terminated by other getUpdates request; make sure that only one bot instance is running
2026-08-21 15:42:15,423 INFO HTTP Request: POST https://api.telegram.org/bot8853478714:AAGC7W_ilTDh48WegRYq5OPfHZpb2I3r018/getUpdates "HTTP/1.1 409 Conflict"
2026-08-21 15:42:15,424 ERROR Error no controlado en Telegram
Traceback (most recent call last):
  File "C:\Users\Usuario\AppData\Local\Programs\Python\Python314\Lib\site-packages\telegram\ext\_utils\networkloop.py", line 161, in network_retry_loop
    await do_action()
  File "C:\Users\Usuario\AppData\Local\Programs\Python\Python314\Lib\site-packages\telegram\ext\_utils\networkloop.py", line 154, in do_action
    action_cb_task.result()
    ~~~~~~~~~~~~~~~~~~~~~^^
  File "C:\Users\Usuario\AppData\Local\Programs\Python\Python314\Lib\site-packages\telegram\ext\_updater.py", line 340, in polling_action_cb
    updates = await self.bot.get_updates(
              ^^^^^^^^^^^^^^^^^^^^^^^^^^^
    ...<3 lines>...
    )
    ^
  File "C:\Users\Usuario\AppData\Local\Programs\Python\Python314\Lib\site-packages\telegram\ext\_extbot.py", line 680, in get_updates
    updates = await super().get_updates(
              ^^^^^^^^^^^^^^^^^^^^^^^^^^
    ...<9 lines>...
    )
    ^
  File "C:\Users\Usuario\AppData\Local\Programs\Python\Python314\Lib\site-packages\telegram\_bot.py", line 4767, in get_updates
    await self._post(
    ^^^^^^^^^^^^^^^^^
    ...<7 lines>...
    ),
    ^
  File "C:\Users\Usuario\AppData\Local\Programs\Python\Python314\Lib\site-packages\telegram\_bot.py", line 712, in _post
    return await self._do_post(
           ^^^^^^^^^^^^^^^^^^^^
    ...<6 lines>...
    )
    ^
  File "C:\Users\Usuario\AppData\Local\Programs\Python\Python314\Lib\site-packages\telegram\ext\_extbot.py", line 378, in _do_post
    return await super()._do_post(
           ^^^^^^^^^^^^^^^^^^^^^^^
    ...<6 lines>...
    )
    ^
  File "C:\Users\Usuario\AppData\Local\Programs\Python\Python314\Lib\site-packages\telegram\_bot.py", line 741, in _do_post
    result = await request.post(
             ^^^^^^^^^^^^^^^^^^^
    ...<6 lines>...
    )
    ^
  File "C:\Users\Usuario\AppData\Local\Programs\Python\Python314\Lib\site-packages\telegram\request\_baserequest.py", line 198, in post
    result = await self._request_wrapper(
             ^^^^^^^^^^^^^^^^^^^^^^^^^^^^
    ...<7 lines>...
    )
    ^
  File "C:\Users\Usuario\AppData\Local\Programs\Python\Python314\Lib\site-packages\telegram\request\_baserequest.py", line 375, in _request_wrapper
    raise exception
telegram.error.Conflict: Conflict: terminated by other getUpdates request; make sure that only one bot instance is running
2026-08-21 15:42:18,778 INFO HTTP Request: POST https://api.telegram.org/bot8853478714:AAGC7W_ilTDh48WegRYq5OPfHZpb2I3r018/getUpdates "HTTP/1.1 409 Conflict"
2026-08-21 15:42:18,779 ERROR Error no controlado en Telegram
Traceback (most recent call last):
  File "C:\Users\Usuario\AppData\Local\Programs\Python\Python314\Lib\site-packages\telegram\ext\_utils\networkloop.py", line 161, in network_retry_loop
    await do_action()
  File "C:\Users\Usuario\AppData\Local\Programs\Python\Python314\Lib\site-packages\telegram\ext\_utils\networkloop.py", line 154, in do_action
    action_cb_task.result()
    ~~~~~~~~~~~~~~~~~~~~~^^
  File "C:\Users\Usuario\AppData\Local\Programs\Python\Python314\Lib\site-packages\telegram\ext\_updater.py", line 340, in polling_action_cb
    updates = await self.bot.get_updates(
              ^^^^^^^^^^^^^^^^^^^^^^^^^^^
    ...<3 lines>...
    )
    ^
  File "C:\Users\Usuario\AppData\Local\Programs\Python\Python314\Lib\site-packages\telegram\ext\_extbot.py", line 680, in get_updates
    updates = await super().get_updates(
              ^^^^^^^^^^^^^^^^^^^^^^^^^^
    ...<9 lines>...
    )
    ^
  File "C:\Users\Usuario\AppData\Local\Programs\Python\Python314\Lib\site-packages\telegram\_bot.py", line 4767, in get_updates
    await self._post(
    ^^^^^^^^^^^^^^^^^
    ...<7 lines>...
    ),
    ^
  File "C:\Users\Usuario\AppData\Local\Programs\Python\Python314\Lib\site-packages\telegram\_bot.py", line 712, in _post
    return await self._do_post(
           ^^^^^^^^^^^^^^^^^^^^
    ...<6 lines>...
    )
    ^
  File "C:\Users\Usuario\AppData\Local\Programs\Python\Python314\Lib\site-packages\telegram\ext\_extbot.py", line 378, in _do_post
    return await super()._do_post(
           ^^^^^^^^^^^^^^^^^^^^^^^
    ...<6 lines>...
    )
    ^
  File "C:\Users\Usuario\AppData\Local\Programs\Python\Python314\Lib\site-packages\telegram\_bot.py", line 741, in _do_post
    result = await request.post(
             ^^^^^^^^^^^^^^^^^^^
    ...<6 lines>...
    )
    ^
  File "C:\Users\Usuario\AppData\Local\Programs\Python\Python314\Lib\site-packages\telegram\request\_baserequest.py", line 198, in post
    result = await self._request_wrapper(
             ^^^^^^^^^^^^^^^^^^^^^^^^^^^^
    ...<7 lines>...
    )
    ^
  File "C:\Users\Usuario\AppData\Local\Programs\Python\Python314\Lib\site-packages\telegram\request\_baserequest.py", line 375, in _request_wrapper
    raise exception
telegram.error.Conflict: Conflict: terminated by other getUpdates request; make sure that only one bot instance is running
2026-08-21 15:42:27,240 INFO HTTP Request: POST https://api.telegram.org/bot8853478714:AAGC7W_ilTDh48WegRYq5OPfHZpb2I3r018/getUpdates "HTTP/1.1 409 Conflict"
2026-08-21 15:42:27,241 ERROR Error no controlado en Telegram
Traceback (most recent call last):
  File "C:\Users\Usuario\AppData\Local\Programs\Python\Python314\Lib\site-packages\telegram\ext\_utils\networkloop.py", line 161, in network_retry_loop
    await do_action()
  File "C:\Users\Usuario\AppData\Local\Programs\Python\Python314\Lib\site-packages\telegram\ext\_utils\networkloop.py", line 154, in do_action
    action_cb_task.result()
    ~~~~~~~~~~~~~~~~~~~~~^^
  File "C:\Users\Usuario\AppData\Local\Programs\Python\Python314\Lib\site-packages\telegram\ext\_updater.py", line 340, in polling_action_cb
    updates = await self.bot.get_updates(
              ^^^^^^^^^^^^^^^^^^^^^^^^^^^
    ...<3 lines>...
    )
    ^
  File "C:\Users\Usuario\AppData\Local\Programs\Python\Python314\Lib\site-packages\telegram\ext\_extbot.py", line 680, in get_updates
    updates = await super().get_updates(
              ^^^^^^^^^^^^^^^^^^^^^^^^^^
    ...<9 lines>...
    )
    ^
  File "C:\Users\Usuario\AppData\Local\Programs\Python\Python314\Lib\site-packages\telegram\_bot.py", line 4767, in get_updates
    await self._post(
    ^^^^^^^^^^^^^^^^^
    ...<7 lines>...
    ),
    ^
  File "C:\Users\Usuario\AppData\Local\Programs\Python\Python314\Lib\site-packages\telegram\_bot.py", line 712, in _post
    return await self._do_post(
           ^^^^^^^^^^^^^^^^^^^^
    ...<6 lines>...
    )
    ^
  File "C:\Users\Usuario\AppData\Local\Programs\Python\Python314\Lib\site-packages\telegram\ext\_extbot.py", line 378, in _do_post
    return await super()._do_post(
           ^^^^^^^^^^^^^^^^^^^^^^^
    ...<6 lines>...
    )
    ^
  File "C:\Users\Usuario\AppData\Local\Programs\Python\Python314\Lib\site-packages\telegram\_bot.py", line 741, in _do_post
    result = await request.post(
             ^^^^^^^^^^^^^^^^^^^
    ...<6 lines>...
    )
    ^
  File "C:\Users\Usuario\AppData\Local\Programs\Python\Python314\Lib\site-packages\telegram\request\_baserequest.py", line 198, in post
    result = await self._request_wrapper(
             ^^^^^^^^^^^^^^^^^^^^^^^^^^^^
    ...<7 lines>...
    )
    ^
  File "C:\Users\Usuario\AppData\Local\Programs\Python\Python314\Lib\site-packages\telegram\request\_baserequest.py", line 375, in _request_wrapper
    raise exception
telegram.error.Conflict: Conflict: terminated by other getUpdates request; make sure that only one bot instance is running
2026-08-21 15:42:34,248 INFO HTTP Request: POST https://api.telegram.org/bot8853478714:AAGC7W_ilTDh48WegRYq5OPfHZpb2I3r018/getUpdates "HTTP/1.1 200 OK"
2026-08-21 15:42:39,048 INFO HTTP Request: POST https://api.telegram.org/bot8853478714:AAGC7W_ilTDh48WegRYq5OPfHZpb2I3r018/getUpdates "HTTP/1.1 409 Conflict"
2026-08-21 15:42:39,050 ERROR Error no controlado en Telegram
Traceback (most recent call last):
  File "C:\Users\Usuario\AppData\Local\Programs\Python\Python314\Lib\site-packages\telegram\ext\_utils\networkloop.py", line 161, in network_retry_loop
    await do_action()
  File "C:\Users\Usuario\AppData\Local\Programs\Python\Python314\Lib\site-packages\telegram\ext\_utils\networkloop.py", line 154, in do_action
    action_cb_task.result()
    ~~~~~~~~~~~~~~~~~~~~~^^
  File "C:\Users\Usuario\AppData\Local\Programs\Python\Python314\Lib\site-packages\telegram\ext\_updater.py", line 340, in polling_action_cb
    updates = await self.bot.get_updates(
              ^^^^^^^^^^^^^^^^^^^^^^^^^^^
    ...<3 lines>...
    )
    ^
  File "C:\Users\Usuario\AppData\Local\Programs\Python\Python314\Lib\site-packages\telegram\ext\_extbot.py", line 680, in get_updates
    updates = await super().get_updates(
              ^^^^^^^^^^^^^^^^^^^^^^^^^^
    ...<9 lines>...
    )
    ^
  File "C:\Users\Usuario\AppData\Local\Programs\Python\Python314\Lib\site-packages\telegram\_bot.py", line 4767, in get_updates
    await self._post(
    ^^^^^^^^^^^^^^^^^
    ...<7 lines>...
    ),
    ^
  File "C:\Users\Usuario\AppData\Local\Programs\Python\Python314\Lib\site-packages\telegram\_bot.py", line 712, in _post
    return await self._do_post(
           ^^^^^^^^^^^^^^^^^^^^
    ...<6 lines>...
    )
    ^
  File "C:\Users\Usuario\AppData\Local\Programs\Python\Python314\Lib\site-packages\telegram\ext\_extbot.py", line 378, in _do_post
    return await super()._do_post(
           ^^^^^^^^^^^^^^^^^^^^^^^
    ...<6 lines>...
    )
    ^
  File "C:\Users\Usuario\AppData\Local\Programs\Python\Python314\Lib\site-packages\telegram\_bot.py", line 741, in _do_post
    result = await request.post(
             ^^^^^^^^^^^^^^^^^^^
    ...<6 lines>...
    )
    ^
  File "C:\Users\Usuario\AppData\Local\Programs\Python\Python314\Lib\site-packages\telegram\request\_baserequest.py", line 198, in post
    result = await self._request_wrapper(
             ^^^^^^^^^^^^^^^^^^^^^^^^^^^^
    ...<7 lines>...
    )
    ^
  File "C:\Users\Usuario\AppData\Local\Programs\Python\Python314\Lib\site-packages\telegram\request\_baserequest.py", line 375, in _request_wrapper
    raise exception
telegram.error.Conflict: Conflict: terminated by other getUpdates request; make sure that only one bot instance is running
2026-08-21 15:42:43,188 INFO HTTP Request: POST https://api.telegram.org/bot8853478714:AAGC7W_ilTDh48WegRYq5OPfHZpb2I3r018/getUpdates "HTTP/1.1 409 Conflict"
2026-08-21 15:42:43,189 ERROR Error no controlado en Telegram
Traceback (most recent call last):
  File "C:\Users\Usuario\AppData\Local\Programs\Python\Python314\Lib\site-packages\telegram\ext\_utils\networkloop.py", line 161, in network_retry_loop
    await do_action()
  File "C:\Users\Usuario\AppData\Local\Programs\Python\Python314\Lib\site-packages\telegram\ext\_utils\networkloop.py", line 154, in do_action
    action_cb_task.result()
    ~~~~~~~~~~~~~~~~~~~~~^^
  File "C:\Users\Usuario\AppData\Local\Programs\Python\Python314\Lib\site-packages\telegram\ext\_updater.py", line 340, in polling_action_cb
    updates = await self.bot.get_updates(
              ^^^^^^^^^^^^^^^^^^^^^^^^^^^
    ...<3 lines>...
    )
    ^
  File "C:\Users\Usuario\AppData\Local\Programs\Python\Python314\Lib\site-packages\telegram\ext\_extbot.py", line 680, in get_updates
    updates = await super().get_updates(
              ^^^^^^^^^^^^^^^^^^^^^^^^^^
    ...<9 lines>...
    )
    ^
  File "C:\Users\Usuario\AppData\Local\Programs\Python\Python314\Lib\site-packages\telegram\_bot.py", line 4767, in get_updates
    await self._post(
    ^^^^^^^^^^^^^^^^^
    ...<7 lines>...
    ),
    ^
  File "C:\Users\Usuario\AppData\Local\Programs\Python\Python314\Lib\site-packages\telegram\_bot.py", line 712, in _post
    return await self._do_post(
           ^^^^^^^^^^^^^^^^^^^^
    ...<6 lines>...
    )
    ^
  File "C:\Users\Usuario\AppData\Local\Programs\Python\Python314\Lib\site-packages\telegram\ext\_extbot.py", line 378, in _do_post
    return await super()._do_post(
           ^^^^^^^^^^^^^^^^^^^^^^^
    ...<6 lines>...
    )
    ^
  File "C:\Users\Usuario\AppData\Local\Programs\Python\Python314\Lib\site-packages\telegram\_bot.py", line 741, in _do_post
    result = await request.post(
             ^^^^^^^^^^^^^^^^^^^
    ...<6 lines>...
    )
    ^
  File "C:\Users\Usuario\AppData\Local\Programs\Python\Python314\Lib\site-packages\telegram\request\_baserequest.py", line 198, in post
    result = await self._request_wrapper(
             ^^^^^^^^^^^^^^^^^^^^^^^^^^^^
    ...<7 lines>...
    )
    ^
  File "C:\Users\Usuario\AppData\Local\Programs\Python\Python314\Lib\site-packages\telegram\request\_baserequest.py", line 375, in _request_wrapper
    raise exception
telegram.error.Conflict: Conflict: terminated by other getUpdates request; make sure that only one bot instance is running
2026-08-21 15:42:44,008 INFO HTTP Request: POST https://api.telegram.org/bot8853478714:AAGC7W_ilTDh48WegRYq5OPfHZpb2I3r018/getUpdates "HTTP/1.1 409 Conflict"
2026-08-21 15:42:44,009 ERROR Error no controlado en Telegram
Traceback (most recent call last):
  File "C:\Users\Usuario\AppData\Local\Programs\Python\Python314\Lib\site-packages\telegram\ext\_utils\networkloop.py", line 161, in network_retry_loop
    await do_action()
  File "C:\Users\Usuario\AppData\Local\Programs\Python\Python314\Lib\site-packages\telegram\ext\_utils\networkloop.py", line 154, in do_action
    action_cb_task.result()
    ~~~~~~~~~~~~~~~~~~~~~^^
  File "C:\Users\Usuario\AppData\Local\Programs\Python\Python314\Lib\site-packages\telegram\ext\_updater.py", line 340, in polling_action_cb
    updates = await self.bot.get_updates(
              ^^^^^^^^^^^^^^^^^^^^^^^^^^^
    ...<3 lines>...
    )
    ^
  File "C:\Users\Usuario\AppData\Local\Programs\Python\Python314\Lib\site-packages\telegram\ext\_extbot.py", line 680, in get_updates
    updates = await super().get_updates(
              ^^^^^^^^^^^^^^^^^^^^^^^^^^
    ...<9 lines>...
    )
    ^
  File "C:\Users\Usuario\AppData\Local\Programs\Python\Python314\Lib\site-packages\telegram\_bot.py", line 4767, in get_updates
    await self._post(
    ^^^^^^^^^^^^^^^^^
    ...<7 lines>...
    ),
    ^
  File "C:\Users\Usuario\AppData\Local\Programs\Python\Python314\Lib\site-packages\telegram\_bot.py", line 712, in _post
    return await self._do_post(
           ^^^^^^^^^^^^^^^^^^^^
    ...<6 lines>...
    )
    ^
  File "C:\Users\Usuario\AppData\Local\Programs\Python\Python314\Lib\site-packages\telegram\ext\_extbot.py", line 378, in _do_post
    return await super()._do_post(
           ^^^^^^^^^^^^^^^^^^^^^^^
    ...<6 lines>...
    )
    ^
  File "C:\Users\Usuario\AppData\Local\Programs\Python\Python314\Lib\site-packages\telegram\_bot.py", line 741, in _do_post
    result = await request.post(
             ^^^^^^^^^^^^^^^^^^^
    ...<6 lines>...
    )
    ^
  File "C:\Users\Usuario\AppData\Local\Programs\Python\Python314\Lib\site-packages\telegram\request\_baserequest.py", line 198, in post
    result = await self._request_wrapper(
             ^^^^^^^^^^^^^^^^^^^^^^^^^^^^
    ...<7 lines>...
    )
    ^
  File "C:\Users\Usuario\AppData\Local\Programs\Python\Python314\Lib\site-packages\telegram\request\_baserequest.py", line 375, in _request_wrapper
    raise exception
telegram.error.Conflict: Conflict: terminated by other getUpdates request; make sure that only one bot instance is running
2026-08-21 15:42:49,558 INFO HTTP Request: POST https://api.telegram.org/bot8853478714:AAGC7W_ilTDh48WegRYq5OPfHZpb2I3r018/getUpdates "HTTP/1.1 409 Conflict"
2026-08-21 15:42:49,559 ERROR Error no controlado en Telegram
Traceback (most recent call last):
  File "C:\Users\Usuario\AppData\Local\Programs\Python\Python314\Lib\site-packages\telegram\ext\_utils\networkloop.py", line 161, in network_retry_loop
    await do_action()
  File "C:\Users\Usuario\AppData\Local\Programs\Python\Python314\Lib\site-packages\telegram\ext\_utils\networkloop.py", line 154, in do_action
    action_cb_task.result()
    ~~~~~~~~~~~~~~~~~~~~~^^
  File "C:\Users\Usuario\AppData\Local\Programs\Python\Python314\Lib\site-packages\telegram\ext\_updater.py", line 340, in polling_action_cb
    updates = await self.bot.get_updates(
              ^^^^^^^^^^^^^^^^^^^^^^^^^^^
    ...<3 lines>...
    )
    ^
  File "C:\Users\Usuario\AppData\Local\Programs\Python\Python314\Lib\site-packages\telegram\ext\_extbot.py", line 680, in get_updates
    updates = await super().get_updates(
              ^^^^^^^^^^^^^^^^^^^^^^^^^^
    ...<9 lines>...
    )
    ^
  File "C:\Users\Usuario\AppData\Local\Programs\Python\Python314\Lib\site-packages\telegram\_bot.py", line 4767, in get_updates
    await self._post(
    ^^^^^^^^^^^^^^^^^
    ...<7 lines>...
    ),
    ^
  File "C:\Users\Usuario\AppData\Local\Programs\Python\Python314\Lib\site-packages\telegram\_bot.py", line 712, in _post
    return await self._do_post(
           ^^^^^^^^^^^^^^^^^^^^
    ...<6 lines>...
    )
    ^
  File "C:\Users\Usuario\AppData\Local\Programs\Python\Python314\Lib\site-packages\telegram\ext\_extbot.py", line 378, in _do_post
    return await super()._do_post(
           ^^^^^^^^^^^^^^^^^^^^^^^
    ...<6 lines>...
    )
    ^
  File "C:\Users\Usuario\AppData\Local\Programs\Python\Python314\Lib\site-packages\telegram\_bot.py", line 741, in _do_post
    result = await request.post(
             ^^^^^^^^^^^^^^^^^^^
    ...<6 lines>...
    )
    ^
  File "C:\Users\Usuario\AppData\Local\Programs\Python\Python314\Lib\site-packages\telegram\request\_baserequest.py", line 198, in post
    result = await self._request_wrapper(
             ^^^^^^^^^^^^^^^^^^^^^^^^^^^^
    ...<7 lines>...
    )
    ^
  File "C:\Users\Usuario\AppData\Local\Programs\Python\Python314\Lib\site-packages\telegram\request\_baserequest.py", line 375, in _request_wrapper
    raise exception
telegram.error.Conflict: Conflict: terminated by other getUpdates request; make sure that only one bot instance is running
2026-08-21 15:43:00,686 INFO HTTP Request: POST https://api.telegram.org/bot8853478714:AAGC7W_ilTDh48WegRYq5OPfHZpb2I3r018/getUpdates "HTTP/1.1 409 Conflict"
2026-08-21 15:43:00,687 ERROR Error no controlado en Telegram
Traceback (most recent call last):
  File "C:\Users\Usuario\AppData\Local\Programs\Python\Python314\Lib\site-packages\telegram\ext\_utils\networkloop.py", line 161, in network_retry_loop
    await do_action()
  File "C:\Users\Usuario\AppData\Local\Programs\Python\Python314\Lib\site-packages\telegram\ext\_utils\networkloop.py", line 154, in do_action
    action_cb_task.result()
    ~~~~~~~~~~~~~~~~~~~~~^^
  File "C:\Users\Usuario\AppData\Local\Programs\Python\Python314\Lib\site-packages\telegram\ext\_updater.py", line 340, in polling_action_cb
    updates = await self.bot.get_updates(
              ^^^^^^^^^^^^^^^^^^^^^^^^^^^
    ...<3 lines>...
    )
    ^
  File "C:\Users\Usuario\AppData\Local\Programs\Python\Python314\Lib\site-packages\telegram\ext\_extbot.py", line 680, in get_updates
    updates = await super().get_updates(
              ^^^^^^^^^^^^^^^^^^^^^^^^^^
    ...<9 lines>...
    )
    ^
  File "C:\Users\Usuario\AppData\Local\Programs\Python\Python314\Lib\site-packages\telegram\_bot.py", line 4767, in get_updates
    await self._post(
    ^^^^^^^^^^^^^^^^^
    ...<7 lines>...
    ),
    ^
  File "C:\Users\Usuario\AppData\Local\Programs\Python\Python314\Lib\site-packages\telegram\_bot.py", line 712, in _post
    return await self._do_post(
           ^^^^^^^^^^^^^^^^^^^^
    ...<6 lines>...
    )
    ^
  File "C:\Users\Usuario\AppData\Local\Programs\Python\Python314\Lib\site-packages\telegram\ext\_extbot.py", line 378, in _do_post
    return await super()._do_post(
           ^^^^^^^^^^^^^^^^^^^^^^^
    ...<6 lines>...
    )
    ^
  File "C:\Users\Usuario\AppData\Local\Programs\Python\Python314\Lib\site-packages\telegram\_bot.py", line 741, in _do_post
    result = await request.post(
             ^^^^^^^^^^^^^^^^^^^
    ...<6 lines>...
    )
    ^
  File "C:\Users\Usuario\AppData\Local\Programs\Python\Python314\Lib\site-packages\telegram\request\_baserequest.py", line 198, in post
    result = await self._request_wrapper(
             ^^^^^^^^^^^^^^^^^^^^^^^^^^^^
    ...<7 lines>...
    )
    ^
  File "C:\Users\Usuario\AppData\Local\Programs\Python\Python314\Lib\site-packages\telegram\request\_baserequest.py", line 375, in _request_wrapper
    raise exception
telegram.error.Conflict: Conflict: terminated by other getUpdates request; make sure that only one bot instance is running
2026-08-21 15:43:04,194 INFO HTTP Request: POST https://api.telegram.org/bot8853478714:AAGC7W_ilTDh48WegRYq5OPfHZpb2I3r018/getUpdates "HTTP/1.1 409 Conflict"
2026-08-21 15:43:04,196 ERROR Error no controlado en Telegram
Traceback (most recent call last):
  File "C:\Users\Usuario\AppData\Local\Programs\Python\Python314\Lib\site-packages\telegram\ext\_utils\networkloop.py", line 161, in network_retry_loop
    await do_action()
  File "C:\Users\Usuario\AppData\Local\Programs\Python\Python314\Lib\site-packages\telegram\ext\_utils\networkloop.py", line 154, in do_action
    action_cb_task.result()
    ~~~~~~~~~~~~~~~~~~~~~^^
  File "C:\Users\Usuario\AppData\Local\Programs\Python\Python314\Lib\site-packages\telegram\ext\_updater.py", line 340, in polling_action_cb
    updates = await self.bot.get_updates(
              ^^^^^^^^^^^^^^^^^^^^^^^^^^^
    ...<3 lines>...
    )
    ^
  File "C:\Users\Usuario\AppData\Local\Programs\Python\Python314\Lib\site-packages\telegram\ext\_extbot.py", line 680, in get_updates
    updates = await super().get_updates(
              ^^^^^^^^^^^^^^^^^^^^^^^^^^
    ...<9 lines>...
    )
    ^
  File "C:\Users\Usuario\AppData\Local\Programs\Python\Python314\Lib\site-packages\telegram\_bot.py", line 4767, in get_updates
    await self._post(
    ^^^^^^^^^^^^^^^^^
    ...<7 lines>...
    ),
    ^
  File "C:\Users\Usuario\AppData\Local\Programs\Python\Python314\Lib\site-packages\telegram\_bot.py", line 712, in _post
    return await self._do_post(
           ^^^^^^^^^^^^^^^^^^^^
    ...<6 lines>...
    )
    ^
  File "C:\Users\Usuario\AppData\Local\Programs\Python\Python314\Lib\site-packages\telegram\ext\_extbot.py", line 378, in _do_post
    return await super()._do_post(
           ^^^^^^^^^^^^^^^^^^^^^^^
    ...<6 lines>...
    )
    ^
  File "C:\Users\Usuario\AppData\Local\Programs\Python\Python314\Lib\site-packages\telegram\_bot.py", line 741, in _do_post
    result = await request.post(
             ^^^^^^^^^^^^^^^^^^^
    ...<6 lines>...
    )
    ^
  File "C:\Users\Usuario\AppData\Local\Programs\Python\Python314\Lib\site-packages\telegram\request\_baserequest.py", line 198, in post
    result = await self._request_wrapper(
             ^^^^^^^^^^^^^^^^^^^^^^^^^^^^
    ...<7 lines>...
    )
    ^
  File "C:\Users\Usuario\AppData\Local\Programs\Python\Python314\Lib\site-packages\telegram\request\_baserequest.py", line 375, in _request_wrapper
    raise exception
telegram.error.Conflict: Conflict: terminated by other getUpdates request; make sure that only one bot instance is running
2026-08-21 15:43:14,196 INFO HTTP Request: POST https://api.telegram.org/bot8853478714:AAGC7W_ilTDh48WegRYq5OPfHZpb2I3r018/getUpdates "HTTP/1.1 200 OK"
2026-08-21 15:43:16,139 INFO HTTP Request: POST https://api.telegram.org/bot8853478714:AAGC7W_ilTDh48WegRYq5OPfHZpb2I3r018/getUpdates "HTTP/1.1 409 Conflict"
2026-08-21 15:43:16,141 ERROR Error no controlado en Telegram
Traceback (most recent call last):
  File "C:\Users\Usuario\AppData\Local\Programs\Python\Python314\Lib\site-packages\telegram\ext\_utils\networkloop.py", line 161, in network_retry_loop
    await do_action()
  File "C:\Users\Usuario\AppData\Local\Programs\Python\Python314\Lib\site-packages\telegram\ext\_utils\networkloop.py", line 154, in do_action
    action_cb_task.result()
    ~~~~~~~~~~~~~~~~~~~~~^^
  File "C:\Users\Usuario\AppData\Local\Programs\Python\Python314\Lib\site-packages\telegram\ext\_updater.py", line 340, in polling_action_cb
    updates = await self.bot.get_updates(
              ^^^^^^^^^^^^^^^^^^^^^^^^^^^
    ...<3 lines>...
    )
    ^
  File "C:\Users\Usuario\AppData\Local\Programs\Python\Python314\Lib\site-packages\telegram\ext\_extbot.py", line 680, in get_updates
    updates = await super().get_updates(
              ^^^^^^^^^^^^^^^^^^^^^^^^^^
    ...<9 lines>...
    )
    ^
  File "C:\Users\Usuario\AppData\Local\Programs\Python\Python314\Lib\site-packages\telegram\_bot.py", line 4767, in get_updates
    await self._post(
    ^^^^^^^^^^^^^^^^^
    ...<7 lines>...
    ),
    ^
  File "C:\Users\Usuario\AppData\Local\Programs\Python\Python314\Lib\site-packages\telegram\_bot.py", line 712, in _post
    return await self._do_post(
           ^^^^^^^^^^^^^^^^^^^^
    ...<6 lines>...
    )
    ^
  File "C:\Users\Usuario\AppData\Local\Programs\Python\Python314\Lib\site-packages\telegram\ext\_extbot.py", line 378, in _do_post
    return await super()._do_post(
           ^^^^^^^^^^^^^^^^^^^^^^^
    ...<6 lines>...
    )
    ^
  File "C:\Users\Usuario\AppData\Local\Programs\Python\Python314\Lib\site-packages\telegram\_bot.py", line 741, in _do_post
    result = await request.post(
             ^^^^^^^^^^^^^^^^^^^
    ...<6 lines>...
    )
    ^
  File "C:\Users\Usuario\AppData\Local\Programs\Python\Python314\Lib\site-packages\telegram\request\_baserequest.py", line 198, in post
    result = await self._request_wrapper(
             ^^^^^^^^^^^^^^^^^^^^^^^^^^^^
    ...<7 lines>...
    )
    ^
  File "C:\Users\Usuario\AppData\Local\Programs\Python\Python314\Lib\site-packages\telegram\request\_baserequest.py", line 375, in _request_wrapper
    raise exception
telegram.error.Conflict: Conflict: terminated by other getUpdates request; make sure that only one bot instance is running
2026-08-21 15:43:25,423 INFO HTTP Request: POST https://api.telegram.org/bot8853478714:AAGC7W_ilTDh48WegRYq5OPfHZpb2I3r018/getUpdates "HTTP/1.1 409 Conflict"
2026-08-21 15:43:25,424 ERROR Error no controlado en Telegram
Traceback (most recent call last):
  File "C:\Users\Usuario\AppData\Local\Programs\Python\Python314\Lib\site-packages\telegram\ext\_utils\networkloop.py", line 161, in network_retry_loop
    await do_action()
  File "C:\Users\Usuario\AppData\Local\Programs\Python\Python314\Lib\site-packages\telegram\ext\_utils\networkloop.py", line 154, in do_action
    action_cb_task.result()
    ~~~~~~~~~~~~~~~~~~~~~^^
  File "C:\Users\Usuario\AppData\Local\Programs\Python\Python314\Lib\site-packages\telegram\ext\_updater.py", line 340, in polling_action_cb
    updates = await self.bot.get_updates(
              ^^^^^^^^^^^^^^^^^^^^^^^^^^^
    ...<3 lines>...
    )
    ^
  File "C:\Users\Usuario\AppData\Local\Programs\Python\Python314\Lib\site-packages\telegram\ext\_extbot.py", line 680, in get_updates
    updates = await super().get_updates(
              ^^^^^^^^^^^^^^^^^^^^^^^^^^
    ...<9 lines>...
    )
    ^
  File "C:\Users\Usuario\AppData\Local\Programs\Python\Python314\Lib\site-packages\telegram\_bot.py", line 4767, in get_updates
    await self._post(
    ^^^^^^^^^^^^^^^^^
    ...<7 lines>...
    ),
    ^
  File "C:\Users\Usuario\AppData\Local\Programs\Python\Python314\Lib\site-packages\telegram\_bot.py", line 712, in _post
    return await self._do_post(
           ^^^^^^^^^^^^^^^^^^^^
    ...<6 lines>...
    )
    ^
  File "C:\Users\Usuario\AppData\Local\Programs\Python\Python314\Lib\site-packages\telegram\ext\_extbot.py", line 378, in _do_post
    return await super()._do_post(
           ^^^^^^^^^^^^^^^^^^^^^^^
    ...<6 lines>...
    )
    ^
  File "C:\Users\Usuario\AppData\Local\Programs\Python\Python314\Lib\site-packages\telegram\_bot.py", line 741, in _do_post
    result = await request.post(
             ^^^^^^^^^^^^^^^^^^^
    ...<6 lines>...
    )
    ^
  File "C:\Users\Usuario\AppData\Local\Programs\Python\Python314\Lib\site-packages\telegram\request\_baserequest.py", line 198, in post
    result = await self._request_wrapper(
             ^^^^^^^^^^^^^^^^^^^^^^^^^^^^
    ...<7 lines>...
    )
    ^
  File "C:\Users\Usuario\AppData\Local\Programs\Python\Python314\Lib\site-packages\telegram\request\_baserequest.py", line 375, in _request_wrapper
    raise exception
telegram.error.Conflict: Conflict: terminated by other getUpdates request; make sure that only one bot instance is running
2026-08-21 15:43:30,244 INFO HTTP Request: POST https://api.telegram.org/bot8853478714:AAGC7W_ilTDh48WegRYq5OPfHZpb2I3r018/getUpdates "HTTP/1.1 409 Conflict"
2026-08-21 15:43:30,245 ERROR Error no controlado en Telegram
Traceback (most recent call last):
  File "C:\Users\Usuario\AppData\Local\Programs\Python\Python314\Lib\site-packages\telegram\ext\_utils\networkloop.py", line 161, in network_retry_loop
    await do_action()
  File "C:\Users\Usuario\AppData\Local\Programs\Python\Python314\Lib\site-packages\telegram\ext\_utils\networkloop.py", line 154, in do_action
    action_cb_task.result()
    ~~~~~~~~~~~~~~~~~~~~~^^
  File "C:\Users\Usuario\AppData\Local\Programs\Python\Python314\Lib\site-packages\telegram\ext\_updater.py", line 340, in polling_action_cb
    updates = await self.bot.get_updates(
              ^^^^^^^^^^^^^^^^^^^^^^^^^^^
    ...<3 lines>...
    )
    ^
  File "C:\Users\Usuario\AppData\Local\Programs\Python\Python314\Lib\site-packages\telegram\ext\_extbot.py", line 680, in get_updates
    updates = await super().get_updates(
              ^^^^^^^^^^^^^^^^^^^^^^^^^^
    ...<9 lines>...
    )
    ^
  File "C:\Users\Usuario\AppData\Local\Programs\Python\Python314\Lib\site-packages\telegram\_bot.py", line 4767, in get_updates
    await self._post(
    ^^^^^^^^^^^^^^^^^
    ...<7 lines>...
    ),
    ^
  File "C:\Users\Usuario\AppData\Local\Programs\Python\Python314\Lib\site-packages\telegram\_bot.py", line 712, in _post
    return await self._do_post(
           ^^^^^^^^^^^^^^^^^^^^
    ...<6 lines>...
    )
    ^
  File "C:\Users\Usuario\AppData\Local\Programs\Python\Python314\Lib\site-packages\telegram\ext\_extbot.py", line 378, in _do_post
    return await super()._do_post(
           ^^^^^^^^^^^^^^^^^^^^^^^
    ...<6 lines>...
    )
    ^
  File "C:\Users\Usuario\AppData\Local\Programs\Python\Python314\Lib\site-packages\telegram\_bot.py", line 741, in _do_post
    result = await request.post(
             ^^^^^^^^^^^^^^^^^^^
    ...<6 lines>...
    )
    ^
  File "C:\Users\Usuario\AppData\Local\Programs\Python\Python314\Lib\site-packages\telegram\request\_baserequest.py", line 198, in post
    result = await self._request_wrapper(
             ^^^^^^^^^^^^^^^^^^^^^^^^^^^^
    ...<7 lines>...
    )
    ^
  File "C:\Users\Usuario\AppData\Local\Programs\Python\Python314\Lib\site-packages\telegram\request\_baserequest.py", line 375, in _request_wrapper
    raise exception
telegram.error.Conflict: Conflict: terminated by other getUpdates request; make sure that only one bot instance is running
2026-08-21 15:43:35,636 INFO HTTP Request: POST https://api.telegram.org/bot8853478714:AAGC7W_ilTDh48WegRYq5OPfHZpb2I3r018/getUpdates "HTTP/1.1 409 Conflict"
2026-08-21 15:43:35,637 ERROR Error no controlado en Telegram
Traceback (most recent call last):
  File "C:\Users\Usuario\AppData\Local\Programs\Python\Python314\Lib\site-packages\telegram\ext\_utils\networkloop.py", line 161, in network_retry_loop
    await do_action()
  File "C:\Users\Usuario\AppData\Local\Programs\Python\Python314\Lib\site-packages\telegram\ext\_utils\networkloop.py", line 154, in do_action
    action_cb_task.result()
    ~~~~~~~~~~~~~~~~~~~~~^^
  File "C:\Users\Usuario\AppData\Local\Programs\Python\Python314\Lib\site-packages\telegram\ext\_updater.py", line 340, in polling_action_cb
    updates = await self.bot.get_updates(
              ^^^^^^^^^^^^^^^^^^^^^^^^^^^
    ...<3 lines>...
    )
    ^
  File "C:\Users\Usuario\AppData\Local\Programs\Python\Python314\Lib\site-packages\telegram\ext\_extbot.py", line 680, in get_updates
    updates = await super().get_updates(
              ^^^^^^^^^^^^^^^^^^^^^^^^^^
    ...<9 lines>...
    )
    ^
  File "C:\Users\Usuario\AppData\Local\Programs\Python\Python314\Lib\site-packages\telegram\_bot.py", line 4767, in get_updates
    await self._post(
    ^^^^^^^^^^^^^^^^^
    ...<7 lines>...
    ),
    ^
  File "C:\Users\Usuario\AppData\Local\Programs\Python\Python314\Lib\site-packages\telegram\_bot.py", line 712, in _post
    return await self._do_post(
           ^^^^^^^^^^^^^^^^^^^^
    ...<6 lines>...
    )
    ^
  File "C:\Users\Usuario\AppData\Local\Programs\Python\Python314\Lib\site-packages\telegram\ext\_extbot.py", line 378, in _do_post
    return await super()._do_post(
           ^^^^^^^^^^^^^^^^^^^^^^^
    ...<6 lines>...
    )
    ^
  File "C:\Users\Usuario\AppData\Local\Programs\Python\Python314\Lib\site-packages\telegram\_bot.py", line 741, in _do_post
    result = await request.post(
             ^^^^^^^^^^^^^^^^^^^
    ...<6 lines>...
    )
    ^
  File "C:\Users\Usuario\AppData\Local\Programs\Python\Python314\Lib\site-packages\telegram\request\_baserequest.py", line 198, in post
    result = await self._request_wrapper(
             ^^^^^^^^^^^^^^^^^^^^^^^^^^^^
    ...<7 lines>...
    )
    ^
  File "C:\Users\Usuario\AppData\Local\Programs\Python\Python314\Lib\site-packages\telegram\request\_baserequest.py", line 375, in _request_wrapper
    raise exception
telegram.error.Conflict: Conflict: terminated by other getUpdates request; make sure that only one bot instance is running
2026-08-21 15:43:42,636 INFO HTTP Request: POST https://api.telegram.org/bot8853478714:AAGC7W_ilTDh48WegRYq5OPfHZpb2I3r018/getUpdates "HTTP/1.1 200 OK"
2026-08-21 15:43:50,757 INFO HTTP Request: POST https://api.telegram.org/bot8853478714:AAGC7W_ilTDh48WegRYq5OPfHZpb2I3r018/getUpdates "HTTP/1.1 409 Conflict"
2026-08-21 15:43:50,759 ERROR Error no controlado en Telegram
Traceback (most recent call last):
  File "C:\Users\Usuario\AppData\Local\Programs\Python\Python314\Lib\site-packages\telegram\ext\_utils\networkloop.py", line 161, in network_retry_loop
    await do_action()
  File "C:\Users\Usuario\AppData\Local\Programs\Python\Python314\Lib\site-packages\telegram\ext\_utils\networkloop.py", line 154, in do_action
    action_cb_task.result()
    ~~~~~~~~~~~~~~~~~~~~~^^
  File "C:\Users\Usuario\AppData\Local\Programs\Python\Python314\Lib\site-packages\telegram\ext\_updater.py", line 340, in polling_action_cb
    updates = await self.bot.get_updates(
              ^^^^^^^^^^^^^^^^^^^^^^^^^^^
    ...<3 lines>...
    )
    ^
  File "C:\Users\Usuario\AppData\Local\Programs\Python\Python314\Lib\site-packages\telegram\ext\_extbot.py", line 680, in get_updates
    updates = await super().get_updates(
              ^^^^^^^^^^^^^^^^^^^^^^^^^^
    ...<9 lines>...
    )
    ^
  File "C:\Users\Usuario\AppData\Local\Programs\Python\Python314\Lib\site-packages\telegram\_bot.py", line 4767, in get_updates
    await self._post(
    ^^^^^^^^^^^^^^^^^
    ...<7 lines>...
    ),
    ^
  File "C:\Users\Usuario\AppData\Local\Programs\Python\Python314\Lib\site-packages\telegram\_bot.py", line 712, in _post
    return await self._do_post(
           ^^^^^^^^^^^^^^^^^^^^
    ...<6 lines>...
    )
    ^
  File "C:\Users\Usuario\AppData\Local\Programs\Python\Python314\Lib\site-packages\telegram\ext\_extbot.py", line 378, in _do_post
    return await super()._do_post(
           ^^^^^^^^^^^^^^^^^^^^^^^
    ...<6 lines>...
    )
    ^
  File "C:\Users\Usuario\AppData\Local\Programs\Python\Python314\Lib\site-packages\telegram\_bot.py", line 741, in _do_post
    result = await request.post(
             ^^^^^^^^^^^^^^^^^^^
    ...<6 lines>...
    )
    ^
  File "C:\Users\Usuario\AppData\Local\Programs\Python\Python314\Lib\site-packages\telegram\request\_baserequest.py", line 198, in post
    result = await self._request_wrapper(
             ^^^^^^^^^^^^^^^^^^^^^^^^^^^^
    ...<7 lines>...
    )
    ^
  File "C:\Users\Usuario\AppData\Local\Programs\Python\Python314\Lib\site-packages\telegram\request\_baserequest.py", line 375, in _request_wrapper
    raise exception
telegram.error.Conflict: Conflict: terminated by other getUpdates request; make sure that only one bot instance is running
2026-08-21 15:44:00,527 INFO HTTP Request: POST https://api.telegram.org/bot8853478714:AAGC7W_ilTDh48WegRYq5OPfHZpb2I3r018/getUpdates "HTTP/1.1 409 Conflict"
2026-08-21 15:44:00,528 ERROR Error no controlado en Telegram
Traceback (most recent call last):
  File "C:\Users\Usuario\AppData\Local\Programs\Python\Python314\Lib\site-packages\telegram\ext\_utils\networkloop.py", line 161, in network_retry_loop
    await do_action()
  File "C:\Users\Usuario\AppData\Local\Programs\Python\Python314\Lib\site-packages\telegram\ext\_utils\networkloop.py", line 154, in do_action
    action_cb_task.result()
    ~~~~~~~~~~~~~~~~~~~~~^^
  File "C:\Users\Usuario\AppData\Local\Programs\Python\Python314\Lib\site-packages\telegram\ext\_updater.py", line 340, in polling_action_cb
    updates = await self.bot.get_updates(
              ^^^^^^^^^^^^^^^^^^^^^^^^^^^
    ...<3 lines>...
    )
    ^
  File "C:\Users\Usuario\AppData\Local\Programs\Python\Python314\Lib\site-packages\telegram\ext\_extbot.py", line 680, in get_updates
    updates = await super().get_updates(
              ^^^^^^^^^^^^^^^^^^^^^^^^^^
    ...<9 lines>...
    )
    ^
  File "C:\Users\Usuario\AppData\Local\Programs\Python\Python314\Lib\site-packages\telegram\_bot.py", line 4767, in get_updates
    await self._post(
    ^^^^^^^^^^^^^^^^^
    ...<7 lines>...
    ),
    ^
  File "C:\Users\Usuario\AppData\Local\Programs\Python\Python314\Lib\site-packages\telegram\_bot.py", line 712, in _post
    return await self._do_post(
           ^^^^^^^^^^^^^^^^^^^^
    ...<6 lines>...
    )
    ^
  File "C:\Users\Usuario\AppData\Local\Programs\Python\Python314\Lib\site-packages\telegram\ext\_extbot.py", line 378, in _do_post
    return await super()._do_post(
           ^^^^^^^^^^^^^^^^^^^^^^^
    ...<6 lines>...
    )
    ^
  File "C:\Users\Usuario\AppData\Local\Programs\Python\Python314\Lib\site-packages\telegram\_bot.py", line 741, in _do_post
    result = await request.post(
             ^^^^^^^^^^^^^^^^^^^
    ...<6 lines>...
    )
    ^
  File "C:\Users\Usuario\AppData\Local\Programs\Python\Python314\Lib\site-packages\telegram\request\_baserequest.py", line 198, in post
    result = await self._request_wrapper(
             ^^^^^^^^^^^^^^^^^^^^^^^^^^^^
    ...<7 lines>...
    )
    ^
  File "C:\Users\Usuario\AppData\Local\Programs\Python\Python314\Lib\site-packages\telegram\request\_baserequest.py", line 375, in _request_wrapper
    raise exception
telegram.error.Conflict: Conflict: terminated by other getUpdates request; make sure that only one bot instance is running
2026-08-21 15:44:06,258 INFO HTTP Request: POST https://api.telegram.org/bot8853478714:AAGC7W_ilTDh48WegRYq5OPfHZpb2I3r018/getUpdates "HTTP/1.1 409 Conflict"
2026-08-21 15:44:06,259 ERROR Error no controlado en Telegram
Traceback (most recent call last):
  File "C:\Users\Usuario\AppData\Local\Programs\Python\Python314\Lib\site-packages\telegram\ext\_utils\networkloop.py", line 161, in network_retry_loop
    await do_action()
  File "C:\Users\Usuario\AppData\Local\Programs\Python\Python314\Lib\site-packages\telegram\ext\_utils\networkloop.py", line 154, in do_action
    action_cb_task.result()
    ~~~~~~~~~~~~~~~~~~~~~^^
  File "C:\Users\Usuario\AppData\Local\Programs\Python\Python314\Lib\site-packages\telegram\ext\_updater.py", line 340, in polling_action_cb
    updates = await self.bot.get_updates(
              ^^^^^^^^^^^^^^^^^^^^^^^^^^^
    ...<3 lines>...
    )
    ^
  File "C:\Users\Usuario\AppData\Local\Programs\Python\Python314\Lib\site-packages\telegram\ext\_extbot.py", line 680, in get_updates
    updates = await super().get_updates(
              ^^^^^^^^^^^^^^^^^^^^^^^^^^
    ...<9 lines>...
    )
    ^
  File "C:\Users\Usuario\AppData\Local\Programs\Python\Python314\Lib\site-packages\telegram\_bot.py", line 4767, in get_updates
    await self._post(
    ^^^^^^^^^^^^^^^^^
    ...<7 lines>...
    ),
    ^
  File "C:\Users\Usuario\AppData\Local\Programs\Python\Python314\Lib\site-packages\telegram\_bot.py", line 712, in _post
    return await self._do_post(
           ^^^^^^^^^^^^^^^^^^^^
    ...<6 lines>...
    )
    ^
  File "C:\Users\Usuario\AppData\Local\Programs\Python\Python314\Lib\site-packages\telegram\ext\_extbot.py", line 378, in _do_post
    return await super()._do_post(
           ^^^^^^^^^^^^^^^^^^^^^^^
    ...<6 lines>...
    )
    ^
  File "C:\Users\Usuario\AppData\Local\Programs\Python\Python314\Lib\site-packages\telegram\_bot.py", line 741, in _do_post
    result = await request.post(
             ^^^^^^^^^^^^^^^^^^^
    ...<6 lines>...
    )
    ^
  File "C:\Users\Usuario\AppData\Local\Programs\Python\Python314\Lib\site-packages\telegram\request\_baserequest.py", line 198, in post
    result = await self._request_wrapper(
             ^^^^^^^^^^^^^^^^^^^^^^^^^^^^
    ...<7 lines>...
    )
    ^
  File "C:\Users\Usuario\AppData\Local\Programs\Python\Python314\Lib\site-packages\telegram\request\_baserequest.py", line 375, in _request_wrapper
    raise exception
telegram.error.Conflict: Conflict: terminated by other getUpdates request; make sure that only one bot instance is running
2026-08-21 15:44:11,649 INFO HTTP Request: POST https://api.telegram.org/bot8853478714:AAGC7W_ilTDh48WegRYq5OPfHZpb2I3r018/getUpdates "HTTP/1.1 409 Conflict"
2026-08-21 15:44:11,651 ERROR Error no controlado en Telegram
Traceback (most recent call last):
  File "C:\Users\Usuario\AppData\Local\Programs\Python\Python314\Lib\site-packages\telegram\ext\_utils\networkloop.py", line 161, in network_retry_loop
    await do_action()
  File "C:\Users\Usuario\AppData\Local\Programs\Python\Python314\Lib\site-packages\telegram\ext\_utils\networkloop.py", line 154, in do_action
    action_cb_task.result()
    ~~~~~~~~~~~~~~~~~~~~~^^
  File "C:\Users\Usuario\AppData\Local\Programs\Python\Python314\Lib\site-packages\telegram\ext\_updater.py", line 340, in polling_action_cb
    updates = await self.bot.get_updates(
              ^^^^^^^^^^^^^^^^^^^^^^^^^^^
    ...<3 lines>...
    )
    ^
  File "C:\Users\Usuario\AppData\Local\Programs\Python\Python314\Lib\site-packages\telegram\ext\_extbot.py", line 680, in get_updates
    updates = await super().get_updates(
              ^^^^^^^^^^^^^^^^^^^^^^^^^^
    ...<9 lines>...
    )
    ^
  File "C:\Users\Usuario\AppData\Local\Programs\Python\Python314\Lib\site-packages\telegram\_bot.py", line 4767, in get_updates
    await self._post(
    ^^^^^^^^^^^^^^^^^
    ...<7 lines>...
    ),
    ^
  File "C:\Users\Usuario\AppData\Local\Programs\Python\Python314\Lib\site-packages\telegram\_bot.py", line 712, in _post
    return await self._do_post(
           ^^^^^^^^^^^^^^^^^^^^
    ...<6 lines>...
    )
    ^
  File "C:\Users\Usuario\AppData\Local\Programs\Python\Python314\Lib\site-packages\telegram\ext\_extbot.py", line 378, in _do_post
    return await super()._do_post(
           ^^^^^^^^^^^^^^^^^^^^^^^
    ...<6 lines>...
    )
    ^
  File "C:\Users\Usuario\AppData\Local\Programs\Python\Python314\Lib\site-packages\telegram\_bot.py", line 741, in _do_post
    result = await request.post(
             ^^^^^^^^^^^^^^^^^^^
    ...<6 lines>...
    )
    ^
  File "C:\Users\Usuario\AppData\Local\Programs\Python\Python314\Lib\site-packages\telegram\request\_baserequest.py", line 198, in post
    result = await self._request_wrapper(
             ^^^^^^^^^^^^^^^^^^^^^^^^^^^^
    ...<7 lines>...
    )
    ^
  File "C:\Users\Usuario\AppData\Local\Programs\Python\Python314\Lib\site-packages\telegram\request\_baserequest.py", line 375, in _request_wrapper
    raise exception
telegram.error.Conflict: Conflict: terminated by other getUpdates request; make sure that only one bot instance is running
2026-08-21 15:44:18,649 INFO HTTP Request: POST https://api.telegram.org/bot8853478714:AAGC7W_ilTDh48WegRYq5OPfHZpb2I3r018/getUpdates "HTTP/1.1 200 OK"
2026-08-21 15:44:25,373 INFO HTTP Request: POST https://api.telegram.org/bot8853478714:AAGC7W_ilTDh48WegRYq5OPfHZpb2I3r018/getUpdates "HTTP/1.1 409 Conflict"
2026-08-21 15:44:25,374 ERROR Error no controlado en Telegram
Traceback (most recent call last):
  File "C:\Users\Usuario\AppData\Local\Programs\Python\Python314\Lib\site-packages\telegram\ext\_utils\networkloop.py", line 161, in network_retry_loop
    await do_action()
  File "C:\Users\Usuario\AppData\Local\Programs\Python\Python314\Lib\site-packages\telegram\ext\_utils\networkloop.py", line 154, in do_action
    action_cb_task.result()
    ~~~~~~~~~~~~~~~~~~~~~^^
  File "C:\Users\Usuario\AppData\Local\Programs\Python\Python314\Lib\site-packages\telegram\ext\_updater.py", line 340, in polling_action_cb
    updates = await self.bot.get_updates(
              ^^^^^^^^^^^^^^^^^^^^^^^^^^^
    ...<3 lines>...
    )
    ^
  File "C:\Users\Usuario\AppData\Local\Programs\Python\Python314\Lib\site-packages\telegram\ext\_extbot.py", line 680, in get_updates
    updates = await super().get_updates(
              ^^^^^^^^^^^^^^^^^^^^^^^^^^
    ...<9 lines>...
    )
    ^
  File "C:\Users\Usuario\AppData\Local\Programs\Python\Python314\Lib\site-packages\telegram\_bot.py", line 4767, in get_updates
    await self._post(
    ^^^^^^^^^^^^^^^^^
    ...<7 lines>...
    ),
    ^
  File "C:\Users\Usuario\AppData\Local\Programs\Python\Python314\Lib\site-packages\telegram\_bot.py", line 712, in _post
    return await self._do_post(
           ^^^^^^^^^^^^^^^^^^^^
    ...<6 lines>...
    )
    ^
  File "C:\Users\Usuario\AppData\Local\Programs\Python\Python314\Lib\site-packages\telegram\ext\_extbot.py", line 378, in _do_post
    return await super()._do_post(
           ^^^^^^^^^^^^^^^^^^^^^^^
    ...<6 lines>...
    )
    ^
  File "C:\Users\Usuario\AppData\Local\Programs\Python\Python314\Lib\site-packages\telegram\_bot.py", line 741, in _do_post
    result = await request.post(
             ^^^^^^^^^^^^^^^^^^^
    ...<6 lines>...
    )
    ^
  File "C:\Users\Usuario\AppData\Local\Programs\Python\Python314\Lib\site-packages\telegram\request\_baserequest.py", line 198, in post
    result = await self._request_wrapper(
             ^^^^^^^^^^^^^^^^^^^^^^^^^^^^
    ...<7 lines>...
    )
    ^
  File "C:\Users\Usuario\AppData\Local\Programs\Python\Python314\Lib\site-packages\telegram\request\_baserequest.py", line 375, in _request_wrapper
    raise exception
telegram.error.Conflict: Conflict: terminated by other getUpdates request; make sure that only one bot instance is running
2026-08-21 15:44:36,329 INFO HTTP Request: POST https://api.telegram.org/bot8853478714:AAGC7W_ilTDh48WegRYq5OPfHZpb2I3r018/getUpdates "HTTP/1.1 409 Conflict"
2026-08-21 15:44:36,331 ERROR Error no controlado en Telegram
Traceback (most recent call last):
  File "C:\Users\Usuario\AppData\Local\Programs\Python\Python314\Lib\site-packages\telegram\ext\_utils\networkloop.py", line 161, in network_retry_loop
    await do_action()
  File "C:\Users\Usuario\AppData\Local\Programs\Python\Python314\Lib\site-packages\telegram\ext\_utils\networkloop.py", line 154, in do_action
    action_cb_task.result()
    ~~~~~~~~~~~~~~~~~~~~~^^
  File "C:\Users\Usuario\AppData\Local\Programs\Python\Python314\Lib\site-packages\telegram\ext\_updater.py", line 340, in polling_action_cb
    updates = await self.bot.get_updates(
              ^^^^^^^^^^^^^^^^^^^^^^^^^^^
    ...<3 lines>...
    )
    ^
  File "C:\Users\Usuario\AppData\Local\Programs\Python\Python314\Lib\site-packages\telegram\ext\_extbot.py", line 680, in get_updates
    updates = await super().get_updates(
              ^^^^^^^^^^^^^^^^^^^^^^^^^^
    ...<9 lines>...
    )
    ^
  File "C:\Users\Usuario\AppData\Local\Programs\Python\Python314\Lib\site-packages\telegram\_bot.py", line 4767, in get_updates
    await self._post(
    ^^^^^^^^^^^^^^^^^
    ...<7 lines>...
    ),
    ^
  File "C:\Users\Usuario\AppData\Local\Programs\Python\Python314\Lib\site-packages\telegram\_bot.py", line 712, in _post
    return await self._do_post(
           ^^^^^^^^^^^^^^^^^^^^
    ...<6 lines>...
    )
    ^
  File "C:\Users\Usuario\AppData\Local\Programs\Python\Python314\Lib\site-packages\telegram\ext\_extbot.py", line 378, in _do_post
    return await super()._do_post(
           ^^^^^^^^^^^^^^^^^^^^^^^
    ...<6 lines>...
    )
    ^
  File "C:\Users\Usuario\AppData\Local\Programs\Python\Python314\Lib\site-packages\telegram\_bot.py", line 741, in _do_post
    result = await request.post(
             ^^^^^^^^^^^^^^^^^^^
    ...<6 lines>...
    )
    ^
  File "C:\Users\Usuario\AppData\Local\Programs\Python\Python314\Lib\site-packages\telegram\request\_baserequest.py", line 198, in post
    result = await self._request_wrapper(
             ^^^^^^^^^^^^^^^^^^^^^^^^^^^^
    ...<7 lines>...
    )
    ^
  File "C:\Users\Usuario\AppData\Local\Programs\Python\Python314\Lib\site-packages\telegram\request\_baserequest.py", line 375, in _request_wrapper
    raise exception
telegram.error.Conflict: Conflict: terminated by other getUpdates request; make sure that only one bot instance is running
2026-08-21 15:44:42,076 INFO HTTP Request: POST https://api.telegram.org/bot8853478714:AAGC7W_ilTDh48WegRYq5OPfHZpb2I3r018/getUpdates "HTTP/1.1 409 Conflict"
2026-08-21 15:44:42,077 ERROR Error no controlado en Telegram
Traceback (most recent call last):
  File "C:\Users\Usuario\AppData\Local\Programs\Python\Python314\Lib\site-packages\telegram\ext\_utils\networkloop.py", line 161, in network_retry_loop
    await do_action()
  File "C:\Users\Usuario\AppData\Local\Programs\Python\Python314\Lib\site-packages\telegram\ext\_utils\networkloop.py", line 154, in do_action
    action_cb_task.result()
    ~~~~~~~~~~~~~~~~~~~~~^^
  File "C:\Users\Usuario\AppData\Local\Programs\Python\Python314\Lib\site-packages\telegram\ext\_updater.py", line 340, in polling_action_cb
    updates = await self.bot.get_updates(
              ^^^^^^^^^^^^^^^^^^^^^^^^^^^
    ...<3 lines>...
    )
    ^
  File "C:\Users\Usuario\AppData\Local\Programs\Python\Python314\Lib\site-packages\telegram\ext\_extbot.py", line 680, in get_updates
    updates = await super().get_updates(
              ^^^^^^^^^^^^^^^^^^^^^^^^^^
    ...<9 lines>...
    )
    ^
  File "C:\Users\Usuario\AppData\Local\Programs\Python\Python314\Lib\site-packages\telegram\_bot.py", line 4767, in get_updates
    await self._post(
    ^^^^^^^^^^^^^^^^^
    ...<7 lines>...
    ),
    ^
  File "C:\Users\Usuario\AppData\Local\Programs\Python\Python314\Lib\site-packages\telegram\_bot.py", line 712, in _post
    return await self._do_post(
           ^^^^^^^^^^^^^^^^^^^^
    ...<6 lines>...
    )
    ^
  File "C:\Users\Usuario\AppData\Local\Programs\Python\Python314\Lib\site-packages\telegram\ext\_extbot.py", line 378, in _do_post
    return await super()._do_post(
           ^^^^^^^^^^^^^^^^^^^^^^^
    ...<6 lines>...
    )
    ^
  File "C:\Users\Usuario\AppData\Local\Programs\Python\Python314\Lib\site-packages\telegram\_bot.py", line 741, in _do_post
    result = await request.post(
             ^^^^^^^^^^^^^^^^^^^
    ...<6 lines>...
    )
    ^
  File "C:\Users\Usuario\AppData\Local\Programs\Python\Python314\Lib\site-packages\telegram\request\_baserequest.py", line 198, in post
    result = await self._request_wrapper(
             ^^^^^^^^^^^^^^^^^^^^^^^^^^^^
    ...<7 lines>...
    )
    ^
  File "C:\Users\Usuario\AppData\Local\Programs\Python\Python314\Lib\site-packages\telegram\request\_baserequest.py", line 375, in _request_wrapper
    raise exception
telegram.error.Conflict: Conflict: terminated by other getUpdates request; make sure that only one bot instance is running
2026-08-21 15:44:47,460 INFO HTTP Request: POST https://api.telegram.org/bot8853478714:AAGC7W_ilTDh48WegRYq5OPfHZpb2I3r018/getUpdates "HTTP/1.1 409 Conflict"
2026-08-21 15:44:47,461 ERROR Error no controlado en Telegram
Traceback (most recent call last):
  File "C:\Users\Usuario\AppData\Local\Programs\Python\Python314\Lib\site-packages\telegram\ext\_utils\networkloop.py", line 161, in network_retry_loop
    await do_action()
  File "C:\Users\Usuario\AppData\Local\Programs\Python\Python314\Lib\site-packages\telegram\ext\_utils\networkloop.py", line 154, in do_action
    action_cb_task.result()
    ~~~~~~~~~~~~~~~~~~~~~^^
  File "C:\Users\Usuario\AppData\Local\Programs\Python\Python314\Lib\site-packages\telegram\ext\_updater.py", line 340, in polling_action_cb
    updates = await self.bot.get_updates(
              ^^^^^^^^^^^^^^^^^^^^^^^^^^^
    ...<3 lines>...
    )
    ^
  File "C:\Users\Usuario\AppData\Local\Programs\Python\Python314\Lib\site-packages\telegram\ext\_extbot.py", line 680, in get_updates
    updates = await super().get_updates(
              ^^^^^^^^^^^^^^^^^^^^^^^^^^
    ...<9 lines>...
    )
    ^
  File "C:\Users\Usuario\AppData\Local\Programs\Python\Python314\Lib\site-packages\telegram\_bot.py", line 4767, in get_updates
    await self._post(
    ^^^^^^^^^^^^^^^^^
    ...<7 lines>...
    ),
    ^
  File "C:\Users\Usuario\AppData\Local\Programs\Python\Python314\Lib\site-packages\telegram\_bot.py", line 712, in _post
    return await self._do_post(
           ^^^^^^^^^^^^^^^^^^^^
    ...<6 lines>...
    )
    ^
  File "C:\Users\Usuario\AppData\Local\Programs\Python\Python314\Lib\site-packages\telegram\ext\_extbot.py", line 378, in _do_post
    return await super()._do_post(
           ^^^^^^^^^^^^^^^^^^^^^^^
    ...<6 lines>...
    )
    ^
  File "C:\Users\Usuario\AppData\Local\Programs\Python\Python314\Lib\site-packages\telegram\_bot.py", line 741, in _do_post
    result = await request.post(
             ^^^^^^^^^^^^^^^^^^^
    ...<6 lines>...
    )
    ^
  File "C:\Users\Usuario\AppData\Local\Programs\Python\Python314\Lib\site-packages\telegram\request\_baserequest.py", line 198, in post
    result = await self._request_wrapper(
             ^^^^^^^^^^^^^^^^^^^^^^^^^^^^
    ...<7 lines>...
    )
    ^
  File "C:\Users\Usuario\AppData\Local\Programs\Python\Python314\Lib\site-packages\telegram\request\_baserequest.py", line 375, in _request_wrapper
    raise exception
telegram.error.Conflict: Conflict: terminated by other getUpdates request; make sure that only one bot instance is running
2026-08-21 15:44:54,459 INFO HTTP Request: POST https://api.telegram.org/bot8853478714:AAGC7W_ilTDh48WegRYq5OPfHZpb2I3r018/getUpdates "HTTP/1.1 200 OK"
2026-08-21 15:44:59,974 INFO HTTP Request: POST https://api.telegram.org/bot8853478714:AAGC7W_ilTDh48WegRYq5OPfHZpb2I3r018/getUpdates "HTTP/1.1 409 Conflict"
2026-08-21 15:44:59,977 ERROR Error no controlado en Telegram
Traceback (most recent call last):
  File "C:\Users\Usuario\AppData\Local\Programs\Python\Python314\Lib\site-packages\telegram\ext\_utils\networkloop.py", line 161, in network_retry_loop
    await do_action()
  File "C:\Users\Usuario\AppData\Local\Programs\Python\Python314\Lib\site-packages\telegram\ext\_utils\networkloop.py", line 154, in do_action
    action_cb_task.result()
    ~~~~~~~~~~~~~~~~~~~~~^^
  File "C:\Users\Usuario\AppData\Local\Programs\Python\Python314\Lib\site-packages\telegram\ext\_updater.py", line 340, in polling_action_cb
    updates = await self.bot.get_updates(
              ^^^^^^^^^^^^^^^^^^^^^^^^^^^
    ...<3 lines>...
    )
    ^
  File "C:\Users\Usuario\AppData\Local\Programs\Python\Python314\Lib\site-packages\telegram\ext\_extbot.py", line 680, in get_updates
    updates = await super().get_updates(
              ^^^^^^^^^^^^^^^^^^^^^^^^^^
    ...<9 lines>...
    )
    ^
  File "C:\Users\Usuario\AppData\Local\Programs\Python\Python314\Lib\site-packages\telegram\_bot.py", line 4767, in get_updates
    await self._post(
    ^^^^^^^^^^^^^^^^^
    ...<7 lines>...
    ),
    ^
  File "C:\Users\Usuario\AppData\Local\Programs\Python\Python314\Lib\site-packages\telegram\_bot.py", line 712, in _post
    return await self._do_post(
           ^^^^^^^^^^^^^^^^^^^^
    ...<6 lines>...
    )
    ^
  File "C:\Users\Usuario\AppData\Local\Programs\Python\Python314\Lib\site-packages\telegram\ext\_extbot.py", line 378, in _do_post
    return await super()._do_post(
           ^^^^^^^^^^^^^^^^^^^^^^^
    ...<6 lines>...
    )
    ^
  File "C:\Users\Usuario\AppData\Local\Programs\Python\Python314\Lib\site-packages\telegram\_bot.py", line 741, in _do_post
    result = await request.post(
             ^^^^^^^^^^^^^^^^^^^
    ...<6 lines>...
    )
    ^
  File "C:\Users\Usuario\AppData\Local\Programs\Python\Python314\Lib\site-packages\telegram\request\_baserequest.py", line 198, in post
    result = await self._request_wrapper(
             ^^^^^^^^^^^^^^^^^^^^^^^^^^^^
    ...<7 lines>...
    )
    ^
  File "C:\Users\Usuario\AppData\Local\Programs\Python\Python314\Lib\site-packages\telegram\request\_baserequest.py", line 375, in _request_wrapper
    raise exception
telegram.error.Conflict: Conflict: terminated by other getUpdates request; make sure that only one bot instance is running
2026-08-21 15:45:11,116 INFO HTTP Request: POST https://api.telegram.org/bot8853478714:AAGC7W_ilTDh48WegRYq5OPfHZpb2I3r018/getUpdates "HTTP/1.1 200 OK"
2026-08-21 15:45:11,478 INFO HTTP Request: POST https://api.telegram.org/bot8853478714:AAGC7W_ilTDh48WegRYq5OPfHZpb2I3r018/getUpdates "HTTP/1.1 409 Conflict"
2026-08-21 15:45:11,479 ERROR Error no controlado en Telegram
Traceback (most recent call last):
  File "C:\Users\Usuario\AppData\Local\Programs\Python\Python314\Lib\site-packages\telegram\ext\_utils\networkloop.py", line 161, in network_retry_loop
    await do_action()
  File "C:\Users\Usuario\AppData\Local\Programs\Python\Python314\Lib\site-packages\telegram\ext\_utils\networkloop.py", line 154, in do_action
    action_cb_task.result()
    ~~~~~~~~~~~~~~~~~~~~~^^
  File "C:\Users\Usuario\AppData\Local\Programs\Python\Python314\Lib\site-packages\telegram\ext\_updater.py", line 340, in polling_action_cb
    updates = await self.bot.get_updates(
              ^^^^^^^^^^^^^^^^^^^^^^^^^^^
    ...<3 lines>...
    )
    ^
  File "C:\Users\Usuario\AppData\Local\Programs\Python\Python314\Lib\site-packages\telegram\ext\_extbot.py", line 680, in get_updates
    updates = await super().get_updates(
              ^^^^^^^^^^^^^^^^^^^^^^^^^^
    ...<9 lines>...
    )
    ^
  File "C:\Users\Usuario\AppData\Local\Programs\Python\Python314\Lib\site-packages\telegram\_bot.py", line 4767, in get_updates
    await self._post(
    ^^^^^^^^^^^^^^^^^
    ...<7 lines>...
    ),
    ^
  File "C:\Users\Usuario\AppData\Local\Programs\Python\Python314\Lib\site-packages\telegram\_bot.py", line 712, in _post
    return await self._do_post(
           ^^^^^^^^^^^^^^^^^^^^
    ...<6 lines>...
    )
    ^
  File "C:\Users\Usuario\AppData\Local\Programs\Python\Python314\Lib\site-packages\telegram\ext\_extbot.py", line 378, in _do_post
    return await super()._do_post(
           ^^^^^^^^^^^^^^^^^^^^^^^
    ...<6 lines>...
    )
    ^
  File "C:\Users\Usuario\AppData\Local\Programs\Python\Python314\Lib\site-packages\telegram\_bot.py", line 741, in _do_post
    result = await request.post(
             ^^^^^^^^^^^^^^^^^^^
    ...<6 lines>...
    )
    ^
  File "C:\Users\Usuario\AppData\Local\Programs\Python\Python314\Lib\site-packages\telegram\request\_baserequest.py", line 198, in post
    result = await self._request_wrapper(
             ^^^^^^^^^^^^^^^^^^^^^^^^^^^^
    ...<7 lines>...
    )
    ^
  File "C:\Users\Usuario\AppData\Local\Programs\Python\Python314\Lib\site-packages\telegram\request\_baserequest.py", line 375, in _request_wrapper
    raise exception
telegram.error.Conflict: Conflict: terminated by other getUpdates request; make sure that only one bot instance is running
2026-08-21 15:45:17,880 INFO HTTP Request: POST https://api.telegram.org/bot8853478714:AAGC7W_ilTDh48WegRYq5OPfHZpb2I3r018/getUpdates "HTTP/1.1 409 Conflict"
2026-08-21 15:45:17,882 ERROR Error no controlado en Telegram
Traceback (most recent call last):
  File "C:\Users\Usuario\AppData\Local\Programs\Python\Python314\Lib\site-packages\telegram\ext\_utils\networkloop.py", line 161, in network_retry_loop
    await do_action()
  File "C:\Users\Usuario\AppData\Local\Programs\Python\Python314\Lib\site-packages\telegram\ext\_utils\networkloop.py", line 154, in do_action
    action_cb_task.result()
    ~~~~~~~~~~~~~~~~~~~~~^^
  File "C:\Users\Usuario\AppData\Local\Programs\Python\Python314\Lib\site-packages\telegram\ext\_updater.py", line 340, in polling_action_cb
    updates = await self.bot.get_updates(
              ^^^^^^^^^^^^^^^^^^^^^^^^^^^
    ...<3 lines>...
    )
    ^
  File "C:\Users\Usuario\AppData\Local\Programs\Python\Python314\Lib\site-packages\telegram\ext\_extbot.py", line 680, in get_updates
    updates = await super().get_updates(
              ^^^^^^^^^^^^^^^^^^^^^^^^^^
    ...<9 lines>...
    )
    ^
  File "C:\Users\Usuario\AppData\Local\Programs\Python\Python314\Lib\site-packages\telegram\_bot.py", line 4767, in get_updates
    await self._post(
    ^^^^^^^^^^^^^^^^^
    ...<7 lines>...
    ),
    ^
  File "C:\Users\Usuario\AppData\Local\Programs\Python\Python314\Lib\site-packages\telegram\_bot.py", line 712, in _post
    return await self._do_post(
           ^^^^^^^^^^^^^^^^^^^^
    ...<6 lines>...
    )
    ^
  File "C:\Users\Usuario\AppData\Local\Programs\Python\Python314\Lib\site-packages\telegram\ext\_extbot.py", line 378, in _do_post
    return await super()._do_post(
           ^^^^^^^^^^^^^^^^^^^^^^^
    ...<6 lines>...
    )
    ^
  File "C:\Users\Usuario\AppData\Local\Programs\Python\Python314\Lib\site-packages\telegram\_bot.py", line 741, in _do_post
    result = await request.post(
             ^^^^^^^^^^^^^^^^^^^
    ...<6 lines>...
    )
    ^
  File "C:\Users\Usuario\AppData\Local\Programs\Python\Python314\Lib\site-packages\telegram\request\_baserequest.py", line 198, in post
    result = await self._request_wrapper(
             ^^^^^^^^^^^^^^^^^^^^^^^^^^^^
    ...<7 lines>...
    )
    ^
  File "C:\Users\Usuario\AppData\Local\Programs\Python\Python314\Lib\site-packages\telegram\request\_baserequest.py", line 375, in _request_wrapper
    raise exception
telegram.error.Conflict: Conflict: terminated by other getUpdates request; make sure that only one bot instance is running
2026-08-21 15:45:22,520 INFO HTTP Request: POST https://api.telegram.org/bot8853478714:AAGC7W_ilTDh48WegRYq5OPfHZpb2I3r018/getUpdates "HTTP/1.1 409 Conflict"
2026-08-21 15:45:22,522 ERROR Error no controlado en Telegram
Traceback (most recent call last):
  File "C:\Users\Usuario\AppData\Local\Programs\Python\Python314\Lib\site-packages\telegram\ext\_utils\networkloop.py", line 161, in network_retry_loop
    await do_action()
  File "C:\Users\Usuario\AppData\Local\Programs\Python\Python314\Lib\site-packages\telegram\ext\_utils\networkloop.py", line 154, in do_action
    action_cb_task.result()
    ~~~~~~~~~~~~~~~~~~~~~^^
  File "C:\Users\Usuario\AppData\Local\Programs\Python\Python314\Lib\site-packages\telegram\ext\_updater.py", line 340, in polling_action_cb
    updates = await self.bot.get_updates(
              ^^^^^^^^^^^^^^^^^^^^^^^^^^^
    ...<3 lines>...
    )
    ^
  File "C:\Users\Usuario\AppData\Local\Programs\Python\Python314\Lib\site-packages\telegram\ext\_extbot.py", line 680, in get_updates
    updates = await super().get_updates(
              ^^^^^^^^^^^^^^^^^^^^^^^^^^
    ...<9 lines>...
    )
    ^
  File "C:\Users\Usuario\AppData\Local\Programs\Python\Python314\Lib\site-packages\telegram\_bot.py", line 4767, in get_updates
    await self._post(
    ^^^^^^^^^^^^^^^^^
    ...<7 lines>...
    ),
    ^
  File "C:\Users\Usuario\AppData\Local\Programs\Python\Python314\Lib\site-packages\telegram\_bot.py", line 712, in _post
    return await self._do_post(
           ^^^^^^^^^^^^^^^^^^^^
    ...<6 lines>...
    )
    ^
  File "C:\Users\Usuario\AppData\Local\Programs\Python\Python314\Lib\site-packages\telegram\ext\_extbot.py", line 378, in _do_post
    return await super()._do_post(
           ^^^^^^^^^^^^^^^^^^^^^^^
    ...<6 lines>...
    )
    ^
  File "C:\Users\Usuario\AppData\Local\Programs\Python\Python314\Lib\site-packages\telegram\_bot.py", line 741, in _do_post
    result = await request.post(
             ^^^^^^^^^^^^^^^^^^^
    ...<6 lines>...
    )
    ^
  File "C:\Users\Usuario\AppData\Local\Programs\Python\Python314\Lib\site-packages\telegram\request\_baserequest.py", line 198, in post
    result = await self._request_wrapper(
             ^^^^^^^^^^^^^^^^^^^^^^^^^^^^
    ...<7 lines>...
    )
    ^
  File "C:\Users\Usuario\AppData\Local\Programs\Python\Python314\Lib\site-packages\telegram\request\_baserequest.py", line 375, in _request_wrapper
    raise exception
telegram.error.Conflict: Conflict: terminated by other getUpdates request; make sure that only one bot instance is running
2026-08-21 15:45:29,522 INFO HTTP Request: POST https://api.telegram.org/bot8853478714:AAGC7W_ilTDh48WegRYq5OPfHZpb2I3r018/getUpdates "HTTP/1.1 200 OK"
2026-08-21 15:45:34,586 INFO HTTP Request: POST https://api.telegram.org/bot8853478714:AAGC7W_ilTDh48WegRYq5OPfHZpb2I3r018/getUpdates "HTTP/1.1 409 Conflict"
2026-08-21 15:45:34,587 ERROR Error no controlado en Telegram
Traceback (most recent call last):
  File "C:\Users\Usuario\AppData\Local\Programs\Python\Python314\Lib\site-packages\telegram\ext\_utils\networkloop.py", line 161, in network_retry_loop
    await do_action()
  File "C:\Users\Usuario\AppData\Local\Programs\Python\Python314\Lib\site-packages\telegram\ext\_utils\networkloop.py", line 154, in do_action
    action_cb_task.result()
    ~~~~~~~~~~~~~~~~~~~~~^^
  File "C:\Users\Usuario\AppData\Local\Programs\Python\Python314\Lib\site-packages\telegram\ext\_updater.py", line 340, in polling_action_cb
    updates = await self.bot.get_updates(
              ^^^^^^^^^^^^^^^^^^^^^^^^^^^
    ...<3 lines>...
    )
    ^
  File "C:\Users\Usuario\AppData\Local\Programs\Python\Python314\Lib\site-packages\telegram\ext\_extbot.py", line 680, in get_updates
    updates = await super().get_updates(
              ^^^^^^^^^^^^^^^^^^^^^^^^^^
    ...<9 lines>...
    )
    ^
  File "C:\Users\Usuario\AppData\Local\Programs\Python\Python314\Lib\site-packages\telegram\_bot.py", line 4767, in get_updates
    await self._post(
    ^^^^^^^^^^^^^^^^^
    ...<7 lines>...
    ),
    ^
  File "C:\Users\Usuario\AppData\Local\Programs\Python\Python314\Lib\site-packages\telegram\_bot.py", line 712, in _post
    return await self._do_post(
           ^^^^^^^^^^^^^^^^^^^^
    ...<6 lines>...
    )
    ^
  File "C:\Users\Usuario\AppData\Local\Programs\Python\Python314\Lib\site-packages\telegram\ext\_extbot.py", line 378, in _do_post
    return await super()._do_post(
           ^^^^^^^^^^^^^^^^^^^^^^^
    ...<6 lines>...
    )
    ^
  File "C:\Users\Usuario\AppData\Local\Programs\Python\Python314\Lib\site-packages\telegram\_bot.py", line 741, in _do_post
    result = await request.post(
             ^^^^^^^^^^^^^^^^^^^
    ...<6 lines>...
    )
    ^
  File "C:\Users\Usuario\AppData\Local\Programs\Python\Python314\Lib\site-packages\telegram\request\_baserequest.py", line 198, in post
    result = await self._request_wrapper(
             ^^^^^^^^^^^^^^^^^^^^^^^^^^^^
    ...<7 lines>...
    )
    ^
  File "C:\Users\Usuario\AppData\Local\Programs\Python\Python314\Lib\site-packages\telegram\request\_baserequest.py", line 375, in _request_wrapper
    raise exception
telegram.error.Conflict: Conflict: terminated by other getUpdates request; make sure that only one bot instance is running
2026-08-21 15:45:45,723 INFO HTTP Request: POST https://api.telegram.org/bot8853478714:AAGC7W_ilTDh48WegRYq5OPfHZpb2I3r018/getUpdates "HTTP/1.1 200 OK"
2026-08-21 15:45:46,098 INFO HTTP Request: POST https://api.telegram.org/bot8853478714:AAGC7W_ilTDh48WegRYq5OPfHZpb2I3r018/getUpdates "HTTP/1.1 409 Conflict"
2026-08-21 15:45:46,099 ERROR Error no controlado en Telegram
Traceback (most recent call last):
  File "C:\Users\Usuario\AppData\Local\Programs\Python\Python314\Lib\site-packages\telegram\ext\_utils\networkloop.py", line 161, in network_retry_loop
    await do_action()
  File "C:\Users\Usuario\AppData\Local\Programs\Python\Python314\Lib\site-packages\telegram\ext\_utils\networkloop.py", line 154, in do_action
    action_cb_task.result()
    ~~~~~~~~~~~~~~~~~~~~~^^
  File "C:\Users\Usuario\AppData\Local\Programs\Python\Python314\Lib\site-packages\telegram\ext\_updater.py", line 340, in polling_action_cb
    updates = await self.bot.get_updates(
              ^^^^^^^^^^^^^^^^^^^^^^^^^^^
    ...<3 lines>...
    )
    ^
  File "C:\Users\Usuario\AppData\Local\Programs\Python\Python314\Lib\site-packages\telegram\ext\_extbot.py", line 680, in get_updates
    updates = await super().get_updates(
              ^^^^^^^^^^^^^^^^^^^^^^^^^^
    ...<9 lines>...
    )
    ^
  File "C:\Users\Usuario\AppData\Local\Programs\Python\Python314\Lib\site-packages\telegram\_bot.py", line 4767, in get_updates
    await self._post(
    ^^^^^^^^^^^^^^^^^
    ...<7 lines>...
    ),
    ^
  File "C:\Users\Usuario\AppData\Local\Programs\Python\Python314\Lib\site-packages\telegram\_bot.py", line 712, in _post
    return await self._do_post(
           ^^^^^^^^^^^^^^^^^^^^
    ...<6 lines>...
    )
    ^
  File "C:\Users\Usuario\AppData\Local\Programs\Python\Python314\Lib\site-packages\telegram\ext\_extbot.py", line 378, in _do_post
    return await super()._do_post(
           ^^^^^^^^^^^^^^^^^^^^^^^
    ...<6 lines>...
    )
    ^
  File "C:\Users\Usuario\AppData\Local\Programs\Python\Python314\Lib\site-packages\telegram\_bot.py", line 741, in _do_post
    result = await request.post(
             ^^^^^^^^^^^^^^^^^^^
    ...<6 lines>...
    )
    ^
  File "C:\Users\Usuario\AppData\Local\Programs\Python\Python314\Lib\site-packages\telegram\request\_baserequest.py", line 198, in post
    result = await self._request_wrapper(
             ^^^^^^^^^^^^^^^^^^^^^^^^^^^^
    ...<7 lines>...
    )
    ^
  File "C:\Users\Usuario\AppData\Local\Programs\Python\Python314\Lib\site-packages\telegram\request\_baserequest.py", line 375, in _request_wrapper
    raise exception
telegram.error.Conflict: Conflict: terminated by other getUpdates request; make sure that only one bot instance is running
2026-08-21 15:45:52,935 INFO HTTP Request: POST https://api.telegram.org/bot8853478714:AAGC7W_ilTDh48WegRYq5OPfHZpb2I3r018/getUpdates "HTTP/1.1 409 Conflict"
2026-08-21 15:45:52,936 ERROR Error no controlado en Telegram
Traceback (most recent call last):
  File "C:\Users\Usuario\AppData\Local\Programs\Python\Python314\Lib\site-packages\telegram\ext\_utils\networkloop.py", line 161, in network_retry_loop
    await do_action()
  File "C:\Users\Usuario\AppData\Local\Programs\Python\Python314\Lib\site-packages\telegram\ext\_utils\networkloop.py", line 154, in do_action
    action_cb_task.result()
    ~~~~~~~~~~~~~~~~~~~~~^^
  File "C:\Users\Usuario\AppData\Local\Programs\Python\Python314\Lib\site-packages\telegram\ext\_updater.py", line 340, in polling_action_cb
    updates = await self.bot.get_updates(
              ^^^^^^^^^^^^^^^^^^^^^^^^^^^
    ...<3 lines>...
    )
    ^
  File "C:\Users\Usuario\AppData\Local\Programs\Python\Python314\Lib\site-packages\telegram\ext\_extbot.py", line 680, in get_updates
    updates = await super().get_updates(
              ^^^^^^^^^^^^^^^^^^^^^^^^^^
    ...<9 lines>...
    )
    ^
  File "C:\Users\Usuario\AppData\Local\Programs\Python\Python314\Lib\site-packages\telegram\_bot.py", line 4767, in get_updates
    await self._post(
    ^^^^^^^^^^^^^^^^^
    ...<7 lines>...
    ),
    ^
  File "C:\Users\Usuario\AppData\Local\Programs\Python\Python314\Lib\site-packages\telegram\_bot.py", line 712, in _post
    return await self._do_post(
           ^^^^^^^^^^^^^^^^^^^^
    ...<6 lines>...
    )
    ^
  File "C:\Users\Usuario\AppData\Local\Programs\Python\Python314\Lib\site-packages\telegram\ext\_extbot.py", line 378, in _do_post
    return await super()._do_post(
           ^^^^^^^^^^^^^^^^^^^^^^^
    ...<6 lines>...
    )
    ^
  File "C:\Users\Usuario\AppData\Local\Programs\Python\Python314\Lib\site-packages\telegram\_bot.py", line 741, in _do_post
    result = await request.post(
             ^^^^^^^^^^^^^^^^^^^
    ...<6 lines>...
    )
    ^
  File "C:\Users\Usuario\AppData\Local\Programs\Python\Python314\Lib\site-packages\telegram\request\_baserequest.py", line 198, in post
    result = await self._request_wrapper(
             ^^^^^^^^^^^^^^^^^^^^^^^^^^^^
    ...<7 lines>...
    )
    ^
  File "C:\Users\Usuario\AppData\Local\Programs\Python\Python314\Lib\site-packages\telegram\request\_baserequest.py", line 375, in _request_wrapper
    raise exception
telegram.error.Conflict: Conflict: terminated by other getUpdates request; make sure that only one bot instance is running
2026-08-21 15:45:57,580 INFO HTTP Request: POST https://api.telegram.org/bot8853478714:AAGC7W_ilTDh48WegRYq5OPfHZpb2I3r018/getUpdates "HTTP/1.1 409 Conflict"
2026-08-21 15:45:57,581 ERROR Error no controlado en Telegram
Traceback (most recent call last):
  File "C:\Users\Usuario\AppData\Local\Programs\Python\Python314\Lib\site-packages\telegram\ext\_utils\networkloop.py", line 161, in network_retry_loop
    await do_action()
  File "C:\Users\Usuario\AppData\Local\Programs\Python\Python314\Lib\site-packages\telegram\ext\_utils\networkloop.py", line 154, in do_action
    action_cb_task.result()
    ~~~~~~~~~~~~~~~~~~~~~^^
  File "C:\Users\Usuario\AppData\Local\Programs\Python\Python314\Lib\site-packages\telegram\ext\_updater.py", line 340, in polling_action_cb
    updates = await self.bot.get_updates(
              ^^^^^^^^^^^^^^^^^^^^^^^^^^^
    ...<3 lines>...
    )
    ^
  File "C:\Users\Usuario\AppData\Local\Programs\Python\Python314\Lib\site-packages\telegram\ext\_extbot.py", line 680, in get_updates
    updates = await super().get_updates(
              ^^^^^^^^^^^^^^^^^^^^^^^^^^
    ...<9 lines>...
    )
    ^
  File "C:\Users\Usuario\AppData\Local\Programs\Python\Python314\Lib\site-packages\telegram\_bot.py", line 4767, in get_updates
    await self._post(
    ^^^^^^^^^^^^^^^^^
    ...<7 lines>...
    ),
    ^
  File "C:\Users\Usuario\AppData\Local\Programs\Python\Python314\Lib\site-packages\telegram\_bot.py", line 712, in _post
    return await self._do_post(
           ^^^^^^^^^^^^^^^^^^^^
    ...<6 lines>...
    )
    ^
  File "C:\Users\Usuario\AppData\Local\Programs\Python\Python314\Lib\site-packages\telegram\ext\_extbot.py", line 378, in _do_post
    return await super()._do_post(
           ^^^^^^^^^^^^^^^^^^^^^^^
    ...<6 lines>...
    )
    ^
  File "C:\Users\Usuario\AppData\Local\Programs\Python\Python314\Lib\site-packages\telegram\_bot.py", line 741, in _do_post
    result = await request.post(
             ^^^^^^^^^^^^^^^^^^^
    ...<6 lines>...
    )
    ^
  File "C:\Users\Usuario\AppData\Local\Programs\Python\Python314\Lib\site-packages\telegram\request\_baserequest.py", line 198, in post
    result = await self._request_wrapper(
             ^^^^^^^^^^^^^^^^^^^^^^^^^^^^
    ...<7 lines>...
    )
    ^
  File "C:\Users\Usuario\AppData\Local\Programs\Python\Python314\Lib\site-packages\telegram\request\_baserequest.py", line 375, in _request_wrapper
    raise exception
telegram.error.Conflict: Conflict: terminated by other getUpdates request; make sure that only one bot instance is running
2026-08-21 15:46:04,580 INFO HTTP Request: POST https://api.telegram.org/bot8853478714:AAGC7W_ilTDh48WegRYq5OPfHZpb2I3r018/getUpdates "HTTP/1.1 200 OK"
2026-08-21 15:46:09,197 INFO HTTP Request: POST https://api.telegram.org/bot8853478714:AAGC7W_ilTDh48WegRYq5OPfHZpb2I3r018/getUpdates "HTTP/1.1 409 Conflict"
2026-08-21 15:46:09,198 ERROR Error no controlado en Telegram
Traceback (most recent call last):
  File "C:\Users\Usuario\AppData\Local\Programs\Python\Python314\Lib\site-packages\telegram\ext\_utils\networkloop.py", line 161, in network_retry_loop
    await do_action()
  File "C:\Users\Usuario\AppData\Local\Programs\Python\Python314\Lib\site-packages\telegram\ext\_utils\networkloop.py", line 154, in do_action
    action_cb_task.result()
    ~~~~~~~~~~~~~~~~~~~~~^^
  File "C:\Users\Usuario\AppData\Local\Programs\Python\Python314\Lib\site-packages\telegram\ext\_updater.py", line 340, in polling_action_cb
    updates = await self.bot.get_updates(
              ^^^^^^^^^^^^^^^^^^^^^^^^^^^
    ...<3 lines>...
    )
    ^
  File "C:\Users\Usuario\AppData\Local\Programs\Python\Python314\Lib\site-packages\telegram\ext\_extbot.py", line 680, in get_updates
    updates = await super().get_updates(
              ^^^^^^^^^^^^^^^^^^^^^^^^^^
    ...<9 lines>...
    )
    ^
  File "C:\Users\Usuario\AppData\Local\Programs\Python\Python314\Lib\site-packages\telegram\_bot.py", line 4767, in get_updates
    await self._post(
    ^^^^^^^^^^^^^^^^^
    ...<7 lines>...
    ),
    ^
  File "C:\Users\Usuario\AppData\Local\Programs\Python\Python314\Lib\site-packages\telegram\_bot.py", line 712, in _post
    return await self._do_post(
           ^^^^^^^^^^^^^^^^^^^^
    ...<6 lines>...
    )
    ^
  File "C:\Users\Usuario\AppData\Local\Programs\Python\Python314\Lib\site-packages\telegram\ext\_extbot.py", line 378, in _do_post
    return await super()._do_post(
           ^^^^^^^^^^^^^^^^^^^^^^^
    ...<6 lines>...
    )
    ^
  File "C:\Users\Usuario\AppData\Local\Programs\Python\Python314\Lib\site-packages\telegram\_bot.py", line 741, in _do_post
    result = await request.post(
             ^^^^^^^^^^^^^^^^^^^
    ...<6 lines>...
    )
    ^
  File "C:\Users\Usuario\AppData\Local\Programs\Python\Python314\Lib\site-packages\telegram\request\_baserequest.py", line 198, in post
    result = await self._request_wrapper(
             ^^^^^^^^^^^^^^^^^^^^^^^^^^^^
    ...<7 lines>...
    )
    ^
  File "C:\Users\Usuario\AppData\Local\Programs\Python\Python314\Lib\site-packages\telegram\request\_baserequest.py", line 375, in _request_wrapper
    raise exception
telegram.error.Conflict: Conflict: terminated by other getUpdates request; make sure that only one bot instance is running
2026-08-21 15:46:20,344 INFO HTTP Request: POST https://api.telegram.org/bot8853478714:AAGC7W_ilTDh48WegRYq5OPfHZpb2I3r018/getUpdates "HTTP/1.1 200 OK"
2026-08-21 15:46:20,766 INFO HTTP Request: POST https://api.telegram.org/bot8853478714:AAGC7W_ilTDh48WegRYq5OPfHZpb2I3r018/getUpdates "HTTP/1.1 409 Conflict"
2026-08-21 15:46:20,768 ERROR Error no controlado en Telegram
Traceback (most recent call last):
  File "C:\Users\Usuario\AppData\Local\Programs\Python\Python314\Lib\site-packages\telegram\ext\_utils\networkloop.py", line 161, in network_retry_loop
    await do_action()
  File "C:\Users\Usuario\AppData\Local\Programs\Python\Python314\Lib\site-packages\telegram\ext\_utils\networkloop.py", line 154, in do_action
    action_cb_task.result()
    ~~~~~~~~~~~~~~~~~~~~~^^
  File "C:\Users\Usuario\AppData\Local\Programs\Python\Python314\Lib\site-packages\telegram\ext\_updater.py", line 340, in polling_action_cb
    updates = await self.bot.get_updates(
              ^^^^^^^^^^^^^^^^^^^^^^^^^^^
    ...<3 lines>...
    )
    ^
  File "C:\Users\Usuario\AppData\Local\Programs\Python\Python314\Lib\site-packages\telegram\ext\_extbot.py", line 680, in get_updates
    updates = await super().get_updates(
              ^^^^^^^^^^^^^^^^^^^^^^^^^^
    ...<9 lines>...
    )
    ^
  File "C:\Users\Usuario\AppData\Local\Programs\Python\Python314\Lib\site-packages\telegram\_bot.py", line 4767, in get_updates
    await self._post(
    ^^^^^^^^^^^^^^^^^
    ...<7 lines>...
    ),
    ^
  File "C:\Users\Usuario\AppData\Local\Programs\Python\Python314\Lib\site-packages\telegram\_bot.py", line 712, in _post
    return await self._do_post(
           ^^^^^^^^^^^^^^^^^^^^
    ...<6 lines>...
    )
    ^
  File "C:\Users\Usuario\AppData\Local\Programs\Python\Python314\Lib\site-packages\telegram\ext\_extbot.py", line 378, in _do_post
    return await super()._do_post(
           ^^^^^^^^^^^^^^^^^^^^^^^
    ...<6 lines>...
    )
    ^
  File "C:\Users\Usuario\AppData\Local\Programs\Python\Python314\Lib\site-packages\telegram\_bot.py", line 741, in _do_post
    result = await request.post(
             ^^^^^^^^^^^^^^^^^^^
    ...<6 lines>...
    )
    ^
  File "C:\Users\Usuario\AppData\Local\Programs\Python\Python314\Lib\site-packages\telegram\request\_baserequest.py", line 198, in post
    result = await self._request_wrapper(
             ^^^^^^^^^^^^^^^^^^^^^^^^^^^^
    ...<7 lines>...
    )
    ^
  File "C:\Users\Usuario\AppData\Local\Programs\Python\Python314\Lib\site-packages\telegram\request\_baserequest.py", line 375, in _request_wrapper
    raise exception
telegram.error.Conflict: Conflict: terminated by other getUpdates request; make sure that only one bot instance is running
2026-08-21 15:46:27,976 INFO HTTP Request: POST https://api.telegram.org/bot8853478714:AAGC7W_ilTDh48WegRYq5OPfHZpb2I3r018/getUpdates "HTTP/1.1 409 Conflict"
2026-08-21 15:46:27,977 ERROR Error no controlado en Telegram
Traceback (most recent call last):
  File "C:\Users\Usuario\AppData\Local\Programs\Python\Python314\Lib\site-packages\telegram\ext\_utils\networkloop.py", line 161, in network_retry_loop
    await do_action()
  File "C:\Users\Usuario\AppData\Local\Programs\Python\Python314\Lib\site-packages\telegram\ext\_utils\networkloop.py", line 154, in do_action
    action_cb_task.result()
    ~~~~~~~~~~~~~~~~~~~~~^^
  File "C:\Users\Usuario\AppData\Local\Programs\Python\Python314\Lib\site-packages\telegram\ext\_updater.py", line 340, in polling_action_cb
    updates = await self.bot.get_updates(
              ^^^^^^^^^^^^^^^^^^^^^^^^^^^
    ...<3 lines>...
    )
    ^
  File "C:\Users\Usuario\AppData\Local\Programs\Python\Python314\Lib\site-packages\telegram\ext\_extbot.py", line 680, in get_updates
    updates = await super().get_updates(
              ^^^^^^^^^^^^^^^^^^^^^^^^^^
    ...<9 lines>...
    )
    ^
  File "C:\Users\Usuario\AppData\Local\Programs\Python\Python314\Lib\site-packages\telegram\_bot.py", line 4767, in get_updates
    await self._post(
    ^^^^^^^^^^^^^^^^^
    ...<7 lines>...
    ),
    ^
  File "C:\Users\Usuario\AppData\Local\Programs\Python\Python314\Lib\site-packages\telegram\_bot.py", line 712, in _post
    return await self._do_post(
           ^^^^^^^^^^^^^^^^^^^^
    ...<6 lines>...
    )
    ^
  File "C:\Users\Usuario\AppData\Local\Programs\Python\Python314\Lib\site-packages\telegram\ext\_extbot.py", line 378, in _do_post
    return await super()._do_post(
           ^^^^^^^^^^^^^^^^^^^^^^^
    ...<6 lines>...
    )
    ^
  File "C:\Users\Usuario\AppData\Local\Programs\Python\Python314\Lib\site-packages\telegram\_bot.py", line 741, in _do_post
    result = await request.post(
             ^^^^^^^^^^^^^^^^^^^
    ...<6 lines>...
    )
    ^
  File "C:\Users\Usuario\AppData\Local\Programs\Python\Python314\Lib\site-packages\telegram\request\_baserequest.py", line 198, in post
    result = await self._request_wrapper(
             ^^^^^^^^^^^^^^^^^^^^^^^^^^^^
    ...<7 lines>...
    )
    ^
  File "C:\Users\Usuario\AppData\Local\Programs\Python\Python314\Lib\site-packages\telegram\request\_baserequest.py", line 375, in _request_wrapper
    raise exception
telegram.error.Conflict: Conflict: terminated by other getUpdates request; make sure that only one bot instance is running
2026-08-21 15:46:32,617 INFO HTTP Request: POST https://api.telegram.org/bot8853478714:AAGC7W_ilTDh48WegRYq5OPfHZpb2I3r018/getUpdates "HTTP/1.1 409 Conflict"
2026-08-21 15:46:32,618 ERROR Error no controlado en Telegram
Traceback (most recent call last):
  File "C:\Users\Usuario\AppData\Local\Programs\Python\Python314\Lib\site-packages\telegram\ext\_utils\networkloop.py", line 161, in network_retry_loop
    await do_action()
  File "C:\Users\Usuario\AppData\Local\Programs\Python\Python314\Lib\site-packages\telegram\ext\_utils\networkloop.py", line 154, in do_action
    action_cb_task.result()
    ~~~~~~~~~~~~~~~~~~~~~^^
  File "C:\Users\Usuario\AppData\Local\Programs\Python\Python314\Lib\site-packages\telegram\ext\_updater.py", line 340, in polling_action_cb
    updates = await self.bot.get_updates(
              ^^^^^^^^^^^^^^^^^^^^^^^^^^^
    ...<3 lines>...
    )
    ^
  File "C:\Users\Usuario\AppData\Local\Programs\Python\Python314\Lib\site-packages\telegram\ext\_extbot.py", line 680, in get_updates
    updates = await super().get_updates(
              ^^^^^^^^^^^^^^^^^^^^^^^^^^
    ...<9 lines>...
    )
    ^
  File "C:\Users\Usuario\AppData\Local\Programs\Python\Python314\Lib\site-packages\telegram\_bot.py", line 4767, in get_updates
    await self._post(
    ^^^^^^^^^^^^^^^^^
    ...<7 lines>...
    ),
    ^
  File "C:\Users\Usuario\AppData\Local\Programs\Python\Python314\Lib\site-packages\telegram\_bot.py", line 712, in _post
    return await self._do_post(
           ^^^^^^^^^^^^^^^^^^^^
    ...<6 lines>...
    )
    ^
  File "C:\Users\Usuario\AppData\Local\Programs\Python\Python314\Lib\site-packages\telegram\ext\_extbot.py", line 378, in _do_post
    return await super()._do_post(
           ^^^^^^^^^^^^^^^^^^^^^^^
    ...<6 lines>...
    )
    ^
  File "C:\Users\Usuario\AppData\Local\Programs\Python\Python314\Lib\site-packages\telegram\_bot.py", line 741, in _do_post
    result = await request.post(
             ^^^^^^^^^^^^^^^^^^^
    ...<6 lines>...
    )
    ^
  File "C:\Users\Usuario\AppData\Local\Programs\Python\Python314\Lib\site-packages\telegram\request\_baserequest.py", line 198, in post
    result = await self._request_wrapper(
             ^^^^^^^^^^^^^^^^^^^^^^^^^^^^
    ...<7 lines>...
    )
    ^
  File "C:\Users\Usuario\AppData\Local\Programs\Python\Python314\Lib\site-packages\telegram\request\_baserequest.py", line 375, in _request_wrapper
    raise exception
telegram.error.Conflict: Conflict: terminated by other getUpdates request; make sure that only one bot instance is running
2026-08-21 15:46:39,624 INFO HTTP Request: POST https://api.telegram.org/bot8853478714:AAGC7W_ilTDh48WegRYq5OPfHZpb2I3r018/getUpdates "HTTP/1.1 200 OK"
2026-08-21 15:46:43,863 INFO HTTP Request: POST https://api.telegram.org/bot8853478714:AAGC7W_ilTDh48WegRYq5OPfHZpb2I3r018/getUpdates "HTTP/1.1 409 Conflict"
2026-08-21 15:46:43,865 ERROR Error no controlado en Telegram
Traceback (most recent call last):
  File "C:\Users\Usuario\AppData\Local\Programs\Python\Python314\Lib\site-packages\telegram\ext\_utils\networkloop.py", line 161, in network_retry_loop
    await do_action()
  File "C:\Users\Usuario\AppData\Local\Programs\Python\Python314\Lib\site-packages\telegram\ext\_utils\networkloop.py", line 154, in do_action
    action_cb_task.result()
    ~~~~~~~~~~~~~~~~~~~~~^^
  File "C:\Users\Usuario\AppData\Local\Programs\Python\Python314\Lib\site-packages\telegram\ext\_updater.py", line 340, in polling_action_cb
    updates = await self.bot.get_updates(
              ^^^^^^^^^^^^^^^^^^^^^^^^^^^
    ...<3 lines>...
    )
    ^
  File "C:\Users\Usuario\AppData\Local\Programs\Python\Python314\Lib\site-packages\telegram\ext\_extbot.py", line 680, in get_updates
    updates = await super().get_updates(
              ^^^^^^^^^^^^^^^^^^^^^^^^^^
    ...<9 lines>...
    )
    ^
  File "C:\Users\Usuario\AppData\Local\Programs\Python\Python314\Lib\site-packages\telegram\_bot.py", line 4767, in get_updates
    await self._post(
    ^^^^^^^^^^^^^^^^^
    ...<7 lines>...
    ),
    ^
  File "C:\Users\Usuario\AppData\Local\Programs\Python\Python314\Lib\site-packages\telegram\_bot.py", line 712, in _post
    return await self._do_post(
           ^^^^^^^^^^^^^^^^^^^^
    ...<6 lines>...
    )
    ^
  File "C:\Users\Usuario\AppData\Local\Programs\Python\Python314\Lib\site-packages\telegram\ext\_extbot.py", line 378, in _do_post
    return await super()._do_post(
           ^^^^^^^^^^^^^^^^^^^^^^^
    ...<6 lines>...
    )
    ^
  File "C:\Users\Usuario\AppData\Local\Programs\Python\Python314\Lib\site-packages\telegram\_bot.py", line 741, in _do_post
    result = await request.post(
             ^^^^^^^^^^^^^^^^^^^
    ...<6 lines>...
    )
    ^
  File "C:\Users\Usuario\AppData\Local\Programs\Python\Python314\Lib\site-packages\telegram\request\_baserequest.py", line 198, in post
    result = await self._request_wrapper(
             ^^^^^^^^^^^^^^^^^^^^^^^^^^^^
    ...<7 lines>...
    )
    ^
  File "C:\Users\Usuario\AppData\Local\Programs\Python\Python314\Lib\site-packages\telegram\request\_baserequest.py", line 375, in _request_wrapper
    raise exception
telegram.error.Conflict: Conflict: terminated by other getUpdates request; make sure that only one bot instance is running
2026-08-21 15:46:55,011 INFO HTTP Request: POST https://api.telegram.org/bot8853478714:AAGC7W_ilTDh48WegRYq5OPfHZpb2I3r018/getUpdates "HTTP/1.1 200 OK"
2026-08-21 15:46:55,443 INFO HTTP Request: POST https://api.telegram.org/bot8853478714:AAGC7W_ilTDh48WegRYq5OPfHZpb2I3r018/getUpdates "HTTP/1.1 409 Conflict"
2026-08-21 15:46:55,444 ERROR Error no controlado en Telegram
Traceback (most recent call last):
  File "C:\Users\Usuario\AppData\Local\Programs\Python\Python314\Lib\site-packages\telegram\ext\_utils\networkloop.py", line 161, in network_retry_loop
    await do_action()
  File "C:\Users\Usuario\AppData\Local\Programs\Python\Python314\Lib\site-packages\telegram\ext\_utils\networkloop.py", line 154, in do_action
    action_cb_task.result()
    ~~~~~~~~~~~~~~~~~~~~~^^
  File "C:\Users\Usuario\AppData\Local\Programs\Python\Python314\Lib\site-packages\telegram\ext\_updater.py", line 340, in polling_action_cb
    updates = await self.bot.get_updates(
              ^^^^^^^^^^^^^^^^^^^^^^^^^^^
    ...<3 lines>...
    )
    ^
  File "C:\Users\Usuario\AppData\Local\Programs\Python\Python314\Lib\site-packages\telegram\ext\_extbot.py", line 680, in get_updates
    updates = await super().get_updates(
              ^^^^^^^^^^^^^^^^^^^^^^^^^^
    ...<9 lines>...
    )
    ^
  File "C:\Users\Usuario\AppData\Local\Programs\Python\Python314\Lib\site-packages\telegram\_bot.py", line 4767, in get_updates
    await self._post(
    ^^^^^^^^^^^^^^^^^
    ...<7 lines>...
    ),
    ^
  File "C:\Users\Usuario\AppData\Local\Programs\Python\Python314\Lib\site-packages\telegram\_bot.py", line 712, in _post
    return await self._do_post(
           ^^^^^^^^^^^^^^^^^^^^
    ...<6 lines>...
    )
    ^
  File "C:\Users\Usuario\AppData\Local\Programs\Python\Python314\Lib\site-packages\telegram\ext\_extbot.py", line 378, in _do_post
    return await super()._do_post(
           ^^^^^^^^^^^^^^^^^^^^^^^
    ...<6 lines>...
    )
    ^
  File "C:\Users\Usuario\AppData\Local\Programs\Python\Python314\Lib\site-packages\telegram\_bot.py", line 741, in _do_post
    result = await request.post(
             ^^^^^^^^^^^^^^^^^^^
    ...<6 lines>...
    )
    ^
  File "C:\Users\Usuario\AppData\Local\Programs\Python\Python314\Lib\site-packages\telegram\request\_baserequest.py", line 198, in post
    result = await self._request_wrapper(
             ^^^^^^^^^^^^^^^^^^^^^^^^^^^^
    ...<7 lines>...
    )
    ^
  File "C:\Users\Usuario\AppData\Local\Programs\Python\Python314\Lib\site-packages\telegram\request\_baserequest.py", line 375, in _request_wrapper
    raise exception
telegram.error.Conflict: Conflict: terminated by other getUpdates request; make sure that only one bot instance is running
2026-08-21 15:47:03,572 INFO HTTP Request: POST https://api.telegram.org/bot8853478714:AAGC7W_ilTDh48WegRYq5OPfHZpb2I3r018/getUpdates "HTTP/1.1 409 Conflict"
2026-08-21 15:47:03,573 ERROR Error no controlado en Telegram
Traceback (most recent call last):
  File "C:\Users\Usuario\AppData\Local\Programs\Python\Python314\Lib\site-packages\telegram\ext\_utils\networkloop.py", line 161, in network_retry_loop
    await do_action()
  File "C:\Users\Usuario\AppData\Local\Programs\Python\Python314\Lib\site-packages\telegram\ext\_utils\networkloop.py", line 154, in do_action
    action_cb_task.result()
    ~~~~~~~~~~~~~~~~~~~~~^^
  File "C:\Users\Usuario\AppData\Local\Programs\Python\Python314\Lib\site-packages\telegram\ext\_updater.py", line 340, in polling_action_cb
    updates = await self.bot.get_updates(
              ^^^^^^^^^^^^^^^^^^^^^^^^^^^
    ...<3 lines>...
    )
    ^
  File "C:\Users\Usuario\AppData\Local\Programs\Python\Python314\Lib\site-packages\telegram\ext\_extbot.py", line 680, in get_updates
    updates = await super().get_updates(
              ^^^^^^^^^^^^^^^^^^^^^^^^^^
    ...<9 lines>...
    )
    ^
  File "C:\Users\Usuario\AppData\Local\Programs\Python\Python314\Lib\site-packages\telegram\_bot.py", line 4767, in get_updates
    await self._post(
    ^^^^^^^^^^^^^^^^^
    ...<7 lines>...
    ),
    ^
  File "C:\Users\Usuario\AppData\Local\Programs\Python\Python314\Lib\site-packages\telegram\_bot.py", line 712, in _post
    return await self._do_post(
           ^^^^^^^^^^^^^^^^^^^^
    ...<6 lines>...
    )
    ^
  File "C:\Users\Usuario\AppData\Local\Programs\Python\Python314\Lib\site-packages\telegram\ext\_extbot.py", line 378, in _do_post
    return await super()._do_post(
           ^^^^^^^^^^^^^^^^^^^^^^^
    ...<6 lines>...
    )
    ^
  File "C:\Users\Usuario\AppData\Local\Programs\Python\Python314\Lib\site-packages\telegram\_bot.py", line 741, in _do_post
    result = await request.post(
             ^^^^^^^^^^^^^^^^^^^
    ...<6 lines>...
    )
    ^
  File "C:\Users\Usuario\AppData\Local\Programs\Python\Python314\Lib\site-packages\telegram\request\_baserequest.py", line 198, in post
    result = await self._request_wrapper(
             ^^^^^^^^^^^^^^^^^^^^^^^^^^^^
    ...<7 lines>...
    )
    ^
  File "C:\Users\Usuario\AppData\Local\Programs\Python\Python314\Lib\site-packages\telegram\request\_baserequest.py", line 375, in _request_wrapper
    raise exception
telegram.error.Conflict: Conflict: terminated by other getUpdates request; make sure that only one bot instance is running
2026-08-21 15:47:08,212 INFO HTTP Request: POST https://api.telegram.org/bot8853478714:AAGC7W_ilTDh48WegRYq5OPfHZpb2I3r018/getUpdates "HTTP/1.1 409 Conflict"
2026-08-21 15:47:08,214 ERROR Error no controlado en Telegram
Traceback (most recent call last):
  File "C:\Users\Usuario\AppData\Local\Programs\Python\Python314\Lib\site-packages\telegram\ext\_utils\networkloop.py", line 161, in network_retry_loop
    await do_action()
  File "C:\Users\Usuario\AppData\Local\Programs\Python\Python314\Lib\site-packages\telegram\ext\_utils\networkloop.py", line 154, in do_action
    action_cb_task.result()
    ~~~~~~~~~~~~~~~~~~~~~^^
  File "C:\Users\Usuario\AppData\Local\Programs\Python\Python314\Lib\site-packages\telegram\ext\_updater.py", line 340, in polling_action_cb
    updates = await self.bot.get_updates(
              ^^^^^^^^^^^^^^^^^^^^^^^^^^^
    ...<3 lines>...
    )
    ^
  File "C:\Users\Usuario\AppData\Local\Programs\Python\Python314\Lib\site-packages\telegram\ext\_extbot.py", line 680, in get_updates
    updates = await super().get_updates(
              ^^^^^^^^^^^^^^^^^^^^^^^^^^
    ...<9 lines>...
    )
    ^
  File "C:\Users\Usuario\AppData\Local\Programs\Python\Python314\Lib\site-packages\telegram\_bot.py", line 4767, in get_updates
    await self._post(
    ^^^^^^^^^^^^^^^^^
    ...<7 lines>...
    ),
    ^
  File "C:\Users\Usuario\AppData\Local\Programs\Python\Python314\Lib\site-packages\telegram\_bot.py", line 712, in _post
    return await self._do_post(
           ^^^^^^^^^^^^^^^^^^^^
    ...<6 lines>...
    )
    ^
  File "C:\Users\Usuario\AppData\Local\Programs\Python\Python314\Lib\site-packages\telegram\ext\_extbot.py", line 378, in _do_post
    return await super()._do_post(
           ^^^^^^^^^^^^^^^^^^^^^^^
    ...<6 lines>...
    )
    ^
  File "C:\Users\Usuario\AppData\Local\Programs\Python\Python314\Lib\site-packages\telegram\_bot.py", line 741, in _do_post
    result = await request.post(
             ^^^^^^^^^^^^^^^^^^^
    ...<6 lines>...
    )
    ^
  File "C:\Users\Usuario\AppData\Local\Programs\Python\Python314\Lib\site-packages\telegram\request\_baserequest.py", line 198, in post
    result = await self._request_wrapper(
             ^^^^^^^^^^^^^^^^^^^^^^^^^^^^
    ...<7 lines>...
    )
    ^
  File "C:\Users\Usuario\AppData\Local\Programs\Python\Python314\Lib\site-packages\telegram\request\_baserequest.py", line 375, in _request_wrapper
    raise exception
telegram.error.Conflict: Conflict: terminated by other getUpdates request; make sure that only one bot instance is running
2026-08-21 15:47:15,213 INFO HTTP Request: POST https://api.telegram.org/bot8853478714:AAGC7W_ilTDh48WegRYq5OPfHZpb2I3r018/getUpdates "HTTP/1.1 200 OK"
2026-08-21 15:47:18,511 INFO HTTP Request: POST https://api.telegram.org/bot8853478714:AAGC7W_ilTDh48WegRYq5OPfHZpb2I3r018/getUpdates "HTTP/1.1 409 Conflict"
2026-08-21 15:47:18,512 ERROR Error no controlado en Telegram
Traceback (most recent call last):
  File "C:\Users\Usuario\AppData\Local\Programs\Python\Python314\Lib\site-packages\telegram\ext\_utils\networkloop.py", line 161, in network_retry_loop
    await do_action()
  File "C:\Users\Usuario\AppData\Local\Programs\Python\Python314\Lib\site-packages\telegram\ext\_utils\networkloop.py", line 154, in do_action
    action_cb_task.result()
    ~~~~~~~~~~~~~~~~~~~~~^^
  File "C:\Users\Usuario\AppData\Local\Programs\Python\Python314\Lib\site-packages\telegram\ext\_updater.py", line 340, in polling_action_cb
    updates = await self.bot.get_updates(
              ^^^^^^^^^^^^^^^^^^^^^^^^^^^
    ...<3 lines>...
    )
    ^
  File "C:\Users\Usuario\AppData\Local\Programs\Python\Python314\Lib\site-packages\telegram\ext\_extbot.py", line 680, in get_updates
    updates = await super().get_updates(
              ^^^^^^^^^^^^^^^^^^^^^^^^^^
    ...<9 lines>...
    )
    ^
  File "C:\Users\Usuario\AppData\Local\Programs\Python\Python314\Lib\site-packages\telegram\_bot.py", line 4767, in get_updates
    await self._post(
    ^^^^^^^^^^^^^^^^^
    ...<7 lines>...
    ),
    ^
  File "C:\Users\Usuario\AppData\Local\Programs\Python\Python314\Lib\site-packages\telegram\_bot.py", line 712, in _post
    return await self._do_post(
           ^^^^^^^^^^^^^^^^^^^^
    ...<6 lines>...
    )
    ^
  File "C:\Users\Usuario\AppData\Local\Programs\Python\Python314\Lib\site-packages\telegram\ext\_extbot.py", line 378, in _do_post
    return await super()._do_post(
           ^^^^^^^^^^^^^^^^^^^^^^^
    ...<6 lines>...
    )
    ^
  File "C:\Users\Usuario\AppData\Local\Programs\Python\Python314\Lib\site-packages\telegram\_bot.py", line 741, in _do_post
    result = await request.post(
             ^^^^^^^^^^^^^^^^^^^
    ...<6 lines>...
    )
    ^
  File "C:\Users\Usuario\AppData\Local\Programs\Python\Python314\Lib\site-packages\telegram\request\_baserequest.py", line 198, in post
    result = await self._request_wrapper(
             ^^^^^^^^^^^^^^^^^^^^^^^^^^^^
    ...<7 lines>...
    )
    ^
  File "C:\Users\Usuario\AppData\Local\Programs\Python\Python314\Lib\site-packages\telegram\request\_baserequest.py", line 375, in _request_wrapper
    raise exception
telegram.error.Conflict: Conflict: terminated by other getUpdates request; make sure that only one bot instance is running
2026-08-21 15:47:29,798 INFO HTTP Request: POST https://api.telegram.org/bot8853478714:AAGC7W_ilTDh48WegRYq5OPfHZpb2I3r018/getUpdates "HTTP/1.1 200 OK"
2026-08-21 15:47:30,068 INFO HTTP Request: POST https://api.telegram.org/bot8853478714:AAGC7W_ilTDh48WegRYq5OPfHZpb2I3r018/getUpdates "HTTP/1.1 409 Conflict"
2026-08-21 15:47:30,071 ERROR Error no controlado en Telegram
Traceback (most recent call last):
  File "C:\Users\Usuario\AppData\Local\Programs\Python\Python314\Lib\site-packages\telegram\ext\_utils\networkloop.py", line 161, in network_retry_loop
    await do_action()
  File "C:\Users\Usuario\AppData\Local\Programs\Python\Python314\Lib\site-packages\telegram\ext\_utils\networkloop.py", line 154, in do_action
    action_cb_task.result()
    ~~~~~~~~~~~~~~~~~~~~~^^
  File "C:\Users\Usuario\AppData\Local\Programs\Python\Python314\Lib\site-packages\telegram\ext\_updater.py", line 340, in polling_action_cb
    updates = await self.bot.get_updates(
              ^^^^^^^^^^^^^^^^^^^^^^^^^^^
    ...<3 lines>...
    )
    ^
  File "C:\Users\Usuario\AppData\Local\Programs\Python\Python314\Lib\site-packages\telegram\ext\_extbot.py", line 680, in get_updates
    updates = await super().get_updates(
              ^^^^^^^^^^^^^^^^^^^^^^^^^^
    ...<9 lines>...
    )
    ^
  File "C:\Users\Usuario\AppData\Local\Programs\Python\Python314\Lib\site-packages\telegram\_bot.py", line 4767, in get_updates
    await self._post(
    ^^^^^^^^^^^^^^^^^
    ...<7 lines>...
    ),
    ^
  File "C:\Users\Usuario\AppData\Local\Programs\Python\Python314\Lib\site-packages\telegram\_bot.py", line 712, in _post
    return await self._do_post(
           ^^^^^^^^^^^^^^^^^^^^
    ...<6 lines>...
    )
    ^
  File "C:\Users\Usuario\AppData\Local\Programs\Python\Python314\Lib\site-packages\telegram\ext\_extbot.py", line 378, in _do_post
    return await super()._do_post(
           ^^^^^^^^^^^^^^^^^^^^^^^
    ...<6 lines>...
    )
    ^
  File "C:\Users\Usuario\AppData\Local\Programs\Python\Python314\Lib\site-packages\telegram\_bot.py", line 741, in _do_post
    result = await request.post(
             ^^^^^^^^^^^^^^^^^^^
    ...<6 lines>...
    )
    ^
  File "C:\Users\Usuario\AppData\Local\Programs\Python\Python314\Lib\site-packages\telegram\request\_baserequest.py", line 198, in post
    result = await self._request_wrapper(
             ^^^^^^^^^^^^^^^^^^^^^^^^^^^^
    ...<7 lines>...
    )
    ^
  File "C:\Users\Usuario\AppData\Local\Programs\Python\Python314\Lib\site-packages\telegram\request\_baserequest.py", line 375, in _request_wrapper
    raise exception
telegram.error.Conflict: Conflict: terminated by other getUpdates request; make sure that only one bot instance is running
2026-08-21 15:47:38,628 INFO HTTP Request: POST https://api.telegram.org/bot8853478714:AAGC7W_ilTDh48WegRYq5OPfHZpb2I3r018/getUpdates "HTTP/1.1 409 Conflict"
2026-08-21 15:47:38,630 ERROR Error no controlado en Telegram
Traceback (most recent call last):
  File "C:\Users\Usuario\AppData\Local\Programs\Python\Python314\Lib\site-packages\telegram\ext\_utils\networkloop.py", line 161, in network_retry_loop
    await do_action()
  File "C:\Users\Usuario\AppData\Local\Programs\Python\Python314\Lib\site-packages\telegram\ext\_utils\networkloop.py", line 154, in do_action
    action_cb_task.result()
    ~~~~~~~~~~~~~~~~~~~~~^^
  File "C:\Users\Usuario\AppData\Local\Programs\Python\Python314\Lib\site-packages\telegram\ext\_updater.py", line 340, in polling_action_cb
    updates = await self.bot.get_updates(
              ^^^^^^^^^^^^^^^^^^^^^^^^^^^
    ...<3 lines>...
    )
    ^
  File "C:\Users\Usuario\AppData\Local\Programs\Python\Python314\Lib\site-packages\telegram\ext\_extbot.py", line 680, in get_updates
    updates = await super().get_updates(
              ^^^^^^^^^^^^^^^^^^^^^^^^^^
    ...<9 lines>...
    )
    ^
  File "C:\Users\Usuario\AppData\Local\Programs\Python\Python314\Lib\site-packages\telegram\_bot.py", line 4767, in get_updates
    await self._post(
    ^^^^^^^^^^^^^^^^^
    ...<7 lines>...
    ),
    ^
  File "C:\Users\Usuario\AppData\Local\Programs\Python\Python314\Lib\site-packages\telegram\_bot.py", line 712, in _post
    return await self._do_post(
           ^^^^^^^^^^^^^^^^^^^^
    ...<6 lines>...
    )
    ^
  File "C:\Users\Usuario\AppData\Local\Programs\Python\Python314\Lib\site-packages\telegram\ext\_extbot.py", line 378, in _do_post
    return await super()._do_post(
           ^^^^^^^^^^^^^^^^^^^^^^^
    ...<6 lines>...
    )
    ^
  File "C:\Users\Usuario\AppData\Local\Programs\Python\Python314\Lib\site-packages\telegram\_bot.py", line 741, in _do_post
    result = await request.post(
             ^^^^^^^^^^^^^^^^^^^
    ...<6 lines>...
    )
    ^
  File "C:\Users\Usuario\AppData\Local\Programs\Python\Python314\Lib\site-packages\telegram\request\_baserequest.py", line 198, in post
    result = await self._request_wrapper(
             ^^^^^^^^^^^^^^^^^^^^^^^^^^^^
    ...<7 lines>...
    )
    ^
  File "C:\Users\Usuario\AppData\Local\Programs\Python\Python314\Lib\site-packages\telegram\request\_baserequest.py", line 375, in _request_wrapper
    raise exception
telegram.error.Conflict: Conflict: terminated by other getUpdates request; make sure that only one bot instance is running
2026-08-21 15:47:43,272 INFO HTTP Request: POST https://api.telegram.org/bot8853478714:AAGC7W_ilTDh48WegRYq5OPfHZpb2I3r018/getUpdates "HTTP/1.1 409 Conflict"
2026-08-21 15:47:43,273 ERROR Error no controlado en Telegram
Traceback (most recent call last):
  File "C:\Users\Usuario\AppData\Local\Programs\Python\Python314\Lib\site-packages\telegram\ext\_utils\networkloop.py", line 161, in network_retry_loop
    await do_action()
  File "C:\Users\Usuario\AppData\Local\Programs\Python\Python314\Lib\site-packages\telegram\ext\_utils\networkloop.py", line 154, in do_action
    action_cb_task.result()
    ~~~~~~~~~~~~~~~~~~~~~^^
  File "C:\Users\Usuario\AppData\Local\Programs\Python\Python314\Lib\site-packages\telegram\ext\_updater.py", line 340, in polling_action_cb
    updates = await self.bot.get_updates(
              ^^^^^^^^^^^^^^^^^^^^^^^^^^^
    ...<3 lines>...
    )
    ^
  File "C:\Users\Usuario\AppData\Local\Programs\Python\Python314\Lib\site-packages\telegram\ext\_extbot.py", line 680, in get_updates
    updates = await super().get_updates(
              ^^^^^^^^^^^^^^^^^^^^^^^^^^
    ...<9 lines>...
    )
    ^
  File "C:\Users\Usuario\AppData\Local\Programs\Python\Python314\Lib\site-packages\telegram\_bot.py", line 4767, in get_updates
    await self._post(
    ^^^^^^^^^^^^^^^^^
    ...<7 lines>...
    ),
    ^
  File "C:\Users\Usuario\AppData\Local\Programs\Python\Python314\Lib\site-packages\telegram\_bot.py", line 712, in _post
    return await self._do_post(
           ^^^^^^^^^^^^^^^^^^^^
    ...<6 lines>...
    )
    ^
  File "C:\Users\Usuario\AppData\Local\Programs\Python\Python314\Lib\site-packages\telegram\ext\_extbot.py", line 378, in _do_post
    return await super()._do_post(
           ^^^^^^^^^^^^^^^^^^^^^^^
    ...<6 lines>...
    )
    ^
  File "C:\Users\Usuario\AppData\Local\Programs\Python\Python314\Lib\site-packages\telegram\_bot.py", line 741, in _do_post
    result = await request.post(
             ^^^^^^^^^^^^^^^^^^^
    ...<6 lines>...
    )
    ^
  File "C:\Users\Usuario\AppData\Local\Programs\Python\Python314\Lib\site-packages\telegram\request\_baserequest.py", line 198, in post
    result = await self._request_wrapper(
             ^^^^^^^^^^^^^^^^^^^^^^^^^^^^
    ...<7 lines>...
    )
    ^
  File "C:\Users\Usuario\AppData\Local\Programs\Python\Python314\Lib\site-packages\telegram\request\_baserequest.py", line 375, in _request_wrapper
    raise exception
telegram.error.Conflict: Conflict: terminated by other getUpdates request; make sure that only one bot instance is running
2026-08-21 15:47:50,273 INFO HTTP Request: POST https://api.telegram.org/bot8853478714:AAGC7W_ilTDh48WegRYq5OPfHZpb2I3r018/getUpdates "HTTP/1.1 200 OK"
2026-08-21 15:47:53,113 INFO HTTP Request: POST https://api.telegram.org/bot8853478714:AAGC7W_ilTDh48WegRYq5OPfHZpb2I3r018/getUpdates "HTTP/1.1 409 Conflict"
2026-08-21 15:47:53,115 ERROR Error no controlado en Telegram
Traceback (most recent call last):
  File "C:\Users\Usuario\AppData\Local\Programs\Python\Python314\Lib\site-packages\telegram\ext\_utils\networkloop.py", line 161, in network_retry_loop
    await do_action()
  File "C:\Users\Usuario\AppData\Local\Programs\Python\Python314\Lib\site-packages\telegram\ext\_utils\networkloop.py", line 154, in do_action
    action_cb_task.result()
    ~~~~~~~~~~~~~~~~~~~~~^^
  File "C:\Users\Usuario\AppData\Local\Programs\Python\Python314\Lib\site-packages\telegram\ext\_updater.py", line 340, in polling_action_cb
    updates = await self.bot.get_updates(
              ^^^^^^^^^^^^^^^^^^^^^^^^^^^
    ...<3 lines>...
    )
    ^
  File "C:\Users\Usuario\AppData\Local\Programs\Python\Python314\Lib\site-packages\telegram\ext\_extbot.py", line 680, in get_updates
    updates = await super().get_updates(
              ^^^^^^^^^^^^^^^^^^^^^^^^^^
    ...<9 lines>...
    )
    ^
  File "C:\Users\Usuario\AppData\Local\Programs\Python\Python314\Lib\site-packages\telegram\_bot.py", line 4767, in get_updates
    await self._post(
    ^^^^^^^^^^^^^^^^^
    ...<7 lines>...
    ),
    ^
  File "C:\Users\Usuario\AppData\Local\Programs\Python\Python314\Lib\site-packages\telegram\_bot.py", line 712, in _post
    return await self._do_post(
           ^^^^^^^^^^^^^^^^^^^^
    ...<6 lines>...
    )
    ^
  File "C:\Users\Usuario\AppData\Local\Programs\Python\Python314\Lib\site-packages\telegram\ext\_extbot.py", line 378, in _do_post
    return await super()._do_post(
           ^^^^^^^^^^^^^^^^^^^^^^^
    ...<6 lines>...
    )
    ^
  File "C:\Users\Usuario\AppData\Local\Programs\Python\Python314\Lib\site-packages\telegram\_bot.py", line 741, in _do_post
    result = await request.post(
             ^^^^^^^^^^^^^^^^^^^
    ...<6 lines>...
    )
    ^
  File "C:\Users\Usuario\AppData\Local\Programs\Python\Python314\Lib\site-packages\telegram\request\_baserequest.py", line 198, in post
    result = await self._request_wrapper(
             ^^^^^^^^^^^^^^^^^^^^^^^^^^^^
    ...<7 lines>...
    )
    ^
  File "C:\Users\Usuario\AppData\Local\Programs\Python\Python314\Lib\site-packages\telegram\request\_baserequest.py", line 375, in _request_wrapper
    raise exception
telegram.error.Conflict: Conflict: terminated by other getUpdates request; make sure that only one bot instance is running
2026-08-21 15:48:04,256 INFO HTTP Request: POST https://api.telegram.org/bot8853478714:AAGC7W_ilTDh48WegRYq5OPfHZpb2I3r018/getUpdates "HTTP/1.1 200 OK"
2026-08-21 15:48:04,718 INFO HTTP Request: POST https://api.telegram.org/bot8853478714:AAGC7W_ilTDh48WegRYq5OPfHZpb2I3r018/getUpdates "HTTP/1.1 409 Conflict"
2026-08-21 15:48:04,719 ERROR Error no controlado en Telegram
Traceback (most recent call last):
  File "C:\Users\Usuario\AppData\Local\Programs\Python\Python314\Lib\site-packages\telegram\ext\_utils\networkloop.py", line 161, in network_retry_loop
    await do_action()
  File "C:\Users\Usuario\AppData\Local\Programs\Python\Python314\Lib\site-packages\telegram\ext\_utils\networkloop.py", line 154, in do_action
    action_cb_task.result()
    ~~~~~~~~~~~~~~~~~~~~~^^
  File "C:\Users\Usuario\AppData\Local\Programs\Python\Python314\Lib\site-packages\telegram\ext\_updater.py", line 340, in polling_action_cb
    updates = await self.bot.get_updates(
              ^^^^^^^^^^^^^^^^^^^^^^^^^^^
    ...<3 lines>...
    )
    ^
  File "C:\Users\Usuario\AppData\Local\Programs\Python\Python314\Lib\site-packages\telegram\ext\_extbot.py", line 680, in get_updates
    updates = await super().get_updates(
              ^^^^^^^^^^^^^^^^^^^^^^^^^^
    ...<9 lines>...
    )
    ^
  File "C:\Users\Usuario\AppData\Local\Programs\Python\Python314\Lib\site-packages\telegram\_bot.py", line 4767, in get_updates
    await self._post(
    ^^^^^^^^^^^^^^^^^
    ...<7 lines>...
    ),
    ^
  File "C:\Users\Usuario\AppData\Local\Programs\Python\Python314\Lib\site-packages\telegram\_bot.py", line 712, in _post
    return await self._do_post(
           ^^^^^^^^^^^^^^^^^^^^
    ...<6 lines>...
    )
    ^
  File "C:\Users\Usuario\AppData\Local\Programs\Python\Python314\Lib\site-packages\telegram\ext\_extbot.py", line 378, in _do_post
    return await super()._do_post(
           ^^^^^^^^^^^^^^^^^^^^^^^
    ...<6 lines>...
    )
    ^
  File "C:\Users\Usuario\AppData\Local\Programs\Python\Python314\Lib\site-packages\telegram\_bot.py", line 741, in _do_post
    result = await request.post(
             ^^^^^^^^^^^^^^^^^^^
    ...<6 lines>...
    )
    ^
  File "C:\Users\Usuario\AppData\Local\Programs\Python\Python314\Lib\site-packages\telegram\request\_baserequest.py", line 198, in post
    result = await self._request_wrapper(
             ^^^^^^^^^^^^^^^^^^^^^^^^^^^^
    ...<7 lines>...
    )
    ^
  File "C:\Users\Usuario\AppData\Local\Programs\Python\Python314\Lib\site-packages\telegram\request\_baserequest.py", line 375, in _request_wrapper
    raise exception
telegram.error.Conflict: Conflict: terminated by other getUpdates request; make sure that only one bot instance is running
2026-08-21 15:48:13,691 INFO HTTP Request: POST https://api.telegram.org/bot8853478714:AAGC7W_ilTDh48WegRYq5OPfHZpb2I3r018/getUpdates "HTTP/1.1 409 Conflict"
2026-08-21 15:48:13,692 ERROR Error no controlado en Telegram
Traceback (most recent call last):
  File "C:\Users\Usuario\AppData\Local\Programs\Python\Python314\Lib\site-packages\telegram\ext\_utils\networkloop.py", line 161, in network_retry_loop
    await do_action()
  File "C:\Users\Usuario\AppData\Local\Programs\Python\Python314\Lib\site-packages\telegram\ext\_utils\networkloop.py", line 154, in do_action
    action_cb_task.result()
    ~~~~~~~~~~~~~~~~~~~~~^^
  File "C:\Users\Usuario\AppData\Local\Programs\Python\Python314\Lib\site-packages\telegram\ext\_updater.py", line 340, in polling_action_cb
    updates = await self.bot.get_updates(
              ^^^^^^^^^^^^^^^^^^^^^^^^^^^
    ...<3 lines>...
    )
    ^
  File "C:\Users\Usuario\AppData\Local\Programs\Python\Python314\Lib\site-packages\telegram\ext\_extbot.py", line 680, in get_updates
    updates = await super().get_updates(
              ^^^^^^^^^^^^^^^^^^^^^^^^^^
    ...<9 lines>...
    )
    ^
  File "C:\Users\Usuario\AppData\Local\Programs\Python\Python314\Lib\site-packages\telegram\_bot.py", line 4767, in get_updates
    await self._post(
    ^^^^^^^^^^^^^^^^^
    ...<7 lines>...
    ),
    ^
  File "C:\Users\Usuario\AppData\Local\Programs\Python\Python314\Lib\site-packages\telegram\_bot.py", line 712, in _post
    return await self._do_post(
           ^^^^^^^^^^^^^^^^^^^^
    ...<6 lines>...
    )
    ^
  File "C:\Users\Usuario\AppData\Local\Programs\Python\Python314\Lib\site-packages\telegram\ext\_extbot.py", line 378, in _do_post
    return await super()._do_post(
           ^^^^^^^^^^^^^^^^^^^^^^^
    ...<6 lines>...
    )
    ^
  File "C:\Users\Usuario\AppData\Local\Programs\Python\Python314\Lib\site-packages\telegram\_bot.py", line 741, in _do_post
    result = await request.post(
             ^^^^^^^^^^^^^^^^^^^
    ...<6 lines>...
    )
    ^
  File "C:\Users\Usuario\AppData\Local\Programs\Python\Python314\Lib\site-packages\telegram\request\_baserequest.py", line 198, in post
    result = await self._request_wrapper(
             ^^^^^^^^^^^^^^^^^^^^^^^^^^^^
    ...<7 lines>...
    )
    ^
  File "C:\Users\Usuario\AppData\Local\Programs\Python\Python314\Lib\site-packages\telegram\request\_baserequest.py", line 375, in _request_wrapper
    raise exception
telegram.error.Conflict: Conflict: terminated by other getUpdates request; make sure that only one bot instance is running
2026-08-21 15:48:18,329 INFO HTTP Request: POST https://api.telegram.org/bot8853478714:AAGC7W_ilTDh48WegRYq5OPfHZpb2I3r018/getUpdates "HTTP/1.1 409 Conflict"
2026-08-21 15:48:18,330 ERROR Error no controlado en Telegram
Traceback (most recent call last):
  File "C:\Users\Usuario\AppData\Local\Programs\Python\Python314\Lib\site-packages\telegram\ext\_utils\networkloop.py", line 161, in network_retry_loop
    await do_action()
  File "C:\Users\Usuario\AppData\Local\Programs\Python\Python314\Lib\site-packages\telegram\ext\_utils\networkloop.py", line 154, in do_action
    action_cb_task.result()
    ~~~~~~~~~~~~~~~~~~~~~^^
  File "C:\Users\Usuario\AppData\Local\Programs\Python\Python314\Lib\site-packages\telegram\ext\_updater.py", line 340, in polling_action_cb
    updates = await self.bot.get_updates(
              ^^^^^^^^^^^^^^^^^^^^^^^^^^^
    ...<3 lines>...
    )
    ^
  File "C:\Users\Usuario\AppData\Local\Programs\Python\Python314\Lib\site-packages\telegram\ext\_extbot.py", line 680, in get_updates
    updates = await super().get_updates(
              ^^^^^^^^^^^^^^^^^^^^^^^^^^
    ...<9 lines>...
    )
    ^
  File "C:\Users\Usuario\AppData\Local\Programs\Python\Python314\Lib\site-packages\telegram\_bot.py", line 4767, in get_updates
    await self._post(
    ^^^^^^^^^^^^^^^^^
    ...<7 lines>...
    ),
    ^
  File "C:\Users\Usuario\AppData\Local\Programs\Python\Python314\Lib\site-packages\telegram\_bot.py", line 712, in _post
    return await self._do_post(
           ^^^^^^^^^^^^^^^^^^^^
    ...<6 lines>...
    )
    ^
  File "C:\Users\Usuario\AppData\Local\Programs\Python\Python314\Lib\site-packages\telegram\ext\_extbot.py", line 378, in _do_post
    return await super()._do_post(
           ^^^^^^^^^^^^^^^^^^^^^^^
    ...<6 lines>...
    )
    ^
  File "C:\Users\Usuario\AppData\Local\Programs\Python\Python314\Lib\site-packages\telegram\_bot.py", line 741, in _do_post
    result = await request.post(
             ^^^^^^^^^^^^^^^^^^^
    ...<6 lines>...
    )
    ^
  File "C:\Users\Usuario\AppData\Local\Programs\Python\Python314\Lib\site-packages\telegram\request\_baserequest.py", line 198, in post
    result = await self._request_wrapper(
             ^^^^^^^^^^^^^^^^^^^^^^^^^^^^
    ...<7 lines>...
    )
    ^
  File "C:\Users\Usuario\AppData\Local\Programs\Python\Python314\Lib\site-packages\telegram\request\_baserequest.py", line 375, in _request_wrapper
    raise exception
telegram.error.Conflict: Conflict: terminated by other getUpdates request; make sure that only one bot instance is running
2026-08-21 15:48:25,329 INFO HTTP Request: POST https://api.telegram.org/bot8853478714:AAGC7W_ilTDh48WegRYq5OPfHZpb2I3r018/getUpdates "HTTP/1.1 200 OK"
2026-08-21 15:48:27,742 INFO HTTP Request: POST https://api.telegram.org/bot8853478714:AAGC7W_ilTDh48WegRYq5OPfHZpb2I3r018/getUpdates "HTTP/1.1 409 Conflict"
2026-08-21 15:48:27,743 ERROR Error no controlado en Telegram
Traceback (most recent call last):
  File "C:\Users\Usuario\AppData\Local\Programs\Python\Python314\Lib\site-packages\telegram\ext\_utils\networkloop.py", line 161, in network_retry_loop
    await do_action()
  File "C:\Users\Usuario\AppData\Local\Programs\Python\Python314\Lib\site-packages\telegram\ext\_utils\networkloop.py", line 154, in do_action
    action_cb_task.result()
    ~~~~~~~~~~~~~~~~~~~~~^^
  File "C:\Users\Usuario\AppData\Local\Programs\Python\Python314\Lib\site-packages\telegram\ext\_updater.py", line 340, in polling_action_cb
    updates = await self.bot.get_updates(
              ^^^^^^^^^^^^^^^^^^^^^^^^^^^
    ...<3 lines>...
    )
    ^
  File "C:\Users\Usuario\AppData\Local\Programs\Python\Python314\Lib\site-packages\telegram\ext\_extbot.py", line 680, in get_updates
    updates = await super().get_updates(
              ^^^^^^^^^^^^^^^^^^^^^^^^^^
    ...<9 lines>...
    )
    ^
  File "C:\Users\Usuario\AppData\Local\Programs\Python\Python314\Lib\site-packages\telegram\_bot.py", line 4767, in get_updates
    await self._post(
    ^^^^^^^^^^^^^^^^^
    ...<7 lines>...
    ),
    ^
  File "C:\Users\Usuario\AppData\Local\Programs\Python\Python314\Lib\site-packages\telegram\_bot.py", line 712, in _post
    return await self._do_post(
           ^^^^^^^^^^^^^^^^^^^^
    ...<6 lines>...
    )
    ^
  File "C:\Users\Usuario\AppData\Local\Programs\Python\Python314\Lib\site-packages\telegram\ext\_extbot.py", line 378, in _do_post
    return await super()._do_post(
           ^^^^^^^^^^^^^^^^^^^^^^^
    ...<6 lines>...
    )
    ^
  File "C:\Users\Usuario\AppData\Local\Programs\Python\Python314\Lib\site-packages\telegram\_bot.py", line 741, in _do_post
    result = await request.post(
             ^^^^^^^^^^^^^^^^^^^
    ...<6 lines>...
    )
    ^
  File "C:\Users\Usuario\AppData\Local\Programs\Python\Python314\Lib\site-packages\telegram\request\_baserequest.py", line 198, in post
    result = await self._request_wrapper(
             ^^^^^^^^^^^^^^^^^^^^^^^^^^^^
    ...<7 lines>...
    )
    ^
  File "C:\Users\Usuario\AppData\Local\Programs\Python\Python314\Lib\site-packages\telegram\request\_baserequest.py", line 375, in _request_wrapper
    raise exception
telegram.error.Conflict: Conflict: terminated by other getUpdates request; make sure that only one bot instance is running
2026-08-21 15:48:38,879 INFO HTTP Request: POST https://api.telegram.org/bot8853478714:AAGC7W_ilTDh48WegRYq5OPfHZpb2I3r018/getUpdates "HTTP/1.1 200 OK"
2026-08-21 15:48:39,330 INFO HTTP Request: POST https://api.telegram.org/bot8853478714:AAGC7W_ilTDh48WegRYq5OPfHZpb2I3r018/getUpdates "HTTP/1.1 409 Conflict"
2026-08-21 15:48:39,331 ERROR Error no controlado en Telegram
Traceback (most recent call last):
  File "C:\Users\Usuario\AppData\Local\Programs\Python\Python314\Lib\site-packages\telegram\ext\_utils\networkloop.py", line 161, in network_retry_loop
    await do_action()
  File "C:\Users\Usuario\AppData\Local\Programs\Python\Python314\Lib\site-packages\telegram\ext\_utils\networkloop.py", line 154, in do_action
    action_cb_task.result()
    ~~~~~~~~~~~~~~~~~~~~~^^
  File "C:\Users\Usuario\AppData\Local\Programs\Python\Python314\Lib\site-packages\telegram\ext\_updater.py", line 340, in polling_action_cb
    updates = await self.bot.get_updates(
              ^^^^^^^^^^^^^^^^^^^^^^^^^^^
    ...<3 lines>...
    )
    ^
  File "C:\Users\Usuario\AppData\Local\Programs\Python\Python314\Lib\site-packages\telegram\ext\_extbot.py", line 680, in get_updates
    updates = await super().get_updates(
              ^^^^^^^^^^^^^^^^^^^^^^^^^^
    ...<9 lines>...
    )
    ^
  File "C:\Users\Usuario\AppData\Local\Programs\Python\Python314\Lib\site-packages\telegram\_bot.py", line 4767, in get_updates
    await self._post(
    ^^^^^^^^^^^^^^^^^
    ...<7 lines>...
    ),
    ^
  File "C:\Users\Usuario\AppData\Local\Programs\Python\Python314\Lib\site-packages\telegram\_bot.py", line 712, in _post
    return await self._do_post(
           ^^^^^^^^^^^^^^^^^^^^
    ...<6 lines>...
    )
    ^
  File "C:\Users\Usuario\AppData\Local\Programs\Python\Python314\Lib\site-packages\telegram\ext\_extbot.py", line 378, in _do_post
    return await super()._do_post(
           ^^^^^^^^^^^^^^^^^^^^^^^
    ...<6 lines>...
    )
    ^
  File "C:\Users\Usuario\AppData\Local\Programs\Python\Python314\Lib\site-packages\telegram\_bot.py", line 741, in _do_post
    result = await request.post(
             ^^^^^^^^^^^^^^^^^^^
    ...<6 lines>...
    )
    ^
  File "C:\Users\Usuario\AppData\Local\Programs\Python\Python314\Lib\site-packages\telegram\request\_baserequest.py", line 198, in post
    result = await self._request_wrapper(
             ^^^^^^^^^^^^^^^^^^^^^^^^^^^^
    ...<7 lines>...
    )
    ^
  File "C:\Users\Usuario\AppData\Local\Programs\Python\Python314\Lib\site-packages\telegram\request\_baserequest.py", line 375, in _request_wrapper
    raise exception
telegram.error.Conflict: Conflict: terminated by other getUpdates request; make sure that only one bot instance is running
2026-08-21 15:48:48,743 INFO HTTP Request: POST https://api.telegram.org/bot8853478714:AAGC7W_ilTDh48WegRYq5OPfHZpb2I3r018/getUpdates "HTTP/1.1 409 Conflict"
2026-08-21 15:48:48,744 ERROR Error no controlado en Telegram
Traceback (most recent call last):
  File "C:\Users\Usuario\AppData\Local\Programs\Python\Python314\Lib\site-packages\telegram\ext\_utils\networkloop.py", line 161, in network_retry_loop
    await do_action()
  File "C:\Users\Usuario\AppData\Local\Programs\Python\Python314\Lib\site-packages\telegram\ext\_utils\networkloop.py", line 154, in do_action
    action_cb_task.result()
    ~~~~~~~~~~~~~~~~~~~~~^^
  File "C:\Users\Usuario\AppData\Local\Programs\Python\Python314\Lib\site-packages\telegram\ext\_updater.py", line 340, in polling_action_cb
    updates = await self.bot.get_updates(
              ^^^^^^^^^^^^^^^^^^^^^^^^^^^
    ...<3 lines>...
    )
    ^
  File "C:\Users\Usuario\AppData\Local\Programs\Python\Python314\Lib\site-packages\telegram\ext\_extbot.py", line 680, in get_updates
    updates = await super().get_updates(
              ^^^^^^^^^^^^^^^^^^^^^^^^^^
    ...<9 lines>...
    )
    ^
  File "C:\Users\Usuario\AppData\Local\Programs\Python\Python314\Lib\site-packages\telegram\_bot.py", line 4767, in get_updates
    await self._post(
    ^^^^^^^^^^^^^^^^^
    ...<7 lines>...
    ),
    ^
  File "C:\Users\Usuario\AppData\Local\Programs\Python\Python314\Lib\site-packages\telegram\_bot.py", line 712, in _post
    return await self._do_post(
           ^^^^^^^^^^^^^^^^^^^^
    ...<6 lines>...
    )
    ^
  File "C:\Users\Usuario\AppData\Local\Programs\Python\Python314\Lib\site-packages\telegram\ext\_extbot.py", line 378, in _do_post
    return await super()._do_post(
           ^^^^^^^^^^^^^^^^^^^^^^^
    ...<6 lines>...
    )
    ^
  File "C:\Users\Usuario\AppData\Local\Programs\Python\Python314\Lib\site-packages\telegram\_bot.py", line 741, in _do_post
    result = await request.post(
             ^^^^^^^^^^^^^^^^^^^
    ...<6 lines>...
    )
    ^
  File "C:\Users\Usuario\AppData\Local\Programs\Python\Python314\Lib\site-packages\telegram\request\_baserequest.py", line 198, in post
    result = await self._request_wrapper(
             ^^^^^^^^^^^^^^^^^^^^^^^^^^^^
    ...<7 lines>...
    )
    ^
  File "C:\Users\Usuario\AppData\Local\Programs\Python\Python314\Lib\site-packages\telegram\request\_baserequest.py", line 375, in _request_wrapper
    raise exception
telegram.error.Conflict: Conflict: terminated by other getUpdates request; make sure that only one bot instance is running
2026-08-21 15:48:53,389 INFO HTTP Request: POST https://api.telegram.org/bot8853478714:AAGC7W_ilTDh48WegRYq5OPfHZpb2I3r018/getUpdates "HTTP/1.1 409 Conflict"
2026-08-21 15:48:53,390 ERROR Error no controlado en Telegram
Traceback (most recent call last):
  File "C:\Users\Usuario\AppData\Local\Programs\Python\Python314\Lib\site-packages\telegram\ext\_utils\networkloop.py", line 161, in network_retry_loop
    await do_action()
  File "C:\Users\Usuario\AppData\Local\Programs\Python\Python314\Lib\site-packages\telegram\ext\_utils\networkloop.py", line 154, in do_action
    action_cb_task.result()
    ~~~~~~~~~~~~~~~~~~~~~^^
  File "C:\Users\Usuario\AppData\Local\Programs\Python\Python314\Lib\site-packages\telegram\ext\_updater.py", line 340, in polling_action_cb
    updates = await self.bot.get_updates(
              ^^^^^^^^^^^^^^^^^^^^^^^^^^^
    ...<3 lines>...
    )
    ^
  File "C:\Users\Usuario\AppData\Local\Programs\Python\Python314\Lib\site-packages\telegram\ext\_extbot.py", line 680, in get_updates
    updates = await super().get_updates(
              ^^^^^^^^^^^^^^^^^^^^^^^^^^
    ...<9 lines>...
    )
    ^
  File "C:\Users\Usuario\AppData\Local\Programs\Python\Python314\Lib\site-packages\telegram\_bot.py", line 4767, in get_updates
    await self._post(
    ^^^^^^^^^^^^^^^^^
    ...<7 lines>...
    ),
    ^
  File "C:\Users\Usuario\AppData\Local\Programs\Python\Python314\Lib\site-packages\telegram\_bot.py", line 712, in _post
    return await self._do_post(
           ^^^^^^^^^^^^^^^^^^^^
    ...<6 lines>...
    )
    ^
  File "C:\Users\Usuario\AppData\Local\Programs\Python\Python314\Lib\site-packages\telegram\ext\_extbot.py", line 378, in _do_post
    return await super()._do_post(
           ^^^^^^^^^^^^^^^^^^^^^^^
    ...<6 lines>...
    )
    ^
  File "C:\Users\Usuario\AppData\Local\Programs\Python\Python314\Lib\site-packages\telegram\_bot.py", line 741, in _do_post
    result = await request.post(
             ^^^^^^^^^^^^^^^^^^^
    ...<6 lines>...
    )
    ^
  File "C:\Users\Usuario\AppData\Local\Programs\Python\Python314\Lib\site-packages\telegram\request\_baserequest.py", line 198, in post
    result = await self._request_wrapper(
             ^^^^^^^^^^^^^^^^^^^^^^^^^^^^
    ...<7 lines>...
    )
    ^
  File "C:\Users\Usuario\AppData\Local\Programs\Python\Python314\Lib\site-packages\telegram\request\_baserequest.py", line 375, in _request_wrapper
    raise exception
telegram.error.Conflict: Conflict: terminated by other getUpdates request; make sure that only one bot instance is running
2026-08-21 15:49:00,391 INFO HTTP Request: POST https://api.telegram.org/bot8853478714:AAGC7W_ilTDh48WegRYq5OPfHZpb2I3r018/getUpdates "HTTP/1.1 200 OK"
2026-08-21 15:49:02,361 INFO HTTP Request: POST https://api.telegram.org/bot8853478714:AAGC7W_ilTDh48WegRYq5OPfHZpb2I3r018/getUpdates "HTTP/1.1 409 Conflict"
2026-08-21 15:49:02,363 ERROR Error no controlado en Telegram
Traceback (most recent call last):
  File "C:\Users\Usuario\AppData\Local\Programs\Python\Python314\Lib\site-packages\telegram\ext\_utils\networkloop.py", line 161, in network_retry_loop
    await do_action()
  File "C:\Users\Usuario\AppData\Local\Programs\Python\Python314\Lib\site-packages\telegram\ext\_utils\networkloop.py", line 154, in do_action
    action_cb_task.result()
    ~~~~~~~~~~~~~~~~~~~~~^^
  File "C:\Users\Usuario\AppData\Local\Programs\Python\Python314\Lib\site-packages\telegram\ext\_updater.py", line 340, in polling_action_cb
    updates = await self.bot.get_updates(
              ^^^^^^^^^^^^^^^^^^^^^^^^^^^
    ...<3 lines>...
    )
    ^
  File "C:\Users\Usuario\AppData\Local\Programs\Python\Python314\Lib\site-packages\telegram\ext\_extbot.py", line 680, in get_updates
    updates = await super().get_updates(
              ^^^^^^^^^^^^^^^^^^^^^^^^^^
    ...<9 lines>...
    )
    ^
  File "C:\Users\Usuario\AppData\Local\Programs\Python\Python314\Lib\site-packages\telegram\_bot.py", line 4767, in get_updates
    await self._post(
    ^^^^^^^^^^^^^^^^^
    ...<7 lines>...
    ),
    ^
  File "C:\Users\Usuario\AppData\Local\Programs\Python\Python314\Lib\site-packages\telegram\_bot.py", line 712, in _post
    return await self._do_post(
           ^^^^^^^^^^^^^^^^^^^^
    ...<6 lines>...
    )
    ^
  File "C:\Users\Usuario\AppData\Local\Programs\Python\Python314\Lib\site-packages\telegram\ext\_extbot.py", line 378, in _do_post
    return await super()._do_post(
           ^^^^^^^^^^^^^^^^^^^^^^^
    ...<6 lines>...
    )
    ^
  File "C:\Users\Usuario\AppData\Local\Programs\Python\Python314\Lib\site-packages\telegram\_bot.py", line 741, in _do_post
    result = await request.post(
             ^^^^^^^^^^^^^^^^^^^
    ...<6 lines>...
    )
    ^
  File "C:\Users\Usuario\AppData\Local\Programs\Python\Python314\Lib\site-packages\telegram\request\_baserequest.py", line 198, in post
    result = await self._request_wrapper(
             ^^^^^^^^^^^^^^^^^^^^^^^^^^^^
    ...<7 lines>...
    )
    ^
  File "C:\Users\Usuario\AppData\Local\Programs\Python\Python314\Lib\site-packages\telegram\request\_baserequest.py", line 375, in _request_wrapper
    raise exception
telegram.error.Conflict: Conflict: terminated by other getUpdates request; make sure that only one bot instance is running
2026-08-21 15:49:13,500 INFO HTTP Request: POST https://api.telegram.org/bot8853478714:AAGC7W_ilTDh48WegRYq5OPfHZpb2I3r018/getUpdates "HTTP/1.1 200 OK"
2026-08-21 15:49:13,958 INFO HTTP Request: POST https://api.telegram.org/bot8853478714:AAGC7W_ilTDh48WegRYq5OPfHZpb2I3r018/getUpdates "HTTP/1.1 409 Conflict"
2026-08-21 15:49:13,959 ERROR Error no controlado en Telegram
Traceback (most recent call last):
  File "C:\Users\Usuario\AppData\Local\Programs\Python\Python314\Lib\site-packages\telegram\ext\_utils\networkloop.py", line 161, in network_retry_loop
    await do_action()
  File "C:\Users\Usuario\AppData\Local\Programs\Python\Python314\Lib\site-packages\telegram\ext\_utils\networkloop.py", line 154, in do_action
    action_cb_task.result()
    ~~~~~~~~~~~~~~~~~~~~~^^
  File "C:\Users\Usuario\AppData\Local\Programs\Python\Python314\Lib\site-packages\telegram\ext\_updater.py", line 340, in polling_action_cb
    updates = await self.bot.get_updates(
              ^^^^^^^^^^^^^^^^^^^^^^^^^^^
    ...<3 lines>...
    )
    ^
  File "C:\Users\Usuario\AppData\Local\Programs\Python\Python314\Lib\site-packages\telegram\ext\_extbot.py", line 680, in get_updates
    updates = await super().get_updates(
              ^^^^^^^^^^^^^^^^^^^^^^^^^^
    ...<9 lines>...
    )
    ^
  File "C:\Users\Usuario\AppData\Local\Programs\Python\Python314\Lib\site-packages\telegram\_bot.py", line 4767, in get_updates
    await self._post(
    ^^^^^^^^^^^^^^^^^
    ...<7 lines>...
    ),
    ^
  File "C:\Users\Usuario\AppData\Local\Programs\Python\Python314\Lib\site-packages\telegram\_bot.py", line 712, in _post
    return await self._do_post(
           ^^^^^^^^^^^^^^^^^^^^
    ...<6 lines>...
    )
    ^
  File "C:\Users\Usuario\AppData\Local\Programs\Python\Python314\Lib\site-packages\telegram\ext\_extbot.py", line 378, in _do_post
    return await super()._do_post(
           ^^^^^^^^^^^^^^^^^^^^^^^
    ...<6 lines>...
    )
    ^
  File "C:\Users\Usuario\AppData\Local\Programs\Python\Python314\Lib\site-packages\telegram\_bot.py", line 741, in _do_post
    result = await request.post(
             ^^^^^^^^^^^^^^^^^^^
    ...<6 lines>...
    )
    ^
  File "C:\Users\Usuario\AppData\Local\Programs\Python\Python314\Lib\site-packages\telegram\request\_baserequest.py", line 198, in post
    result = await self._request_wrapper(
             ^^^^^^^^^^^^^^^^^^^^^^^^^^^^
    ...<7 lines>...
    )
    ^
  File "C:\Users\Usuario\AppData\Local\Programs\Python\Python314\Lib\site-packages\telegram\request\_baserequest.py", line 375, in _request_wrapper
    raise exception
telegram.error.Conflict: Conflict: terminated by other getUpdates request; make sure that only one bot instance is running
2026-08-21 15:49:23,856 INFO HTTP Request: POST https://api.telegram.org/bot8853478714:AAGC7W_ilTDh48WegRYq5OPfHZpb2I3r018/getUpdates "HTTP/1.1 409 Conflict"
2026-08-21 15:49:23,857 ERROR Error no controlado en Telegram
Traceback (most recent call last):
  File "C:\Users\Usuario\AppData\Local\Programs\Python\Python314\Lib\site-packages\telegram\ext\_utils\networkloop.py", line 161, in network_retry_loop
    await do_action()
  File "C:\Users\Usuario\AppData\Local\Programs\Python\Python314\Lib\site-packages\telegram\ext\_utils\networkloop.py", line 154, in do_action
    action_cb_task.result()
    ~~~~~~~~~~~~~~~~~~~~~^^
  File "C:\Users\Usuario\AppData\Local\Programs\Python\Python314\Lib\site-packages\telegram\ext\_updater.py", line 340, in polling_action_cb
    updates = await self.bot.get_updates(
              ^^^^^^^^^^^^^^^^^^^^^^^^^^^
    ...<3 lines>...
    )
    ^
  File "C:\Users\Usuario\AppData\Local\Programs\Python\Python314\Lib\site-packages\telegram\ext\_extbot.py", line 680, in get_updates
    updates = await super().get_updates(
              ^^^^^^^^^^^^^^^^^^^^^^^^^^
    ...<9 lines>...
    )
    ^
  File "C:\Users\Usuario\AppData\Local\Programs\Python\Python314\Lib\site-packages\telegram\_bot.py", line 4767, in get_updates
    await self._post(
    ^^^^^^^^^^^^^^^^^
    ...<7 lines>...
    ),
    ^
  File "C:\Users\Usuario\AppData\Local\Programs\Python\Python314\Lib\site-packages\telegram\_bot.py", line 712, in _post
    return await self._do_post(
           ^^^^^^^^^^^^^^^^^^^^
    ...<6 lines>...
    )
    ^
  File "C:\Users\Usuario\AppData\Local\Programs\Python\Python314\Lib\site-packages\telegram\ext\_extbot.py", line 378, in _do_post
    return await super()._do_post(
           ^^^^^^^^^^^^^^^^^^^^^^^
    ...<6 lines>...
    )
    ^
  File "C:\Users\Usuario\AppData\Local\Programs\Python\Python314\Lib\site-packages\telegram\_bot.py", line 741, in _do_post
    result = await request.post(
             ^^^^^^^^^^^^^^^^^^^
    ...<6 lines>...
    )
    ^
  File "C:\Users\Usuario\AppData\Local\Programs\Python\Python314\Lib\site-packages\telegram\request\_baserequest.py", line 198, in post
    result = await self._request_wrapper(
             ^^^^^^^^^^^^^^^^^^^^^^^^^^^^
    ...<7 lines>...
    )
    ^
  File "C:\Users\Usuario\AppData\Local\Programs\Python\Python314\Lib\site-packages\telegram\request\_baserequest.py", line 375, in _request_wrapper
    raise exception
telegram.error.Conflict: Conflict: terminated by other getUpdates request; make sure that only one bot instance is running
2026-08-21 15:49:28,494 INFO HTTP Request: POST https://api.telegram.org/bot8853478714:AAGC7W_ilTDh48WegRYq5OPfHZpb2I3r018/getUpdates "HTTP/1.1 409 Conflict"
2026-08-21 15:49:28,495 ERROR Error no controlado en Telegram
Traceback (most recent call last):
  File "C:\Users\Usuario\AppData\Local\Programs\Python\Python314\Lib\site-packages\telegram\ext\_utils\networkloop.py", line 161, in network_retry_loop
    await do_action()
  File "C:\Users\Usuario\AppData\Local\Programs\Python\Python314\Lib\site-packages\telegram\ext\_utils\networkloop.py", line 154, in do_action
    action_cb_task.result()
    ~~~~~~~~~~~~~~~~~~~~~^^
  File "C:\Users\Usuario\AppData\Local\Programs\Python\Python314\Lib\site-packages\telegram\ext\_updater.py", line 340, in polling_action_cb
    updates = await self.bot.get_updates(
              ^^^^^^^^^^^^^^^^^^^^^^^^^^^
    ...<3 lines>...
    )
    ^
  File "C:\Users\Usuario\AppData\Local\Programs\Python\Python314\Lib\site-packages\telegram\ext\_extbot.py", line 680, in get_updates
    updates = await super().get_updates(
              ^^^^^^^^^^^^^^^^^^^^^^^^^^
    ...<9 lines>...
    )
    ^
  File "C:\Users\Usuario\AppData\Local\Programs\Python\Python314\Lib\site-packages\telegram\_bot.py", line 4767, in get_updates
    await self._post(
    ^^^^^^^^^^^^^^^^^
    ...<7 lines>...
    ),
    ^
  File "C:\Users\Usuario\AppData\Local\Programs\Python\Python314\Lib\site-packages\telegram\_bot.py", line 712, in _post
    return await self._do_post(
           ^^^^^^^^^^^^^^^^^^^^
    ...<6 lines>...
    )
    ^
  File "C:\Users\Usuario\AppData\Local\Programs\Python\Python314\Lib\site-packages\telegram\ext\_extbot.py", line 378, in _do_post
    return await super()._do_post(
           ^^^^^^^^^^^^^^^^^^^^^^^
    ...<6 lines>...
    )
    ^
  File "C:\Users\Usuario\AppData\Local\Programs\Python\Python314\Lib\site-packages\telegram\_bot.py", line 741, in _do_post
    result = await request.post(
             ^^^^^^^^^^^^^^^^^^^
    ...<6 lines>...
    )
    ^
  File "C:\Users\Usuario\AppData\Local\Programs\Python\Python314\Lib\site-packages\telegram\request\_baserequest.py", line 198, in post
    result = await self._request_wrapper(
             ^^^^^^^^^^^^^^^^^^^^^^^^^^^^
    ...<7 lines>...
    )
    ^
  File "C:\Users\Usuario\AppData\Local\Programs\Python\Python314\Lib\site-packages\telegram\request\_baserequest.py", line 375, in _request_wrapper
    raise exception
telegram.error.Conflict: Conflict: terminated by other getUpdates request; make sure that only one bot instance is running
2026-08-21 15:49:35,491 INFO HTTP Request: POST https://api.telegram.org/bot8853478714:AAGC7W_ilTDh48WegRYq5OPfHZpb2I3r018/getUpdates "HTTP/1.1 200 OK"
2026-08-21 15:49:45,622 INFO HTTP Request: POST https://api.telegram.org/bot8853478714:AAGC7W_ilTDh48WegRYq5OPfHZpb2I3r018/getUpdates "HTTP/1.1 200 OK"
2026-08-21 15:49:48,603 INFO HTTP Request: POST https://api.telegram.org/bot8853478714:AAGC7W_ilTDh48WegRYq5OPfHZpb2I3r018/getUpdates "HTTP/1.1 409 Conflict"
2026-08-21 15:49:48,604 ERROR Error no controlado en Telegram
Traceback (most recent call last):
  File "C:\Users\Usuario\AppData\Local\Programs\Python\Python314\Lib\site-packages\telegram\ext\_utils\networkloop.py", line 161, in network_retry_loop
    await do_action()
  File "C:\Users\Usuario\AppData\Local\Programs\Python\Python314\Lib\site-packages\telegram\ext\_utils\networkloop.py", line 154, in do_action
    action_cb_task.result()
    ~~~~~~~~~~~~~~~~~~~~~^^
  File "C:\Users\Usuario\AppData\Local\Programs\Python\Python314\Lib\site-packages\telegram\ext\_updater.py", line 340, in polling_action_cb
    updates = await self.bot.get_updates(
              ^^^^^^^^^^^^^^^^^^^^^^^^^^^
    ...<3 lines>...
    )
    ^
  File "C:\Users\Usuario\AppData\Local\Programs\Python\Python314\Lib\site-packages\telegram\ext\_extbot.py", line 680, in get_updates
    updates = await super().get_updates(
              ^^^^^^^^^^^^^^^^^^^^^^^^^^
    ...<9 lines>...
    )
    ^
  File "C:\Users\Usuario\AppData\Local\Programs\Python\Python314\Lib\site-packages\telegram\_bot.py", line 4767, in get_updates
    await self._post(
    ^^^^^^^^^^^^^^^^^
    ...<7 lines>...
    ),
    ^
  File "C:\Users\Usuario\AppData\Local\Programs\Python\Python314\Lib\site-packages\telegram\_bot.py", line 712, in _post
    return await self._do_post(
           ^^^^^^^^^^^^^^^^^^^^
    ...<6 lines>...
    )
    ^
  File "C:\Users\Usuario\AppData\Local\Programs\Python\Python314\Lib\site-packages\telegram\ext\_extbot.py", line 378, in _do_post
    return await super()._do_post(
           ^^^^^^^^^^^^^^^^^^^^^^^
    ...<6 lines>...
    )
    ^
  File "C:\Users\Usuario\AppData\Local\Programs\Python\Python314\Lib\site-packages\telegram\_bot.py", line 741, in _do_post
    result = await request.post(
             ^^^^^^^^^^^^^^^^^^^
    ...<6 lines>...
    )
    ^
  File "C:\Users\Usuario\AppData\Local\Programs\Python\Python314\Lib\site-packages\telegram\request\_baserequest.py", line 198, in post
    result = await self._request_wrapper(
             ^^^^^^^^^^^^^^^^^^^^^^^^^^^^
    ...<7 lines>...
    )
    ^
  File "C:\Users\Usuario\AppData\Local\Programs\Python\Python314\Lib\site-packages\telegram\request\_baserequest.py", line 375, in _request_wrapper
    raise exception
telegram.error.Conflict: Conflict: terminated by other getUpdates request; make sure that only one bot instance is running
2026-08-21 15:49:58,930 INFO HTTP Request: POST https://api.telegram.org/bot8853478714:AAGC7W_ilTDh48WegRYq5OPfHZpb2I3r018/getUpdates "HTTP/1.1 409 Conflict"
2026-08-21 15:49:58,931 ERROR Error no controlado en Telegram
Traceback (most recent call last):
  File "C:\Users\Usuario\AppData\Local\Programs\Python\Python314\Lib\site-packages\telegram\ext\_utils\networkloop.py", line 161, in network_retry_loop
    await do_action()
  File "C:\Users\Usuario\AppData\Local\Programs\Python\Python314\Lib\site-packages\telegram\ext\_utils\networkloop.py", line 154, in do_action
    action_cb_task.result()
    ~~~~~~~~~~~~~~~~~~~~~^^
  File "C:\Users\Usuario\AppData\Local\Programs\Python\Python314\Lib\site-packages\telegram\ext\_updater.py", line 340, in polling_action_cb
    updates = await self.bot.get_updates(
              ^^^^^^^^^^^^^^^^^^^^^^^^^^^
    ...<3 lines>...
    )
    ^
  File "C:\Users\Usuario\AppData\Local\Programs\Python\Python314\Lib\site-packages\telegram\ext\_extbot.py", line 680, in get_updates
    updates = await super().get_updates(
              ^^^^^^^^^^^^^^^^^^^^^^^^^^
    ...<9 lines>...
    )
    ^
  File "C:\Users\Usuario\AppData\Local\Programs\Python\Python314\Lib\site-packages\telegram\_bot.py", line 4767, in get_updates
    await self._post(
    ^^^^^^^^^^^^^^^^^
    ...<7 lines>...
    ),
    ^
  File "C:\Users\Usuario\AppData\Local\Programs\Python\Python314\Lib\site-packages\telegram\_bot.py", line 712, in _post
    return await self._do_post(
           ^^^^^^^^^^^^^^^^^^^^
    ...<6 lines>...
    )
    ^
  File "C:\Users\Usuario\AppData\Local\Programs\Python\Python314\Lib\site-packages\telegram\ext\_extbot.py", line 378, in _do_post
    return await super()._do_post(
           ^^^^^^^^^^^^^^^^^^^^^^^
    ...<6 lines>...
    )
    ^
  File "C:\Users\Usuario\AppData\Local\Programs\Python\Python314\Lib\site-packages\telegram\_bot.py", line 741, in _do_post
    result = await request.post(
             ^^^^^^^^^^^^^^^^^^^
    ...<6 lines>...
    )
    ^
  File "C:\Users\Usuario\AppData\Local\Programs\Python\Python314\Lib\site-packages\telegram\request\_baserequest.py", line 198, in post
    result = await self._request_wrapper(
             ^^^^^^^^^^^^^^^^^^^^^^^^^^^^
    ...<7 lines>...
    )
    ^
  File "C:\Users\Usuario\AppData\Local\Programs\Python\Python314\Lib\site-packages\telegram\request\_baserequest.py", line 375, in _request_wrapper
    raise exception
telegram.error.Conflict: Conflict: terminated by other getUpdates request; make sure that only one bot instance is running
2026-08-21 15:50:03,584 INFO HTTP Request: POST https://api.telegram.org/bot8853478714:AAGC7W_ilTDh48WegRYq5OPfHZpb2I3r018/getUpdates "HTTP/1.1 409 Conflict"
2026-08-21 15:50:03,586 ERROR Error no controlado en Telegram
Traceback (most recent call last):
  File "C:\Users\Usuario\AppData\Local\Programs\Python\Python314\Lib\site-packages\telegram\ext\_utils\networkloop.py", line 161, in network_retry_loop
    await do_action()
  File "C:\Users\Usuario\AppData\Local\Programs\Python\Python314\Lib\site-packages\telegram\ext\_utils\networkloop.py", line 154, in do_action
    action_cb_task.result()
    ~~~~~~~~~~~~~~~~~~~~~^^
  File "C:\Users\Usuario\AppData\Local\Programs\Python\Python314\Lib\site-packages\telegram\ext\_updater.py", line 340, in polling_action_cb
    updates = await self.bot.get_updates(
              ^^^^^^^^^^^^^^^^^^^^^^^^^^^
    ...<3 lines>...
    )
    ^
  File "C:\Users\Usuario\AppData\Local\Programs\Python\Python314\Lib\site-packages\telegram\ext\_extbot.py", line 680, in get_updates
    updates = await super().get_updates(
              ^^^^^^^^^^^^^^^^^^^^^^^^^^
    ...<9 lines>...
    )
    ^
  File "C:\Users\Usuario\AppData\Local\Programs\Python\Python314\Lib\site-packages\telegram\_bot.py", line 4767, in get_updates
    await self._post(
    ^^^^^^^^^^^^^^^^^
    ...<7 lines>...
    ),
    ^
  File "C:\Users\Usuario\AppData\Local\Programs\Python\Python314\Lib\site-packages\telegram\_bot.py", line 712, in _post
    return await self._do_post(
           ^^^^^^^^^^^^^^^^^^^^
    ...<6 lines>...
    )
    ^
  File "C:\Users\Usuario\AppData\Local\Programs\Python\Python314\Lib\site-packages\telegram\ext\_extbot.py", line 378, in _do_post
    return await super()._do_post(
           ^^^^^^^^^^^^^^^^^^^^^^^
    ...<6 lines>...
    )
    ^
  File "C:\Users\Usuario\AppData\Local\Programs\Python\Python314\Lib\site-packages\telegram\_bot.py", line 741, in _do_post
    result = await request.post(
             ^^^^^^^^^^^^^^^^^^^
    ...<6 lines>...
    )
    ^
  File "C:\Users\Usuario\AppData\Local\Programs\Python\Python314\Lib\site-packages\telegram\request\_baserequest.py", line 198, in post
    result = await self._request_wrapper(
             ^^^^^^^^^^^^^^^^^^^^^^^^^^^^
    ...<7 lines>...
    )
    ^
  File "C:\Users\Usuario\AppData\Local\Programs\Python\Python314\Lib\site-packages\telegram\request\_baserequest.py", line 375, in _request_wrapper
    raise exception
telegram.error.Conflict: Conflict: terminated by other getUpdates request; make sure that only one bot instance is running
2026-08-21 15:50:10,578 INFO HTTP Request: POST https://api.telegram.org/bot8853478714:AAGC7W_ilTDh48WegRYq5OPfHZpb2I3r018/getUpdates "HTTP/1.1 200 OK"
2026-08-21 15:50:20,709 INFO HTTP Request: POST https://api.telegram.org/bot8853478714:AAGC7W_ilTDh48WegRYq5OPfHZpb2I3r018/getUpdates "HTTP/1.1 200 OK"
2026-08-21 15:50:23,225 INFO HTTP Request: POST https://api.telegram.org/bot8853478714:AAGC7W_ilTDh48WegRYq5OPfHZpb2I3r018/getUpdates "HTTP/1.1 409 Conflict"
2026-08-21 15:50:23,226 ERROR Error no controlado en Telegram
Traceback (most recent call last):
  File "C:\Users\Usuario\AppData\Local\Programs\Python\Python314\Lib\site-packages\telegram\ext\_utils\networkloop.py", line 161, in network_retry_loop
    await do_action()
  File "C:\Users\Usuario\AppData\Local\Programs\Python\Python314\Lib\site-packages\telegram\ext\_utils\networkloop.py", line 154, in do_action
    action_cb_task.result()
    ~~~~~~~~~~~~~~~~~~~~~^^
  File "C:\Users\Usuario\AppData\Local\Programs\Python\Python314\Lib\site-packages\telegram\ext\_updater.py", line 340, in polling_action_cb
    updates = await self.bot.get_updates(
              ^^^^^^^^^^^^^^^^^^^^^^^^^^^
    ...<3 lines>...
    )
    ^
  File "C:\Users\Usuario\AppData\Local\Programs\Python\Python314\Lib\site-packages\telegram\ext\_extbot.py", line 680, in get_updates
    updates = await super().get_updates(
              ^^^^^^^^^^^^^^^^^^^^^^^^^^
    ...<9 lines>...
    )
    ^
  File "C:\Users\Usuario\AppData\Local\Programs\Python\Python314\Lib\site-packages\telegram\_bot.py", line 4767, in get_updates
    await self._post(
    ^^^^^^^^^^^^^^^^^
    ...<7 lines>...
    ),
    ^
  File "C:\Users\Usuario\AppData\Local\Programs\Python\Python314\Lib\site-packages\telegram\_bot.py", line 712, in _post
    return await self._do_post(
           ^^^^^^^^^^^^^^^^^^^^
    ...<6 lines>...
    )
    ^
  File "C:\Users\Usuario\AppData\Local\Programs\Python\Python314\Lib\site-packages\telegram\ext\_extbot.py", line 378, in _do_post
    return await super()._do_post(
           ^^^^^^^^^^^^^^^^^^^^^^^
    ...<6 lines>...
    )
    ^
  File "C:\Users\Usuario\AppData\Local\Programs\Python\Python314\Lib\site-packages\telegram\_bot.py", line 741, in _do_post
    result = await request.post(
             ^^^^^^^^^^^^^^^^^^^
    ...<6 lines>...
    )
    ^
  File "C:\Users\Usuario\AppData\Local\Programs\Python\Python314\Lib\site-packages\telegram\request\_baserequest.py", line 198, in post
    result = await self._request_wrapper(
             ^^^^^^^^^^^^^^^^^^^^^^^^^^^^
    ...<7 lines>...
    )
    ^
  File "C:\Users\Usuario\AppData\Local\Programs\Python\Python314\Lib\site-packages\telegram\request\_baserequest.py", line 375, in _request_wrapper
    raise exception
telegram.error.Conflict: Conflict: terminated by other getUpdates request; make sure that only one bot instance is running
2026-08-21 15:50:34,024 INFO HTTP Request: POST https://api.telegram.org/bot8853478714:AAGC7W_ilTDh48WegRYq5OPfHZpb2I3r018/getUpdates "HTTP/1.1 409 Conflict"
2026-08-21 15:50:34,026 ERROR Error no controlado en Telegram
Traceback (most recent call last):
  File "C:\Users\Usuario\AppData\Local\Programs\Python\Python314\Lib\site-packages\telegram\ext\_utils\networkloop.py", line 161, in network_retry_loop
    await do_action()
  File "C:\Users\Usuario\AppData\Local\Programs\Python\Python314\Lib\site-packages\telegram\ext\_utils\networkloop.py", line 154, in do_action
    action_cb_task.result()
    ~~~~~~~~~~~~~~~~~~~~~^^
  File "C:\Users\Usuario\AppData\Local\Programs\Python\Python314\Lib\site-packages\telegram\ext\_updater.py", line 340, in polling_action_cb
    updates = await self.bot.get_updates(
              ^^^^^^^^^^^^^^^^^^^^^^^^^^^
    ...<3 lines>...
    )
    ^
  File "C:\Users\Usuario\AppData\Local\Programs\Python\Python314\Lib\site-packages\telegram\ext\_extbot.py", line 680, in get_updates
    updates = await super().get_updates(
              ^^^^^^^^^^^^^^^^^^^^^^^^^^
    ...<9 lines>...
    )
    ^
  File "C:\Users\Usuario\AppData\Local\Programs\Python\Python314\Lib\site-packages\telegram\_bot.py", line 4767, in get_updates
    await self._post(
    ^^^^^^^^^^^^^^^^^
    ...<7 lines>...
    ),
    ^
  File "C:\Users\Usuario\AppData\Local\Programs\Python\Python314\Lib\site-packages\telegram\_bot.py", line 712, in _post
    return await self._do_post(
           ^^^^^^^^^^^^^^^^^^^^
    ...<6 lines>...
    )
    ^
  File "C:\Users\Usuario\AppData\Local\Programs\Python\Python314\Lib\site-packages\telegram\ext\_extbot.py", line 378, in _do_post
    return await super()._do_post(
           ^^^^^^^^^^^^^^^^^^^^^^^
    ...<6 lines>...
    )
    ^
  File "C:\Users\Usuario\AppData\Local\Programs\Python\Python314\Lib\site-packages\telegram\_bot.py", line 741, in _do_post
    result = await request.post(
             ^^^^^^^^^^^^^^^^^^^
    ...<6 lines>...
    )
    ^
  File "C:\Users\Usuario\AppData\Local\Programs\Python\Python314\Lib\site-packages\telegram\request\_baserequest.py", line 198, in post
    result = await self._request_wrapper(
             ^^^^^^^^^^^^^^^^^^^^^^^^^^^^
    ...<7 lines>...
    )
    ^
  File "C:\Users\Usuario\AppData\Local\Programs\Python\Python314\Lib\site-packages\telegram\request\_baserequest.py", line 375, in _request_wrapper
    raise exception
telegram.error.Conflict: Conflict: terminated by other getUpdates request; make sure that only one bot instance is running
2026-08-21 15:50:38,665 INFO HTTP Request: POST https://api.telegram.org/bot8853478714:AAGC7W_ilTDh48WegRYq5OPfHZpb2I3r018/getUpdates "HTTP/1.1 409 Conflict"
2026-08-21 15:50:38,666 ERROR Error no controlado en Telegram
Traceback (most recent call last):
  File "C:\Users\Usuario\AppData\Local\Programs\Python\Python314\Lib\site-packages\telegram\ext\_utils\networkloop.py", line 161, in network_retry_loop
    await do_action()
  File "C:\Users\Usuario\AppData\Local\Programs\Python\Python314\Lib\site-packages\telegram\ext\_utils\networkloop.py", line 154, in do_action
    action_cb_task.result()
    ~~~~~~~~~~~~~~~~~~~~~^^
  File "C:\Users\Usuario\AppData\Local\Programs\Python\Python314\Lib\site-packages\telegram\ext\_updater.py", line 340, in polling_action_cb
    updates = await self.bot.get_updates(
              ^^^^^^^^^^^^^^^^^^^^^^^^^^^
    ...<3 lines>...
    )
    ^
  File "C:\Users\Usuario\AppData\Local\Programs\Python\Python314\Lib\site-packages\telegram\ext\_extbot.py", line 680, in get_updates
    updates = await super().get_updates(
              ^^^^^^^^^^^^^^^^^^^^^^^^^^
    ...<9 lines>...
    )
    ^
  File "C:\Users\Usuario\AppData\Local\Programs\Python\Python314\Lib\site-packages\telegram\_bot.py", line 4767, in get_updates
    await self._post(
    ^^^^^^^^^^^^^^^^^
    ...<7 lines>...
    ),
    ^
  File "C:\Users\Usuario\AppData\Local\Programs\Python\Python314\Lib\site-packages\telegram\_bot.py", line 712, in _post
    return await self._do_post(
           ^^^^^^^^^^^^^^^^^^^^
    ...<6 lines>...
    )
    ^
  File "C:\Users\Usuario\AppData\Local\Programs\Python\Python314\Lib\site-packages\telegram\ext\_extbot.py", line 378, in _do_post
    return await super()._do_post(
           ^^^^^^^^^^^^^^^^^^^^^^^
    ...<6 lines>...
    )
    ^
  File "C:\Users\Usuario\AppData\Local\Programs\Python\Python314\Lib\site-packages\telegram\_bot.py", line 741, in _do_post
    result = await request.post(
             ^^^^^^^^^^^^^^^^^^^
    ...<6 lines>...
    )
    ^
  File "C:\Users\Usuario\AppData\Local\Programs\Python\Python314\Lib\site-packages\telegram\request\_baserequest.py", line 198, in post
    result = await self._request_wrapper(
             ^^^^^^^^^^^^^^^^^^^^^^^^^^^^
    ...<7 lines>...
    )
    ^
  File "C:\Users\Usuario\AppData\Local\Programs\Python\Python314\Lib\site-packages\telegram\request\_baserequest.py", line 375, in _request_wrapper
    raise exception
telegram.error.Conflict: Conflict: terminated by other getUpdates request; make sure that only one bot instance is running
2026-08-21 15:50:45,665 INFO HTTP Request: POST https://api.telegram.org/bot8853478714:AAGC7W_ilTDh48WegRYq5OPfHZpb2I3r018/getUpdates "HTTP/1.1 200 OK"
2026-08-21 15:50:55,798 INFO HTTP Request: POST https://api.telegram.org/bot8853478714:AAGC7W_ilTDh48WegRYq5OPfHZpb2I3r018/getUpdates "HTTP/1.1 200 OK"
2026-08-21 15:50:57,860 INFO HTTP Request: POST https://api.telegram.org/bot8853478714:AAGC7W_ilTDh48WegRYq5OPfHZpb2I3r018/getUpdates "HTTP/1.1 409 Conflict"
2026-08-21 15:50:57,861 ERROR Error no controlado en Telegram
Traceback (most recent call last):
  File "C:\Users\Usuario\AppData\Local\Programs\Python\Python314\Lib\site-packages\telegram\ext\_utils\networkloop.py", line 161, in network_retry_loop
    await do_action()
  File "C:\Users\Usuario\AppData\Local\Programs\Python\Python314\Lib\site-packages\telegram\ext\_utils\networkloop.py", line 154, in do_action
    action_cb_task.result()
    ~~~~~~~~~~~~~~~~~~~~~^^
  File "C:\Users\Usuario\AppData\Local\Programs\Python\Python314\Lib\site-packages\telegram\ext\_updater.py", line 340, in polling_action_cb
    updates = await self.bot.get_updates(
              ^^^^^^^^^^^^^^^^^^^^^^^^^^^
    ...<3 lines>...
    )
    ^
  File "C:\Users\Usuario\AppData\Local\Programs\Python\Python314\Lib\site-packages\telegram\ext\_extbot.py", line 680, in get_updates
    updates = await super().get_updates(
              ^^^^^^^^^^^^^^^^^^^^^^^^^^
    ...<9 lines>...
    )
    ^
  File "C:\Users\Usuario\AppData\Local\Programs\Python\Python314\Lib\site-packages\telegram\_bot.py", line 4767, in get_updates
    await self._post(
    ^^^^^^^^^^^^^^^^^
    ...<7 lines>...
    ),
    ^
  File "C:\Users\Usuario\AppData\Local\Programs\Python\Python314\Lib\site-packages\telegram\_bot.py", line 712, in _post
    return await self._do_post(
           ^^^^^^^^^^^^^^^^^^^^
    ...<6 lines>...
    )
    ^
  File "C:\Users\Usuario\AppData\Local\Programs\Python\Python314\Lib\site-packages\telegram\ext\_extbot.py", line 378, in _do_post
    return await super()._do_post(
           ^^^^^^^^^^^^^^^^^^^^^^^
    ...<6 lines>...
    )
    ^
  File "C:\Users\Usuario\AppData\Local\Programs\Python\Python314\Lib\site-packages\telegram\_bot.py", line 741, in _do_post
    result = await request.post(
             ^^^^^^^^^^^^^^^^^^^
    ...<6 lines>...
    )
    ^
  File "C:\Users\Usuario\AppData\Local\Programs\Python\Python314\Lib\site-packages\telegram\request\_baserequest.py", line 198, in post
    result = await self._request_wrapper(
             ^^^^^^^^^^^^^^^^^^^^^^^^^^^^
    ...<7 lines>...
    )
    ^
  File "C:\Users\Usuario\AppData\Local\Programs\Python\Python314\Lib\site-packages\telegram\request\_baserequest.py", line 375, in _request_wrapper
    raise exception
telegram.error.Conflict: Conflict: terminated by other getUpdates request; make sure that only one bot instance is running
2026-08-21 15:51:08,998 INFO HTTP Request: POST https://api.telegram.org/bot8853478714:AAGC7W_ilTDh48WegRYq5OPfHZpb2I3r018/getUpdates "HTTP/1.1 200 OK"
2026-08-21 15:51:09,129 INFO HTTP Request: POST https://api.telegram.org/bot8853478714:AAGC7W_ilTDh48WegRYq5OPfHZpb2I3r018/getUpdates "HTTP/1.1 409 Conflict"
2026-08-21 15:51:09,130 ERROR Error no controlado en Telegram
Traceback (most recent call last):
  File "C:\Users\Usuario\AppData\Local\Programs\Python\Python314\Lib\site-packages\telegram\ext\_utils\networkloop.py", line 161, in network_retry_loop
    await do_action()
  File "C:\Users\Usuario\AppData\Local\Programs\Python\Python314\Lib\site-packages\telegram\ext\_utils\networkloop.py", line 154, in do_action
    action_cb_task.result()
    ~~~~~~~~~~~~~~~~~~~~~^^
  File "C:\Users\Usuario\AppData\Local\Programs\Python\Python314\Lib\site-packages\telegram\ext\_updater.py", line 340, in polling_action_cb
    updates = await self.bot.get_updates(
              ^^^^^^^^^^^^^^^^^^^^^^^^^^^
    ...<3 lines>...
    )
    ^
  File "C:\Users\Usuario\AppData\Local\Programs\Python\Python314\Lib\site-packages\telegram\ext\_extbot.py", line 680, in get_updates
    updates = await super().get_updates(
              ^^^^^^^^^^^^^^^^^^^^^^^^^^
    ...<9 lines>...
    )
    ^
  File "C:\Users\Usuario\AppData\Local\Programs\Python\Python314\Lib\site-packages\telegram\_bot.py", line 4767, in get_updates
    await self._post(
    ^^^^^^^^^^^^^^^^^
    ...<7 lines>...
    ),
    ^
  File "C:\Users\Usuario\AppData\Local\Programs\Python\Python314\Lib\site-packages\telegram\_bot.py", line 712, in _post
    return await self._do_post(
           ^^^^^^^^^^^^^^^^^^^^
    ...<6 lines>...
    )
    ^
  File "C:\Users\Usuario\AppData\Local\Programs\Python\Python314\Lib\site-packages\telegram\ext\_extbot.py", line 378, in _do_post
    return await super()._do_post(
           ^^^^^^^^^^^^^^^^^^^^^^^
    ...<6 lines>...
    )
    ^
  File "C:\Users\Usuario\AppData\Local\Programs\Python\Python314\Lib\site-packages\telegram\_bot.py", line 741, in _do_post
    result = await request.post(
             ^^^^^^^^^^^^^^^^^^^
    ...<6 lines>...
    )
    ^
  File "C:\Users\Usuario\AppData\Local\Programs\Python\Python314\Lib\site-packages\telegram\request\_baserequest.py", line 198, in post
    result = await self._request_wrapper(
             ^^^^^^^^^^^^^^^^^^^^^^^^^^^^
    ...<7 lines>...
    )
    ^
  File "C:\Users\Usuario\AppData\Local\Programs\Python\Python314\Lib\site-packages\telegram\request\_baserequest.py", line 375, in _request_wrapper
    raise exception
telegram.error.Conflict: Conflict: terminated by other getUpdates request; make sure that only one bot instance is running
2026-08-21 15:51:19,131 INFO HTTP Request: POST https://api.telegram.org/bot8853478714:AAGC7W_ilTDh48WegRYq5OPfHZpb2I3r018/getUpdates "HTTP/1.1 200 OK"
2026-08-21 15:51:29,262 INFO HTTP Request: POST https://api.telegram.org/bot8853478714:AAGC7W_ilTDh48WegRYq5OPfHZpb2I3r018/getUpdates "HTTP/1.1 200 OK"
2026-08-21 15:51:32,512 INFO HTTP Request: POST https://api.telegram.org/bot8853478714:AAGC7W_ilTDh48WegRYq5OPfHZpb2I3r018/getUpdates "HTTP/1.1 409 Conflict"
2026-08-21 15:51:32,513 ERROR Error no controlado en Telegram
Traceback (most recent call last):
  File "C:\Users\Usuario\AppData\Local\Programs\Python\Python314\Lib\site-packages\telegram\ext\_utils\networkloop.py", line 161, in network_retry_loop
    await do_action()
  File "C:\Users\Usuario\AppData\Local\Programs\Python\Python314\Lib\site-packages\telegram\ext\_utils\networkloop.py", line 154, in do_action
    action_cb_task.result()
    ~~~~~~~~~~~~~~~~~~~~~^^
  File "C:\Users\Usuario\AppData\Local\Programs\Python\Python314\Lib\site-packages\telegram\ext\_updater.py", line 340, in polling_action_cb
    updates = await self.bot.get_updates(
              ^^^^^^^^^^^^^^^^^^^^^^^^^^^
    ...<3 lines>...
    )
    ^
  File "C:\Users\Usuario\AppData\Local\Programs\Python\Python314\Lib\site-packages\telegram\ext\_extbot.py", line 680, in get_updates
    updates = await super().get_updates(
              ^^^^^^^^^^^^^^^^^^^^^^^^^^
    ...<9 lines>...
    )
    ^
  File "C:\Users\Usuario\AppData\Local\Programs\Python\Python314\Lib\site-packages\telegram\_bot.py", line 4767, in get_updates
    await self._post(
    ^^^^^^^^^^^^^^^^^
    ...<7 lines>...
    ),
    ^
  File "C:\Users\Usuario\AppData\Local\Programs\Python\Python314\Lib\site-packages\telegram\_bot.py", line 712, in _post
    return await self._do_post(
           ^^^^^^^^^^^^^^^^^^^^
    ...<6 lines>...
    )
    ^
  File "C:\Users\Usuario\AppData\Local\Programs\Python\Python314\Lib\site-packages\telegram\ext\_extbot.py", line 378, in _do_post
    return await super()._do_post(
           ^^^^^^^^^^^^^^^^^^^^^^^
    ...<6 lines>...
    )
    ^
  File "C:\Users\Usuario\AppData\Local\Programs\Python\Python314\Lib\site-packages\telegram\_bot.py", line 741, in _do_post
    result = await request.post(
             ^^^^^^^^^^^^^^^^^^^
    ...<6 lines>...
    )
    ^
  File "C:\Users\Usuario\AppData\Local\Programs\Python\Python314\Lib\site-packages\telegram\request\_baserequest.py", line 198, in post
    result = await self._request_wrapper(
             ^^^^^^^^^^^^^^^^^^^^^^^^^^^^
    ...<7 lines>...
    )
    ^
  File "C:\Users\Usuario\AppData\Local\Programs\Python\Python314\Lib\site-packages\telegram\request\_baserequest.py", line 375, in _request_wrapper
    raise exception
telegram.error.Conflict: Conflict: terminated by other getUpdates request; make sure that only one bot instance is running
2026-08-21 15:51:39,554 INFO HTTP Request: POST https://api.telegram.org/bot8853478714:AAGC7W_ilTDh48WegRYq5OPfHZpb2I3r018/getUpdates "HTTP/1.1 409 Conflict"
2026-08-21 15:51:39,555 ERROR Error no controlado en Telegram
Traceback (most recent call last):
  File "C:\Users\Usuario\AppData\Local\Programs\Python\Python314\Lib\site-packages\telegram\ext\_utils\networkloop.py", line 161, in network_retry_loop
    await do_action()
  File "C:\Users\Usuario\AppData\Local\Programs\Python\Python314\Lib\site-packages\telegram\ext\_utils\networkloop.py", line 154, in do_action
    action_cb_task.result()
    ~~~~~~~~~~~~~~~~~~~~~^^
  File "C:\Users\Usuario\AppData\Local\Programs\Python\Python314\Lib\site-packages\telegram\ext\_updater.py", line 340, in polling_action_cb
    updates = await self.bot.get_updates(
              ^^^^^^^^^^^^^^^^^^^^^^^^^^^
    ...<3 lines>...
    )
    ^
  File "C:\Users\Usuario\AppData\Local\Programs\Python\Python314\Lib\site-packages\telegram\ext\_extbot.py", line 680, in get_updates
    updates = await super().get_updates(
              ^^^^^^^^^^^^^^^^^^^^^^^^^^
    ...<9 lines>...
    )
    ^
  File "C:\Users\Usuario\AppData\Local\Programs\Python\Python314\Lib\site-packages\telegram\_bot.py", line 4767, in get_updates
    await self._post(
    ^^^^^^^^^^^^^^^^^
    ...<7 lines>...
    ),
    ^
  File "C:\Users\Usuario\AppData\Local\Programs\Python\Python314\Lib\site-packages\telegram\_bot.py", line 712, in _post
    return await self._do_post(
           ^^^^^^^^^^^^^^^^^^^^
    ...<6 lines>...
    )
    ^
  File "C:\Users\Usuario\AppData\Local\Programs\Python\Python314\Lib\site-packages\telegram\ext\_extbot.py", line 378, in _do_post
    return await super()._do_post(
           ^^^^^^^^^^^^^^^^^^^^^^^
    ...<6 lines>...
    )
    ^
  File "C:\Users\Usuario\AppData\Local\Programs\Python\Python314\Lib\site-packages\telegram\_bot.py", line 741, in _do_post
    result = await request.post(
             ^^^^^^^^^^^^^^^^^^^
    ...<6 lines>...
    )
    ^
  File "C:\Users\Usuario\AppData\Local\Programs\Python\Python314\Lib\site-packages\telegram\request\_baserequest.py", line 198, in post
    result = await self._request_wrapper(
             ^^^^^^^^^^^^^^^^^^^^^^^^^^^^
    ...<7 lines>...
    )
    ^
  File "C:\Users\Usuario\AppData\Local\Programs\Python\Python314\Lib\site-packages\telegram\request\_baserequest.py", line 375, in _request_wrapper
    raise exception
telegram.error.Conflict: Conflict: terminated by other getUpdates request; make sure that only one bot instance is running
2026-08-21 15:51:44,199 INFO HTTP Request: POST https://api.telegram.org/bot8853478714:AAGC7W_ilTDh48WegRYq5OPfHZpb2I3r018/getUpdates "HTTP/1.1 409 Conflict"
2026-08-21 15:51:44,200 ERROR Error no controlado en Telegram
Traceback (most recent call last):
  File "C:\Users\Usuario\AppData\Local\Programs\Python\Python314\Lib\site-packages\telegram\ext\_utils\networkloop.py", line 161, in network_retry_loop
    await do_action()
  File "C:\Users\Usuario\AppData\Local\Programs\Python\Python314\Lib\site-packages\telegram\ext\_utils\networkloop.py", line 154, in do_action
    action_cb_task.result()
    ~~~~~~~~~~~~~~~~~~~~~^^
  File "C:\Users\Usuario\AppData\Local\Programs\Python\Python314\Lib\site-packages\telegram\ext\_updater.py", line 340, in polling_action_cb
    updates = await self.bot.get_updates(
              ^^^^^^^^^^^^^^^^^^^^^^^^^^^
    ...<3 lines>...
    )
    ^
  File "C:\Users\Usuario\AppData\Local\Programs\Python\Python314\Lib\site-packages\telegram\ext\_extbot.py", line 680, in get_updates
    updates = await super().get_updates(
              ^^^^^^^^^^^^^^^^^^^^^^^^^^
    ...<9 lines>...
    )
    ^
  File "C:\Users\Usuario\AppData\Local\Programs\Python\Python314\Lib\site-packages\telegram\_bot.py", line 4767, in get_updates
    await self._post(
    ^^^^^^^^^^^^^^^^^
    ...<7 lines>...
    ),
    ^
  File "C:\Users\Usuario\AppData\Local\Programs\Python\Python314\Lib\site-packages\telegram\_bot.py", line 712, in _post
    return await self._do_post(
           ^^^^^^^^^^^^^^^^^^^^
    ...<6 lines>...
    )
    ^
  File "C:\Users\Usuario\AppData\Local\Programs\Python\Python314\Lib\site-packages\telegram\ext\_extbot.py", line 378, in _do_post
    return await super()._do_post(
           ^^^^^^^^^^^^^^^^^^^^^^^
    ...<6 lines>...
    )
    ^
  File "C:\Users\Usuario\AppData\Local\Programs\Python\Python314\Lib\site-packages\telegram\_bot.py", line 741, in _do_post
    result = await request.post(
             ^^^^^^^^^^^^^^^^^^^
    ...<6 lines>...
    )
    ^
  File "C:\Users\Usuario\AppData\Local\Programs\Python\Python314\Lib\site-packages\telegram\request\_baserequest.py", line 198, in post
    result = await self._request_wrapper(
             ^^^^^^^^^^^^^^^^^^^^^^^^^^^^
    ...<7 lines>...
    )
    ^
  File "C:\Users\Usuario\AppData\Local\Programs\Python\Python314\Lib\site-packages\telegram\request\_baserequest.py", line 375, in _request_wrapper
    raise exception
telegram.error.Conflict: Conflict: terminated by other getUpdates request; make sure that only one bot instance is running
2026-08-21 15:51:51,195 INFO HTTP Request: POST https://api.telegram.org/bot8853478714:AAGC7W_ilTDh48WegRYq5OPfHZpb2I3r018/getUpdates "HTTP/1.1 200 OK"
2026-08-21 15:52:01,327 INFO HTTP Request: POST https://api.telegram.org/bot8853478714:AAGC7W_ilTDh48WegRYq5OPfHZpb2I3r018/getUpdates "HTTP/1.1 200 OK"
2026-08-21 15:52:07,133 INFO HTTP Request: POST https://api.telegram.org/bot8853478714:AAGC7W_ilTDh48WegRYq5OPfHZpb2I3r018/getUpdates "HTTP/1.1 409 Conflict"
2026-08-21 15:52:07,134 ERROR Error no controlado en Telegram
Traceback (most recent call last):
  File "C:\Users\Usuario\AppData\Local\Programs\Python\Python314\Lib\site-packages\telegram\ext\_utils\networkloop.py", line 161, in network_retry_loop
    await do_action()
  File "C:\Users\Usuario\AppData\Local\Programs\Python\Python314\Lib\site-packages\telegram\ext\_utils\networkloop.py", line 154, in do_action
    action_cb_task.result()
    ~~~~~~~~~~~~~~~~~~~~~^^
  File "C:\Users\Usuario\AppData\Local\Programs\Python\Python314\Lib\site-packages\telegram\ext\_updater.py", line 340, in polling_action_cb
    updates = await self.bot.get_updates(
              ^^^^^^^^^^^^^^^^^^^^^^^^^^^
    ...<3 lines>...
    )
    ^
  File "C:\Users\Usuario\AppData\Local\Programs\Python\Python314\Lib\site-packages\telegram\ext\_extbot.py", line 680, in get_updates
    updates = await super().get_updates(
              ^^^^^^^^^^^^^^^^^^^^^^^^^^
    ...<9 lines>...
    )
    ^
  File "C:\Users\Usuario\AppData\Local\Programs\Python\Python314\Lib\site-packages\telegram\_bot.py", line 4767, in get_updates
    await self._post(
    ^^^^^^^^^^^^^^^^^
    ...<7 lines>...
    ),
    ^
  File "C:\Users\Usuario\AppData\Local\Programs\Python\Python314\Lib\site-packages\telegram\_bot.py", line 712, in _post
    return await self._do_post(
           ^^^^^^^^^^^^^^^^^^^^
    ...<6 lines>...
    )
    ^
  File "C:\Users\Usuario\AppData\Local\Programs\Python\Python314\Lib\site-packages\telegram\ext\_extbot.py", line 378, in _do_post
    return await super()._do_post(
           ^^^^^^^^^^^^^^^^^^^^^^^
    ...<6 lines>...
    )
    ^
  File "C:\Users\Usuario\AppData\Local\Programs\Python\Python314\Lib\site-packages\telegram\_bot.py", line 741, in _do_post
    result = await request.post(
             ^^^^^^^^^^^^^^^^^^^
    ...<6 lines>...
    )
    ^
  File "C:\Users\Usuario\AppData\Local\Programs\Python\Python314\Lib\site-packages\telegram\request\_baserequest.py", line 198, in post
    result = await self._request_wrapper(
             ^^^^^^^^^^^^^^^^^^^^^^^^^^^^
    ...<7 lines>...
    )
    ^
  File "C:\Users\Usuario\AppData\Local\Programs\Python\Python314\Lib\site-packages\telegram\request\_baserequest.py", line 375, in _request_wrapper
    raise exception
telegram.error.Conflict: Conflict: terminated by other getUpdates request; make sure that only one bot instance is running
2026-08-21 15:52:14,627 INFO HTTP Request: POST https://api.telegram.org/bot8853478714:AAGC7W_ilTDh48WegRYq5OPfHZpb2I3r018/getUpdates "HTTP/1.1 409 Conflict"
2026-08-21 15:52:14,628 ERROR Error no controlado en Telegram
Traceback (most recent call last):
  File "C:\Users\Usuario\AppData\Local\Programs\Python\Python314\Lib\site-packages\telegram\ext\_utils\networkloop.py", line 161, in network_retry_loop
    await do_action()
  File "C:\Users\Usuario\AppData\Local\Programs\Python\Python314\Lib\site-packages\telegram\ext\_utils\networkloop.py", line 154, in do_action
    action_cb_task.result()
    ~~~~~~~~~~~~~~~~~~~~~^^
  File "C:\Users\Usuario\AppData\Local\Programs\Python\Python314\Lib\site-packages\telegram\ext\_updater.py", line 340, in polling_action_cb
    updates = await self.bot.get_updates(
              ^^^^^^^^^^^^^^^^^^^^^^^^^^^
    ...<3 lines>...
    )
    ^
  File "C:\Users\Usuario\AppData\Local\Programs\Python\Python314\Lib\site-packages\telegram\ext\_extbot.py", line 680, in get_updates
    updates = await super().get_updates(
              ^^^^^^^^^^^^^^^^^^^^^^^^^^
    ...<9 lines>...
    )
    ^
  File "C:\Users\Usuario\AppData\Local\Programs\Python\Python314\Lib\site-packages\telegram\_bot.py", line 4767, in get_updates
    await self._post(
    ^^^^^^^^^^^^^^^^^
    ...<7 lines>...
    ),
    ^
  File "C:\Users\Usuario\AppData\Local\Programs\Python\Python314\Lib\site-packages\telegram\_bot.py", line 712, in _post
    return await self._do_post(
           ^^^^^^^^^^^^^^^^^^^^
    ...<6 lines>...
    )
    ^
  File "C:\Users\Usuario\AppData\Local\Programs\Python\Python314\Lib\site-packages\telegram\ext\_extbot.py", line 378, in _do_post
    return await super()._do_post(
           ^^^^^^^^^^^^^^^^^^^^^^^
    ...<6 lines>...
    )
    ^
  File "C:\Users\Usuario\AppData\Local\Programs\Python\Python314\Lib\site-packages\telegram\_bot.py", line 741, in _do_post
    result = await request.post(
             ^^^^^^^^^^^^^^^^^^^
    ...<6 lines>...
    )
    ^
  File "C:\Users\Usuario\AppData\Local\Programs\Python\Python314\Lib\site-packages\telegram\request\_baserequest.py", line 198, in post
    result = await self._request_wrapper(
             ^^^^^^^^^^^^^^^^^^^^^^^^^^^^
    ...<7 lines>...
    )
    ^
  File "C:\Users\Usuario\AppData\Local\Programs\Python\Python314\Lib\site-packages\telegram\request\_baserequest.py", line 375, in _request_wrapper
    raise exception
telegram.error.Conflict: Conflict: terminated by other getUpdates request; make sure that only one bot instance is running
2026-08-21 15:52:19,263 INFO HTTP Request: POST https://api.telegram.org/bot8853478714:AAGC7W_ilTDh48WegRYq5OPfHZpb2I3r018/getUpdates "HTTP/1.1 409 Conflict"
2026-08-21 15:52:19,265 ERROR Error no controlado en Telegram
Traceback (most recent call last):
  File "C:\Users\Usuario\AppData\Local\Programs\Python\Python314\Lib\site-packages\telegram\ext\_utils\networkloop.py", line 161, in network_retry_loop
    await do_action()
  File "C:\Users\Usuario\AppData\Local\Programs\Python\Python314\Lib\site-packages\telegram\ext\_utils\networkloop.py", line 154, in do_action
    action_cb_task.result()
    ~~~~~~~~~~~~~~~~~~~~~^^
  File "C:\Users\Usuario\AppData\Local\Programs\Python\Python314\Lib\site-packages\telegram\ext\_updater.py", line 340, in polling_action_cb
    updates = await self.bot.get_updates(
              ^^^^^^^^^^^^^^^^^^^^^^^^^^^
    ...<3 lines>...
    )
    ^
  File "C:\Users\Usuario\AppData\Local\Programs\Python\Python314\Lib\site-packages\telegram\ext\_extbot.py", line 680, in get_updates
    updates = await super().get_updates(
              ^^^^^^^^^^^^^^^^^^^^^^^^^^
    ...<9 lines>...
    )
    ^
  File "C:\Users\Usuario\AppData\Local\Programs\Python\Python314\Lib\site-packages\telegram\_bot.py", line 4767, in get_updates
    await self._post(
    ^^^^^^^^^^^^^^^^^
    ...<7 lines>...
    ),
    ^
  File "C:\Users\Usuario\AppData\Local\Programs\Python\Python314\Lib\site-packages\telegram\_bot.py", line 712, in _post
    return await self._do_post(
           ^^^^^^^^^^^^^^^^^^^^
    ...<6 lines>...
    )
    ^
  File "C:\Users\Usuario\AppData\Local\Programs\Python\Python314\Lib\site-packages\telegram\ext\_extbot.py", line 378, in _do_post
    return await super()._do_post(
           ^^^^^^^^^^^^^^^^^^^^^^^
    ...<6 lines>...
    )
    ^
  File "C:\Users\Usuario\AppData\Local\Programs\Python\Python314\Lib\site-packages\telegram\_bot.py", line 741, in _do_post
    result = await request.post(
             ^^^^^^^^^^^^^^^^^^^
    ...<6 lines>...
    )
    ^
  File "C:\Users\Usuario\AppData\Local\Programs\Python\Python314\Lib\site-packages\telegram\request\_baserequest.py", line 198, in post
    result = await self._request_wrapper(
             ^^^^^^^^^^^^^^^^^^^^^^^^^^^^
    ...<7 lines>...
    )
    ^
  File "C:\Users\Usuario\AppData\Local\Programs\Python\Python314\Lib\site-packages\telegram\request\_baserequest.py", line 375, in _request_wrapper
    raise exception
telegram.error.Conflict: Conflict: terminated by other getUpdates request; make sure that only one bot instance is running
2026-08-21 15:52:25,716 INFO HTTP Request: POST https://api.telegram.org/bot8853478714:AAGC7W_ilTDh48WegRYq5OPfHZpb2I3r018/getUpdates "HTTP/1.1 409 Conflict"
2026-08-21 15:52:25,717 ERROR Error no controlado en Telegram
Traceback (most recent call last):
  File "C:\Users\Usuario\AppData\Local\Programs\Python\Python314\Lib\site-packages\telegram\ext\_utils\networkloop.py", line 161, in network_retry_loop
    await do_action()
  File "C:\Users\Usuario\AppData\Local\Programs\Python\Python314\Lib\site-packages\telegram\ext\_utils\networkloop.py", line 154, in do_action
    action_cb_task.result()
    ~~~~~~~~~~~~~~~~~~~~~^^
  File "C:\Users\Usuario\AppData\Local\Programs\Python\Python314\Lib\site-packages\telegram\ext\_updater.py", line 340, in polling_action_cb
    updates = await self.bot.get_updates(
              ^^^^^^^^^^^^^^^^^^^^^^^^^^^
    ...<3 lines>...
    )
    ^
  File "C:\Users\Usuario\AppData\Local\Programs\Python\Python314\Lib\site-packages\telegram\ext\_extbot.py", line 680, in get_updates
    updates = await super().get_updates(
              ^^^^^^^^^^^^^^^^^^^^^^^^^^
    ...<9 lines>...
    )
    ^
  File "C:\Users\Usuario\AppData\Local\Programs\Python\Python314\Lib\site-packages\telegram\_bot.py", line 4767, in get_updates
    await self._post(
    ^^^^^^^^^^^^^^^^^
    ...<7 lines>...
    ),
    ^
  File "C:\Users\Usuario\AppData\Local\Programs\Python\Python314\Lib\site-packages\telegram\_bot.py", line 712, in _post
    return await self._do_post(
           ^^^^^^^^^^^^^^^^^^^^
    ...<6 lines>...
    )
    ^
  File "C:\Users\Usuario\AppData\Local\Programs\Python\Python314\Lib\site-packages\telegram\ext\_extbot.py", line 378, in _do_post
    return await super()._do_post(
           ^^^^^^^^^^^^^^^^^^^^^^^
    ...<6 lines>...
    )
    ^
  File "C:\Users\Usuario\AppData\Local\Programs\Python\Python314\Lib\site-packages\telegram\_bot.py", line 741, in _do_post
    result = await request.post(
             ^^^^^^^^^^^^^^^^^^^
    ...<6 lines>...
    )
    ^
  File "C:\Users\Usuario\AppData\Local\Programs\Python\Python314\Lib\site-packages\telegram\request\_baserequest.py", line 198, in post
    result = await self._request_wrapper(
             ^^^^^^^^^^^^^^^^^^^^^^^^^^^^
    ...<7 lines>...
    )
    ^
  File "C:\Users\Usuario\AppData\Local\Programs\Python\Python314\Lib\site-packages\telegram\request\_baserequest.py", line 375, in _request_wrapper
    raise exception
telegram.error.Conflict: Conflict: terminated by other getUpdates request; make sure that only one bot instance is running
2026-08-21 15:52:34,247 INFO HTTP Request: POST https://api.telegram.org/bot8853478714:AAGC7W_ilTDh48WegRYq5OPfHZpb2I3r018/getUpdates "HTTP/1.1 409 Conflict"
2026-08-21 15:52:34,248 ERROR Error no controlado en Telegram
Traceback (most recent call last):
  File "C:\Users\Usuario\AppData\Local\Programs\Python\Python314\Lib\site-packages\telegram\ext\_utils\networkloop.py", line 161, in network_retry_loop
    await do_action()
  File "C:\Users\Usuario\AppData\Local\Programs\Python\Python314\Lib\site-packages\telegram\ext\_utils\networkloop.py", line 154, in do_action
    action_cb_task.result()
    ~~~~~~~~~~~~~~~~~~~~~^^
  File "C:\Users\Usuario\AppData\Local\Programs\Python\Python314\Lib\site-packages\telegram\ext\_updater.py", line 340, in polling_action_cb
    updates = await self.bot.get_updates(
              ^^^^^^^^^^^^^^^^^^^^^^^^^^^
    ...<3 lines>...
    )
    ^
  File "C:\Users\Usuario\AppData\Local\Programs\Python\Python314\Lib\site-packages\telegram\ext\_extbot.py", line 680, in get_updates
    updates = await super().get_updates(
              ^^^^^^^^^^^^^^^^^^^^^^^^^^
    ...<9 lines>...
    )
    ^
  File "C:\Users\Usuario\AppData\Local\Programs\Python\Python314\Lib\site-packages\telegram\_bot.py", line 4767, in get_updates
    await self._post(
    ^^^^^^^^^^^^^^^^^
    ...<7 lines>...
    ),
    ^
  File "C:\Users\Usuario\AppData\Local\Programs\Python\Python314\Lib\site-packages\telegram\_bot.py", line 712, in _post
    return await self._do_post(
           ^^^^^^^^^^^^^^^^^^^^
    ...<6 lines>...
    )
    ^
  File "C:\Users\Usuario\AppData\Local\Programs\Python\Python314\Lib\site-packages\telegram\ext\_extbot.py", line 378, in _do_post
    return await super()._do_post(
           ^^^^^^^^^^^^^^^^^^^^^^^
    ...<6 lines>...
    )
    ^
  File "C:\Users\Usuario\AppData\Local\Programs\Python\Python314\Lib\site-packages\telegram\_bot.py", line 741, in _do_post
    result = await request.post(
             ^^^^^^^^^^^^^^^^^^^
    ...<6 lines>...
    )
    ^
  File "C:\Users\Usuario\AppData\Local\Programs\Python\Python314\Lib\site-packages\telegram\request\_baserequest.py", line 198, in post
    result = await self._request_wrapper(
             ^^^^^^^^^^^^^^^^^^^^^^^^^^^^
    ...<7 lines>...
    )
    ^
  File "C:\Users\Usuario\AppData\Local\Programs\Python\Python314\Lib\site-packages\telegram\request\_baserequest.py", line 375, in _request_wrapper
    raise exception
telegram.error.Conflict: Conflict: terminated by other getUpdates request; make sure that only one bot instance is running
2026-08-21 15:52:38,866 INFO HTTP Request: POST https://api.telegram.org/bot8853478714:AAGC7W_ilTDh48WegRYq5OPfHZpb2I3r018/getUpdates "HTTP/1.1 200 OK"
2026-08-21 15:52:39,434 INFO HTTP Request: POST https://api.telegram.org/bot8853478714:AAGC7W_ilTDh48WegRYq5OPfHZpb2I3r018/sendMessage "HTTP/1.1 200 OK"
2026-08-21 15:52:42,407 INFO HTTP Request: POST https://api.telegram.org/bot8853478714:AAGC7W_ilTDh48WegRYq5OPfHZpb2I3r018/getUpdates "HTTP/1.1 409 Conflict"
2026-08-21 15:52:42,408 ERROR Error no controlado en Telegram
Traceback (most recent call last):
  File "C:\Users\Usuario\AppData\Local\Programs\Python\Python314\Lib\site-packages\telegram\ext\_utils\networkloop.py", line 161, in network_retry_loop
    await do_action()
  File "C:\Users\Usuario\AppData\Local\Programs\Python\Python314\Lib\site-packages\telegram\ext\_utils\networkloop.py", line 154, in do_action
    action_cb_task.result()
    ~~~~~~~~~~~~~~~~~~~~~^^
  File "C:\Users\Usuario\AppData\Local\Programs\Python\Python314\Lib\site-packages\telegram\ext\_updater.py", line 340, in polling_action_cb
    updates = await self.bot.get_updates(
              ^^^^^^^^^^^^^^^^^^^^^^^^^^^
    ...<3 lines>...
    )
    ^
  File "C:\Users\Usuario\AppData\Local\Programs\Python\Python314\Lib\site-packages\telegram\ext\_extbot.py", line 680, in get_updates
    updates = await super().get_updates(
              ^^^^^^^^^^^^^^^^^^^^^^^^^^
    ...<9 lines>...
    )
    ^
  File "C:\Users\Usuario\AppData\Local\Programs\Python\Python314\Lib\site-packages\telegram\_bot.py", line 4767, in get_updates
    await self._post(
    ^^^^^^^^^^^^^^^^^
    ...<7 lines>...
    ),
    ^
  File "C:\Users\Usuario\AppData\Local\Programs\Python\Python314\Lib\site-packages\telegram\_bot.py", line 712, in _post
    return await self._do_post(
           ^^^^^^^^^^^^^^^^^^^^
    ...<6 lines>...
    )
    ^
  File "C:\Users\Usuario\AppData\Local\Programs\Python\Python314\Lib\site-packages\telegram\ext\_extbot.py", line 378, in _do_post
    return await super()._do_post(
           ^^^^^^^^^^^^^^^^^^^^^^^
    ...<6 lines>...
    )
    ^
  File "C:\Users\Usuario\AppData\Local\Programs\Python\Python314\Lib\site-packages\telegram\_bot.py", line 741, in _do_post
    result = await request.post(
             ^^^^^^^^^^^^^^^^^^^
    ...<6 lines>...
    )
    ^
  File "C:\Users\Usuario\AppData\Local\Programs\Python\Python314\Lib\site-packages\telegram\request\_baserequest.py", line 198, in post
    result = await self._request_wrapper(
             ^^^^^^^^^^^^^^^^^^^^^^^^^^^^
    ...<7 lines>...
    )
    ^
  File "C:\Users\Usuario\AppData\Local\Programs\Python\Python314\Lib\site-packages\telegram\request\_baserequest.py", line 375, in _request_wrapper
    raise exception
telegram.error.Conflict: Conflict: terminated by other getUpdates request; make sure that only one bot instance is running
2026-08-21 15:52:43,550 INFO HTTP Request: POST https://api.telegram.org/bot8853478714:AAGC7W_ilTDh48WegRYq5OPfHZpb2I3r018/getUpdates "HTTP/1.1 200 OK"
2026-08-21 15:52:43,890 INFO HTTP Request: POST https://api.telegram.org/bot8853478714:AAGC7W_ilTDh48WegRYq5OPfHZpb2I3r018/sendMessage "HTTP/1.1 200 OK"
2026-08-21 15:52:48,255 INFO HTTP Request: POST https://api.telegram.org/bot8853478714:AAGC7W_ilTDh48WegRYq5OPfHZpb2I3r018/getUpdates "HTTP/1.1 409 Conflict"
2026-08-21 15:52:48,257 ERROR Error no controlado en Telegram
Traceback (most recent call last):
  File "C:\Users\Usuario\AppData\Local\Programs\Python\Python314\Lib\site-packages\telegram\ext\_utils\networkloop.py", line 161, in network_retry_loop
    await do_action()
  File "C:\Users\Usuario\AppData\Local\Programs\Python\Python314\Lib\site-packages\telegram\ext\_utils\networkloop.py", line 154, in do_action
    action_cb_task.result()
    ~~~~~~~~~~~~~~~~~~~~~^^
  File "C:\Users\Usuario\AppData\Local\Programs\Python\Python314\Lib\site-packages\telegram\ext\_updater.py", line 340, in polling_action_cb
    updates = await self.bot.get_updates(
              ^^^^^^^^^^^^^^^^^^^^^^^^^^^
    ...<3 lines>...
    )
    ^
  File "C:\Users\Usuario\AppData\Local\Programs\Python\Python314\Lib\site-packages\telegram\ext\_extbot.py", line 680, in get_updates
    updates = await super().get_updates(
              ^^^^^^^^^^^^^^^^^^^^^^^^^^
    ...<9 lines>...
    )
    ^
  File "C:\Users\Usuario\AppData\Local\Programs\Python\Python314\Lib\site-packages\telegram\_bot.py", line 4767, in get_updates
    await self._post(
    ^^^^^^^^^^^^^^^^^
    ...<7 lines>...
    ),
    ^
  File "C:\Users\Usuario\AppData\Local\Programs\Python\Python314\Lib\site-packages\telegram\_bot.py", line 712, in _post
    return await self._do_post(
           ^^^^^^^^^^^^^^^^^^^^
    ...<6 lines>...
    )
    ^
  File "C:\Users\Usuario\AppData\Local\Programs\Python\Python314\Lib\site-packages\telegram\ext\_extbot.py", line 378, in _do_post
    return await super()._do_post(
           ^^^^^^^^^^^^^^^^^^^^^^^
    ...<6 lines>...
    )
    ^
  File "C:\Users\Usuario\AppData\Local\Programs\Python\Python314\Lib\site-packages\telegram\_bot.py", line 741, in _do_post
    result = await request.post(
             ^^^^^^^^^^^^^^^^^^^
    ...<6 lines>...
    )
    ^
  File "C:\Users\Usuario\AppData\Local\Programs\Python\Python314\Lib\site-packages\telegram\request\_baserequest.py", line 198, in post
    result = await self._request_wrapper(
             ^^^^^^^^^^^^^^^^^^^^^^^^^^^^
    ...<7 lines>...
    )
    ^
  File "C:\Users\Usuario\AppData\Local\Programs\Python\Python314\Lib\site-packages\telegram\request\_baserequest.py", line 375, in _request_wrapper
    raise exception
telegram.error.Conflict: Conflict: terminated by other getUpdates request; make sure that only one bot instance is running
2026-08-21 15:52:49,393 INFO HTTP Request: POST https://api.telegram.org/bot8853478714:AAGC7W_ilTDh48WegRYq5OPfHZpb2I3r018/getUpdates "HTTP/1.1 200 OK"
2026-08-21 15:52:49,689 INFO HTTP Request: POST https://api.telegram.org/bot8853478714:AAGC7W_ilTDh48WegRYq5OPfHZpb2I3r018/getUpdates "HTTP/1.1 409 Conflict"
2026-08-21 15:52:49,690 ERROR Error no controlado en Telegram
Traceback (most recent call last):
  File "C:\Users\Usuario\AppData\Local\Programs\Python\Python314\Lib\site-packages\telegram\ext\_utils\networkloop.py", line 161, in network_retry_loop
    await do_action()
  File "C:\Users\Usuario\AppData\Local\Programs\Python\Python314\Lib\site-packages\telegram\ext\_utils\networkloop.py", line 154, in do_action
    action_cb_task.result()
    ~~~~~~~~~~~~~~~~~~~~~^^
  File "C:\Users\Usuario\AppData\Local\Programs\Python\Python314\Lib\site-packages\telegram\ext\_updater.py", line 340, in polling_action_cb
    updates = await self.bot.get_updates(
              ^^^^^^^^^^^^^^^^^^^^^^^^^^^
    ...<3 lines>...
    )
    ^
  File "C:\Users\Usuario\AppData\Local\Programs\Python\Python314\Lib\site-packages\telegram\ext\_extbot.py", line 680, in get_updates
    updates = await super().get_updates(
              ^^^^^^^^^^^^^^^^^^^^^^^^^^
    ...<9 lines>...
    )
    ^
  File "C:\Users\Usuario\AppData\Local\Programs\Python\Python314\Lib\site-packages\telegram\_bot.py", line 4767, in get_updates
    await self._post(
    ^^^^^^^^^^^^^^^^^
    ...<7 lines>...
    ),
    ^
  File "C:\Users\Usuario\AppData\Local\Programs\Python\Python314\Lib\site-packages\telegram\_bot.py", line 712, in _post
    return await self._do_post(
           ^^^^^^^^^^^^^^^^^^^^
    ...<6 lines>...
    )
    ^
  File "C:\Users\Usuario\AppData\Local\Programs\Python\Python314\Lib\site-packages\telegram\ext\_extbot.py", line 378, in _do_post
    return await super()._do_post(
           ^^^^^^^^^^^^^^^^^^^^^^^
    ...<6 lines>...
    )
    ^
  File "C:\Users\Usuario\AppData\Local\Programs\Python\Python314\Lib\site-packages\telegram\_bot.py", line 741, in _do_post
    result = await request.post(
             ^^^^^^^^^^^^^^^^^^^
    ...<6 lines>...
    )
    ^
  File "C:\Users\Usuario\AppData\Local\Programs\Python\Python314\Lib\site-packages\telegram\request\_baserequest.py", line 198, in post
    result = await self._request_wrapper(
             ^^^^^^^^^^^^^^^^^^^^^^^^^^^^
    ...<7 lines>...
    )
    ^
  File "C:\Users\Usuario\AppData\Local\Programs\Python\Python314\Lib\site-packages\telegram\request\_baserequest.py", line 375, in _request_wrapper
    raise exception
telegram.error.Conflict: Conflict: terminated by other getUpdates request; make sure that only one bot instance is running
2026-08-21 15:52:50,118 INFO HTTP Request: POST https://api.telegram.org/bot8853478714:AAGC7W_ilTDh48WegRYq5OPfHZpb2I3r018/sendMessage "HTTP/1.1 200 OK"
2026-08-21 15:52:53,625 INFO HTTP Request: POST https://api.telegram.org/bot8853478714:AAGC7W_ilTDh48WegRYq5OPfHZpb2I3r018/getUpdates "HTTP/1.1 409 Conflict"
2026-08-21 15:52:53,626 ERROR Error no controlado en Telegram
Traceback (most recent call last):
  File "C:\Users\Usuario\AppData\Local\Programs\Python\Python314\Lib\site-packages\telegram\ext\_utils\networkloop.py", line 161, in network_retry_loop
    await do_action()
  File "C:\Users\Usuario\AppData\Local\Programs\Python\Python314\Lib\site-packages\telegram\ext\_utils\networkloop.py", line 154, in do_action
    action_cb_task.result()
    ~~~~~~~~~~~~~~~~~~~~~^^
  File "C:\Users\Usuario\AppData\Local\Programs\Python\Python314\Lib\site-packages\telegram\ext\_updater.py", line 340, in polling_action_cb
    updates = await self.bot.get_updates(
              ^^^^^^^^^^^^^^^^^^^^^^^^^^^
    ...<3 lines>...
    )
    ^
  File "C:\Users\Usuario\AppData\Local\Programs\Python\Python314\Lib\site-packages\telegram\ext\_extbot.py", line 680, in get_updates
    updates = await super().get_updates(
              ^^^^^^^^^^^^^^^^^^^^^^^^^^
    ...<9 lines>...
    )
    ^
  File "C:\Users\Usuario\AppData\Local\Programs\Python\Python314\Lib\site-packages\telegram\_bot.py", line 4767, in get_updates
    await self._post(
    ^^^^^^^^^^^^^^^^^
    ...<7 lines>...
    ),
    ^
  File "C:\Users\Usuario\AppData\Local\Programs\Python\Python314\Lib\site-packages\telegram\_bot.py", line 712, in _post
    return await self._do_post(
           ^^^^^^^^^^^^^^^^^^^^
    ...<6 lines>...
    )
    ^
  File "C:\Users\Usuario\AppData\Local\Programs\Python\Python314\Lib\site-packages\telegram\ext\_extbot.py", line 378, in _do_post
    return await super()._do_post(
           ^^^^^^^^^^^^^^^^^^^^^^^
    ...<6 lines>...
    )
    ^
  File "C:\Users\Usuario\AppData\Local\Programs\Python\Python314\Lib\site-packages\telegram\_bot.py", line 741, in _do_post
    result = await request.post(
             ^^^^^^^^^^^^^^^^^^^
    ...<6 lines>...
    )
    ^
  File "C:\Users\Usuario\AppData\Local\Programs\Python\Python314\Lib\site-packages\telegram\request\_baserequest.py", line 198, in post
    result = await self._request_wrapper(
             ^^^^^^^^^^^^^^^^^^^^^^^^^^^^
    ...<7 lines>...
    )
    ^
  File "C:\Users\Usuario\AppData\Local\Programs\Python\Python314\Lib\site-packages\telegram\request\_baserequest.py", line 375, in _request_wrapper
    raise exception
telegram.error.Conflict: Conflict: terminated by other getUpdates request; make sure that only one bot instance is running
2026-08-21 15:52:56,498 INFO HTTP Request: POST https://api.telegram.org/bot8853478714:AAGC7W_ilTDh48WegRYq5OPfHZpb2I3r018/getUpdates "HTTP/1.1 200 OK"
2026-08-21 15:52:56,981 INFO HTTP Request: POST https://api.telegram.org/bot8853478714:AAGC7W_ilTDh48WegRYq5OPfHZpb2I3r018/getUpdates "HTTP/1.1 409 Conflict"
2026-08-21 15:52:56,983 ERROR Error no controlado en Telegram
Traceback (most recent call last):
  File "C:\Users\Usuario\AppData\Local\Programs\Python\Python314\Lib\site-packages\telegram\ext\_utils\networkloop.py", line 161, in network_retry_loop
    await do_action()
  File "C:\Users\Usuario\AppData\Local\Programs\Python\Python314\Lib\site-packages\telegram\ext\_utils\networkloop.py", line 154, in do_action
    action_cb_task.result()
    ~~~~~~~~~~~~~~~~~~~~~^^
  File "C:\Users\Usuario\AppData\Local\Programs\Python\Python314\Lib\site-packages\telegram\ext\_updater.py", line 340, in polling_action_cb
    updates = await self.bot.get_updates(
              ^^^^^^^^^^^^^^^^^^^^^^^^^^^
    ...<3 lines>...
    )
    ^
  File "C:\Users\Usuario\AppData\Local\Programs\Python\Python314\Lib\site-packages\telegram\ext\_extbot.py", line 680, in get_updates
    updates = await super().get_updates(
              ^^^^^^^^^^^^^^^^^^^^^^^^^^
    ...<9 lines>...
    )
    ^
  File "C:\Users\Usuario\AppData\Local\Programs\Python\Python314\Lib\site-packages\telegram\_bot.py", line 4767, in get_updates
    await self._post(
    ^^^^^^^^^^^^^^^^^
    ...<7 lines>...
    ),
    ^
  File "C:\Users\Usuario\AppData\Local\Programs\Python\Python314\Lib\site-packages\telegram\_bot.py", line 712, in _post
    return await self._do_post(
           ^^^^^^^^^^^^^^^^^^^^
    ...<6 lines>...
    )
    ^
  File "C:\Users\Usuario\AppData\Local\Programs\Python\Python314\Lib\site-packages\telegram\ext\_extbot.py", line 378, in _do_post
    return await super()._do_post(
           ^^^^^^^^^^^^^^^^^^^^^^^
    ...<6 lines>...
    )
    ^
  File "C:\Users\Usuario\AppData\Local\Programs\Python\Python314\Lib\site-packages\telegram\_bot.py", line 741, in _do_post
    result = await request.post(
             ^^^^^^^^^^^^^^^^^^^
    ...<6 lines>...
    )
    ^
  File "C:\Users\Usuario\AppData\Local\Programs\Python\Python314\Lib\site-packages\telegram\request\_baserequest.py", line 198, in post
    result = await self._request_wrapper(
             ^^^^^^^^^^^^^^^^^^^^^^^^^^^^
    ...<7 lines>...
    )
    ^
  File "C:\Users\Usuario\AppData\Local\Programs\Python\Python314\Lib\site-packages\telegram\request\_baserequest.py", line 375, in _request_wrapper
    raise exception
telegram.error.Conflict: Conflict: terminated by other getUpdates request; make sure that only one bot instance is running
2026-08-21 15:52:57,044 INFO HTTP Request: POST https://api.telegram.org/bot8853478714:AAGC7W_ilTDh48WegRYq5OPfHZpb2I3r018/sendMessage "HTTP/1.1 200 OK"
2026-08-21 15:52:57,556 INFO HTTP Request: POST https://api.telegram.org/bot8853478714:AAGC7W_ilTDh48WegRYq5OPfHZpb2I3r018/editMessageText "HTTP/1.1 200 OK"
2026-08-21 15:53:05,780 INFO HTTP Request: POST https://api.telegram.org/bot8853478714:AAGC7W_ilTDh48WegRYq5OPfHZpb2I3r018/getUpdates "HTTP/1.1 409 Conflict"
2026-08-21 15:53:05,782 ERROR Error no controlado en Telegram
Traceback (most recent call last):
  File "C:\Users\Usuario\AppData\Local\Programs\Python\Python314\Lib\site-packages\telegram\ext\_utils\networkloop.py", line 161, in network_retry_loop
    await do_action()
  File "C:\Users\Usuario\AppData\Local\Programs\Python\Python314\Lib\site-packages\telegram\ext\_utils\networkloop.py", line 154, in do_action
    action_cb_task.result()
    ~~~~~~~~~~~~~~~~~~~~~^^
  File "C:\Users\Usuario\AppData\Local\Programs\Python\Python314\Lib\site-packages\telegram\ext\_updater.py", line 340, in polling_action_cb
    updates = await self.bot.get_updates(
              ^^^^^^^^^^^^^^^^^^^^^^^^^^^
    ...<3 lines>...
    )
    ^
  File "C:\Users\Usuario\AppData\Local\Programs\Python\Python314\Lib\site-packages\telegram\ext\_extbot.py", line 680, in get_updates
    updates = await super().get_updates(
              ^^^^^^^^^^^^^^^^^^^^^^^^^^
    ...<9 lines>...
    )
    ^
  File "C:\Users\Usuario\AppData\Local\Programs\Python\Python314\Lib\site-packages\telegram\_bot.py", line 4767, in get_updates
    await self._post(
    ^^^^^^^^^^^^^^^^^
    ...<7 lines>...
    ),
    ^
  File "C:\Users\Usuario\AppData\Local\Programs\Python\Python314\Lib\site-packages\telegram\_bot.py", line 712, in _post
    return await self._do_post(
           ^^^^^^^^^^^^^^^^^^^^
    ...<6 lines>...
    )
    ^
  File "C:\Users\Usuario\AppData\Local\Programs\Python\Python314\Lib\site-packages\telegram\ext\_extbot.py", line 378, in _do_post
    return await super()._do_post(
           ^^^^^^^^^^^^^^^^^^^^^^^
    ...<6 lines>...
    )
    ^
  File "C:\Users\Usuario\AppData\Local\Programs\Python\Python314\Lib\site-packages\telegram\_bot.py", line 741, in _do_post
    result = await request.post(
             ^^^^^^^^^^^^^^^^^^^
    ...<6 lines>...
    )
    ^
  File "C:\Users\Usuario\AppData\Local\Programs\Python\Python314\Lib\site-packages\telegram\request\_baserequest.py", line 198, in post
    result = await self._request_wrapper(
             ^^^^^^^^^^^^^^^^^^^^^^^^^^^^
    ...<7 lines>...
    )
    ^
  File "C:\Users\Usuario\AppData\Local\Programs\Python\Python314\Lib\site-packages\telegram\request\_baserequest.py", line 375, in _request_wrapper
    raise exception
telegram.error.Conflict: Conflict: terminated by other getUpdates request; make sure that only one bot instance is running
2026-08-21 15:53:17,428 INFO HTTP Request: POST https://api.telegram.org/bot8853478714:AAGC7W_ilTDh48WegRYq5OPfHZpb2I3r018/getUpdates "HTTP/1.1 200 OK"
2026-08-21 15:53:17,608 INFO HTTP Request: POST https://api.telegram.org/bot8853478714:AAGC7W_ilTDh48WegRYq5OPfHZpb2I3r018/getUpdates "HTTP/1.1 409 Conflict"
2026-08-21 15:53:17,610 ERROR Error no controlado en Telegram
Traceback (most recent call last):
  File "C:\Users\Usuario\AppData\Local\Programs\Python\Python314\Lib\site-packages\telegram\ext\_utils\networkloop.py", line 161, in network_retry_loop
    await do_action()
  File "C:\Users\Usuario\AppData\Local\Programs\Python\Python314\Lib\site-packages\telegram\ext\_utils\networkloop.py", line 154, in do_action
    action_cb_task.result()
    ~~~~~~~~~~~~~~~~~~~~~^^
  File "C:\Users\Usuario\AppData\Local\Programs\Python\Python314\Lib\site-packages\telegram\ext\_updater.py", line 340, in polling_action_cb
    updates = await self.bot.get_updates(
              ^^^^^^^^^^^^^^^^^^^^^^^^^^^
    ...<3 lines>...
    )
    ^
  File "C:\Users\Usuario\AppData\Local\Programs\Python\Python314\Lib\site-packages\telegram\ext\_extbot.py", line 680, in get_updates
    updates = await super().get_updates(
              ^^^^^^^^^^^^^^^^^^^^^^^^^^
    ...<9 lines>...
    )
    ^
  File "C:\Users\Usuario\AppData\Local\Programs\Python\Python314\Lib\site-packages\telegram\_bot.py", line 4767, in get_updates
    await self._post(
    ^^^^^^^^^^^^^^^^^
    ...<7 lines>...
    ),
    ^
  File "C:\Users\Usuario\AppData\Local\Programs\Python\Python314\Lib\site-packages\telegram\_bot.py", line 712, in _post
    return await self._do_post(
           ^^^^^^^^^^^^^^^^^^^^
    ...<6 lines>...
    )
    ^
  File "C:\Users\Usuario\AppData\Local\Programs\Python\Python314\Lib\site-packages\telegram\ext\_extbot.py", line 378, in _do_post
    return await super()._do_post(
           ^^^^^^^^^^^^^^^^^^^^^^^
    ...<6 lines>...
    )
    ^
  File "C:\Users\Usuario\AppData\Local\Programs\Python\Python314\Lib\site-packages\telegram\_bot.py", line 741, in _do_post
    result = await request.post(
             ^^^^^^^^^^^^^^^^^^^
    ...<6 lines>...
    )
    ^
  File "C:\Users\Usuario\AppData\Local\Programs\Python\Python314\Lib\site-packages\telegram\request\_baserequest.py", line 198, in post
    result = await self._request_wrapper(
             ^^^^^^^^^^^^^^^^^^^^^^^^^^^^
    ...<7 lines>...
    )
    ^
  File "C:\Users\Usuario\AppData\Local\Programs\Python\Python314\Lib\site-packages\telegram\request\_baserequest.py", line 375, in _request_wrapper
    raise exception
telegram.error.Conflict: Conflict: terminated by other getUpdates request; make sure that only one bot instance is running
2026-08-21 15:53:20,398 INFO HTTP Request: POST https://api.telegram.org/bot8853478714:AAGC7W_ilTDh48WegRYq5OPfHZpb2I3r018/getUpdates "HTTP/1.1 200 OK"
2026-08-21 15:53:20,952 INFO HTTP Request: POST https://api.telegram.org/bot8853478714:AAGC7W_ilTDh48WegRYq5OPfHZpb2I3r018/sendMessage "HTTP/1.1 200 OK"
2026-08-21 15:53:24,056 INFO HTTP Request: POST https://api.telegram.org/bot8853478714:AAGC7W_ilTDh48WegRYq5OPfHZpb2I3r018/getUpdates "HTTP/1.1 409 Conflict"
2026-08-21 15:53:24,057 ERROR Error no controlado en Telegram
Traceback (most recent call last):
  File "C:\Users\Usuario\AppData\Local\Programs\Python\Python314\Lib\site-packages\telegram\ext\_utils\networkloop.py", line 161, in network_retry_loop
    await do_action()
  File "C:\Users\Usuario\AppData\Local\Programs\Python\Python314\Lib\site-packages\telegram\ext\_utils\networkloop.py", line 154, in do_action
    action_cb_task.result()
    ~~~~~~~~~~~~~~~~~~~~~^^
  File "C:\Users\Usuario\AppData\Local\Programs\Python\Python314\Lib\site-packages\telegram\ext\_updater.py", line 340, in polling_action_cb
    updates = await self.bot.get_updates(
              ^^^^^^^^^^^^^^^^^^^^^^^^^^^
    ...<3 lines>...
    )
    ^
  File "C:\Users\Usuario\AppData\Local\Programs\Python\Python314\Lib\site-packages\telegram\ext\_extbot.py", line 680, in get_updates
    updates = await super().get_updates(
              ^^^^^^^^^^^^^^^^^^^^^^^^^^
    ...<9 lines>...
    )
    ^
  File "C:\Users\Usuario\AppData\Local\Programs\Python\Python314\Lib\site-packages\telegram\_bot.py", line 4767, in get_updates
    await self._post(
    ^^^^^^^^^^^^^^^^^
    ...<7 lines>...
    ),
    ^
  File "C:\Users\Usuario\AppData\Local\Programs\Python\Python314\Lib\site-packages\telegram\_bot.py", line 712, in _post
    return await self._do_post(
           ^^^^^^^^^^^^^^^^^^^^
    ...<6 lines>...
    )
    ^
  File "C:\Users\Usuario\AppData\Local\Programs\Python\Python314\Lib\site-packages\telegram\ext\_extbot.py", line 378, in _do_post
    return await super()._do_post(
           ^^^^^^^^^^^^^^^^^^^^^^^
    ...<6 lines>...
    )
    ^
  File "C:\Users\Usuario\AppData\Local\Programs\Python\Python314\Lib\site-packages\telegram\_bot.py", line 741, in _do_post
    result = await request.post(
             ^^^^^^^^^^^^^^^^^^^
    ...<6 lines>...
    )
    ^
  File "C:\Users\Usuario\AppData\Local\Programs\Python\Python314\Lib\site-packages\telegram\request\_baserequest.py", line 198, in post
    result = await self._request_wrapper(
             ^^^^^^^^^^^^^^^^^^^^^^^^^^^^
    ...<7 lines>...
    )
    ^
  File "C:\Users\Usuario\AppData\Local\Programs\Python\Python314\Lib\site-packages\telegram\request\_baserequest.py", line 375, in _request_wrapper
    raise exception
telegram.error.Conflict: Conflict: terminated by other getUpdates request; make sure that only one bot instance is running
2026-08-21 15:53:28,197 INFO HTTP Request: POST https://api.telegram.org/bot8853478714:AAGC7W_ilTDh48WegRYq5OPfHZpb2I3r018/getUpdates "HTTP/1.1 409 Conflict"
2026-08-21 15:53:28,198 ERROR Error no controlado en Telegram
Traceback (most recent call last):
  File "C:\Users\Usuario\AppData\Local\Programs\Python\Python314\Lib\site-packages\telegram\ext\_utils\networkloop.py", line 161, in network_retry_loop
    await do_action()
  File "C:\Users\Usuario\AppData\Local\Programs\Python\Python314\Lib\site-packages\telegram\ext\_utils\networkloop.py", line 154, in do_action
    action_cb_task.result()
    ~~~~~~~~~~~~~~~~~~~~~^^
  File "C:\Users\Usuario\AppData\Local\Programs\Python\Python314\Lib\site-packages\telegram\ext\_updater.py", line 340, in polling_action_cb
    updates = await self.bot.get_updates(
              ^^^^^^^^^^^^^^^^^^^^^^^^^^^
    ...<3 lines>...
    )
    ^
  File "C:\Users\Usuario\AppData\Local\Programs\Python\Python314\Lib\site-packages\telegram\ext\_extbot.py", line 680, in get_updates
    updates = await super().get_updates(
              ^^^^^^^^^^^^^^^^^^^^^^^^^^
    ...<9 lines>...
    )
    ^
  File "C:\Users\Usuario\AppData\Local\Programs\Python\Python314\Lib\site-packages\telegram\_bot.py", line 4767, in get_updates
    await self._post(
    ^^^^^^^^^^^^^^^^^
    ...<7 lines>...
    ),
    ^
  File "C:\Users\Usuario\AppData\Local\Programs\Python\Python314\Lib\site-packages\telegram\_bot.py", line 712, in _post
    return await self._do_post(
           ^^^^^^^^^^^^^^^^^^^^
    ...<6 lines>...
    )
    ^
  File "C:\Users\Usuario\AppData\Local\Programs\Python\Python314\Lib\site-packages\telegram\ext\_extbot.py", line 378, in _do_post
    return await super()._do_post(
           ^^^^^^^^^^^^^^^^^^^^^^^
    ...<6 lines>...
    )
    ^
  File "C:\Users\Usuario\AppData\Local\Programs\Python\Python314\Lib\site-packages\telegram\_bot.py", line 741, in _do_post
    result = await request.post(
             ^^^^^^^^^^^^^^^^^^^
    ...<6 lines>...
    )
    ^
  File "C:\Users\Usuario\AppData\Local\Programs\Python\Python314\Lib\site-packages\telegram\request\_baserequest.py", line 198, in post
    result = await self._request_wrapper(
             ^^^^^^^^^^^^^^^^^^^^^^^^^^^^
    ...<7 lines>...
    )
    ^
  File "C:\Users\Usuario\AppData\Local\Programs\Python\Python314\Lib\site-packages\telegram\request\_baserequest.py", line 375, in _request_wrapper
    raise exception
telegram.error.Conflict: Conflict: terminated by other getUpdates request; make sure that only one bot instance is running
2026-08-21 15:53:32,301 INFO HTTP Request: POST https://api.telegram.org/bot8853478714:AAGC7W_ilTDh48WegRYq5OPfHZpb2I3r018/getUpdates "HTTP/1.1 409 Conflict"
2026-08-21 15:53:32,302 ERROR Error no controlado en Telegram
Traceback (most recent call last):
  File "C:\Users\Usuario\AppData\Local\Programs\Python\Python314\Lib\site-packages\telegram\ext\_utils\networkloop.py", line 161, in network_retry_loop
    await do_action()
  File "C:\Users\Usuario\AppData\Local\Programs\Python\Python314\Lib\site-packages\telegram\ext\_utils\networkloop.py", line 154, in do_action
    action_cb_task.result()
    ~~~~~~~~~~~~~~~~~~~~~^^
  File "C:\Users\Usuario\AppData\Local\Programs\Python\Python314\Lib\site-packages\telegram\ext\_updater.py", line 340, in polling_action_cb
    updates = await self.bot.get_updates(
              ^^^^^^^^^^^^^^^^^^^^^^^^^^^
    ...<3 lines>...
    )
    ^
  File "C:\Users\Usuario\AppData\Local\Programs\Python\Python314\Lib\site-packages\telegram\ext\_extbot.py", line 680, in get_updates
    updates = await super().get_updates(
              ^^^^^^^^^^^^^^^^^^^^^^^^^^
    ...<9 lines>...
    )
    ^
  File "C:\Users\Usuario\AppData\Local\Programs\Python\Python314\Lib\site-packages\telegram\_bot.py", line 4767, in get_updates
    await self._post(
    ^^^^^^^^^^^^^^^^^
    ...<7 lines>...
    ),
    ^
  File "C:\Users\Usuario\AppData\Local\Programs\Python\Python314\Lib\site-packages\telegram\_bot.py", line 712, in _post
    return await self._do_post(
           ^^^^^^^^^^^^^^^^^^^^
    ...<6 lines>...
    )
    ^
  File "C:\Users\Usuario\AppData\Local\Programs\Python\Python314\Lib\site-packages\telegram\ext\_extbot.py", line 378, in _do_post
    return await super()._do_post(
           ^^^^^^^^^^^^^^^^^^^^^^^
    ...<6 lines>...
    )
    ^
  File "C:\Users\Usuario\AppData\Local\Programs\Python\Python314\Lib\site-packages\telegram\_bot.py", line 741, in _do_post
    result = await request.post(
             ^^^^^^^^^^^^^^^^^^^
    ...<6 lines>...
    )
    ^
  File "C:\Users\Usuario\AppData\Local\Programs\Python\Python314\Lib\site-packages\telegram\request\_baserequest.py", line 198, in post
    result = await self._request_wrapper(
             ^^^^^^^^^^^^^^^^^^^^^^^^^^^^
    ...<7 lines>...
    )
    ^
  File "C:\Users\Usuario\AppData\Local\Programs\Python\Python314\Lib\site-packages\telegram\request\_baserequest.py", line 375, in _request_wrapper
    raise exception
telegram.error.Conflict: Conflict: terminated by other getUpdates request; make sure that only one bot instance is running
2026-08-21 15:53:41,713 INFO HTTP Request: POST https://api.telegram.org/bot8853478714:AAGC7W_ilTDh48WegRYq5OPfHZpb2I3r018/getUpdates "HTTP/1.1 200 OK"
2026-08-21 15:53:42,276 INFO HTTP Request: POST https://api.telegram.org/bot8853478714:AAGC7W_ilTDh48WegRYq5OPfHZpb2I3r018/sendMessage "HTTP/1.1 200 OK"
2026-08-21 15:53:42,871 INFO HTTP Request: POST https://api.telegram.org/bot8853478714:AAGC7W_ilTDh48WegRYq5OPfHZpb2I3r018/editMessageText "HTTP/1.1 200 OK"
2026-08-21 15:53:51,848 INFO HTTP Request: POST https://api.telegram.org/bot8853478714:AAGC7W_ilTDh48WegRYq5OPfHZpb2I3r018/getUpdates "HTTP/1.1 200 OK"
2026-08-21 15:53:52,572 INFO HTTP Request: POST https://api.telegram.org/bot8853478714:AAGC7W_ilTDh48WegRYq5OPfHZpb2I3r018/getUpdates "HTTP/1.1 409 Conflict"
2026-08-21 15:53:52,573 ERROR Error no controlado en Telegram
Traceback (most recent call last):
  File "C:\Users\Usuario\AppData\Local\Programs\Python\Python314\Lib\site-packages\telegram\ext\_utils\networkloop.py", line 161, in network_retry_loop
    await do_action()
  File "C:\Users\Usuario\AppData\Local\Programs\Python\Python314\Lib\site-packages\telegram\ext\_utils\networkloop.py", line 154, in do_action
    action_cb_task.result()
    ~~~~~~~~~~~~~~~~~~~~~^^
  File "C:\Users\Usuario\AppData\Local\Programs\Python\Python314\Lib\site-packages\telegram\ext\_updater.py", line 340, in polling_action_cb
    updates = await self.bot.get_updates(
              ^^^^^^^^^^^^^^^^^^^^^^^^^^^
    ...<3 lines>...
    )
    ^
  File "C:\Users\Usuario\AppData\Local\Programs\Python\Python314\Lib\site-packages\telegram\ext\_extbot.py", line 680, in get_updates
    updates = await super().get_updates(
              ^^^^^^^^^^^^^^^^^^^^^^^^^^
    ...<9 lines>...
    )
    ^
  File "C:\Users\Usuario\AppData\Local\Programs\Python\Python314\Lib\site-packages\telegram\_bot.py", line 4767, in get_updates
    await self._post(
    ^^^^^^^^^^^^^^^^^
    ...<7 lines>...
    ),
    ^
  File "C:\Users\Usuario\AppData\Local\Programs\Python\Python314\Lib\site-packages\telegram\_bot.py", line 712, in _post
    return await self._do_post(
           ^^^^^^^^^^^^^^^^^^^^
    ...<6 lines>...
    )
    ^
  File "C:\Users\Usuario\AppData\Local\Programs\Python\Python314\Lib\site-packages\telegram\ext\_extbot.py", line 378, in _do_post
    return await super()._do_post(
           ^^^^^^^^^^^^^^^^^^^^^^^
    ...<6 lines>...
    )
    ^
  File "C:\Users\Usuario\AppData\Local\Programs\Python\Python314\Lib\site-packages\telegram\_bot.py", line 741, in _do_post
    result = await request.post(
             ^^^^^^^^^^^^^^^^^^^
    ...<6 lines>...
    )
    ^
  File "C:\Users\Usuario\AppData\Local\Programs\Python\Python314\Lib\site-packages\telegram\request\_baserequest.py", line 198, in post
    result = await self._request_wrapper(
             ^^^^^^^^^^^^^^^^^^^^^^^^^^^^
    ...<7 lines>...
    )
    ^
  File "C:\Users\Usuario\AppData\Local\Programs\Python\Python314\Lib\site-packages\telegram\request\_baserequest.py", line 375, in _request_wrapper
    raise exception
telegram.error.Conflict: Conflict: terminated by other getUpdates request; make sure that only one bot instance is running
2026-08-21 15:53:58,641 INFO HTTP Request: POST https://api.telegram.org/bot8853478714:AAGC7W_ilTDh48WegRYq5OPfHZpb2I3r018/getUpdates "HTTP/1.1 409 Conflict"
2026-08-21 15:53:58,642 ERROR Error no controlado en Telegram
Traceback (most recent call last):
  File "C:\Users\Usuario\AppData\Local\Programs\Python\Python314\Lib\site-packages\telegram\ext\_utils\networkloop.py", line 161, in network_retry_loop
    await do_action()
  File "C:\Users\Usuario\AppData\Local\Programs\Python\Python314\Lib\site-packages\telegram\ext\_utils\networkloop.py", line 154, in do_action
    action_cb_task.result()
    ~~~~~~~~~~~~~~~~~~~~~^^
  File "C:\Users\Usuario\AppData\Local\Programs\Python\Python314\Lib\site-packages\telegram\ext\_updater.py", line 340, in polling_action_cb
    updates = await self.bot.get_updates(
              ^^^^^^^^^^^^^^^^^^^^^^^^^^^
    ...<3 lines>...
    )
    ^
  File "C:\Users\Usuario\AppData\Local\Programs\Python\Python314\Lib\site-packages\telegram\ext\_extbot.py", line 680, in get_updates
    updates = await super().get_updates(
              ^^^^^^^^^^^^^^^^^^^^^^^^^^
    ...<9 lines>...
    )
    ^
  File "C:\Users\Usuario\AppData\Local\Programs\Python\Python314\Lib\site-packages\telegram\_bot.py", line 4767, in get_updates
    await self._post(
    ^^^^^^^^^^^^^^^^^
    ...<7 lines>...
    ),
    ^
  File "C:\Users\Usuario\AppData\Local\Programs\Python\Python314\Lib\site-packages\telegram\_bot.py", line 712, in _post
    return await self._do_post(
           ^^^^^^^^^^^^^^^^^^^^
    ...<6 lines>...
    )
    ^
  File "C:\Users\Usuario\AppData\Local\Programs\Python\Python314\Lib\site-packages\telegram\ext\_extbot.py", line 378, in _do_post
    return await super()._do_post(
           ^^^^^^^^^^^^^^^^^^^^^^^
    ...<6 lines>...
    )
    ^
  File "C:\Users\Usuario\AppData\Local\Programs\Python\Python314\Lib\site-packages\telegram\_bot.py", line 741, in _do_post
    result = await request.post(
             ^^^^^^^^^^^^^^^^^^^
    ...<6 lines>...
    )
    ^
  File "C:\Users\Usuario\AppData\Local\Programs\Python\Python314\Lib\site-packages\telegram\request\_baserequest.py", line 198, in post
    result = await self._request_wrapper(
             ^^^^^^^^^^^^^^^^^^^^^^^^^^^^
    ...<7 lines>...
    )
    ^
  File "C:\Users\Usuario\AppData\Local\Programs\Python\Python314\Lib\site-packages\telegram\request\_baserequest.py", line 375, in _request_wrapper
    raise exception
telegram.error.Conflict: Conflict: terminated by other getUpdates request; make sure that only one bot instance is running
2026-08-21 15:54:03,287 INFO HTTP Request: POST https://api.telegram.org/bot8853478714:AAGC7W_ilTDh48WegRYq5OPfHZpb2I3r018/getUpdates "HTTP/1.1 409 Conflict"
2026-08-21 15:54:03,288 ERROR Error no controlado en Telegram
Traceback (most recent call last):
  File "C:\Users\Usuario\AppData\Local\Programs\Python\Python314\Lib\site-packages\telegram\ext\_utils\networkloop.py", line 161, in network_retry_loop
    await do_action()
  File "C:\Users\Usuario\AppData\Local\Programs\Python\Python314\Lib\site-packages\telegram\ext\_utils\networkloop.py", line 154, in do_action
    action_cb_task.result()
    ~~~~~~~~~~~~~~~~~~~~~^^
  File "C:\Users\Usuario\AppData\Local\Programs\Python\Python314\Lib\site-packages\telegram\ext\_updater.py", line 340, in polling_action_cb
    updates = await self.bot.get_updates(
              ^^^^^^^^^^^^^^^^^^^^^^^^^^^
    ...<3 lines>...
    )
    ^
  File "C:\Users\Usuario\AppData\Local\Programs\Python\Python314\Lib\site-packages\telegram\ext\_extbot.py", line 680, in get_updates
    updates = await super().get_updates(
              ^^^^^^^^^^^^^^^^^^^^^^^^^^
    ...<9 lines>...
    )
    ^
  File "C:\Users\Usuario\AppData\Local\Programs\Python\Python314\Lib\site-packages\telegram\_bot.py", line 4767, in get_updates
    await self._post(
    ^^^^^^^^^^^^^^^^^
    ...<7 lines>...
    ),
    ^
  File "C:\Users\Usuario\AppData\Local\Programs\Python\Python314\Lib\site-packages\telegram\_bot.py", line 712, in _post
    return await self._do_post(
           ^^^^^^^^^^^^^^^^^^^^
    ...<6 lines>...
    )
    ^
  File "C:\Users\Usuario\AppData\Local\Programs\Python\Python314\Lib\site-packages\telegram\ext\_extbot.py", line 378, in _do_post
    return await super()._do_post(
           ^^^^^^^^^^^^^^^^^^^^^^^
    ...<6 lines>...
    )
    ^
  File "C:\Users\Usuario\AppData\Local\Programs\Python\Python314\Lib\site-packages\telegram\_bot.py", line 741, in _do_post
    result = await request.post(
             ^^^^^^^^^^^^^^^^^^^
    ...<6 lines>...
    )
    ^
  File "C:\Users\Usuario\AppData\Local\Programs\Python\Python314\Lib\site-packages\telegram\request\_baserequest.py", line 198, in post
    result = await self._request_wrapper(
             ^^^^^^^^^^^^^^^^^^^^^^^^^^^^
    ...<7 lines>...
    )
    ^
  File "C:\Users\Usuario\AppData\Local\Programs\Python\Python314\Lib\site-packages\telegram\request\_baserequest.py", line 375, in _request_wrapper
    raise exception
telegram.error.Conflict: Conflict: terminated by other getUpdates request; make sure that only one bot instance is running
2026-08-21 15:54:08,229 ERROR Task was destroyed but it is pending!
task: <Task pending name='Application:8853478714:update_fetcher' coro=<Application._update_fetcher() running at C:\Users\Usuario\AppData\Local\Programs\Python\Python314\Lib\site-packages\telegram\ext\_application.py:1233> wait_for=<Future pending cb=[Task.task_wakeup()]>>
2026-08-21 15:54:08,238 ERROR Task was destroyed but it is pending!
task: <Task pending name='Updater:start_polling:polling_task' coro=<network_retry_loop() running at C:\Users\Usuario\AppData\Local\Programs\Python\Python314\Lib\site-packages\telegram\ext\_utils\networkloop.py:200> wait_for=<Future pending cb=[Task.task_wakeup()]> cb=[Task.task_wakeup()]>
2026-08-21 15:54:10,288 INFO HTTP Request: POST https://api.telegram.org/bot8853478714:AAGC7W_ilTDh48WegRYq5OPfHZpb2I3r018/getUpdates "HTTP/1.1 200 OK"
2026-08-21 15:54:18,452 INFO HTTP Request: POST https://api.telegram.org/bot8853478714:AAGC7W_ilTDh48WegRYq5OPfHZpb2I3r018/getUpdates "HTTP/1.1 200 OK"
2026-08-21 15:54:19,954 INFO HTTP Request: POST https://api.telegram.org/bot8853478714:AAGC7W_ilTDh48WegRYq5OPfHZpb2I3r018/getUpdates "HTTP/1.1 409 Conflict"
2026-08-21 15:54:19,955 ERROR Error no controlado en Telegram
Traceback (most recent call last):
  File "C:\Users\Usuario\AppData\Local\Programs\Python\Python314\Lib\site-packages\telegram\ext\_utils\networkloop.py", line 161, in network_retry_loop
    await do_action()
  File "C:\Users\Usuario\AppData\Local\Programs\Python\Python314\Lib\site-packages\telegram\ext\_utils\networkloop.py", line 154, in do_action
    action_cb_task.result()
    ~~~~~~~~~~~~~~~~~~~~~^^
  File "C:\Users\Usuario\AppData\Local\Programs\Python\Python314\Lib\site-packages\telegram\ext\_updater.py", line 340, in polling_action_cb
    updates = await self.bot.get_updates(
              ^^^^^^^^^^^^^^^^^^^^^^^^^^^
    ...<3 lines>...
    )
    ^
  File "C:\Users\Usuario\AppData\Local\Programs\Python\Python314\Lib\site-packages\telegram\ext\_extbot.py", line 680, in get_updates
    updates = await super().get_updates(
              ^^^^^^^^^^^^^^^^^^^^^^^^^^
    ...<9 lines>...
    )
    ^
  File "C:\Users\Usuario\AppData\Local\Programs\Python\Python314\Lib\site-packages\telegram\_bot.py", line 4767, in get_updates
    await self._post(
    ^^^^^^^^^^^^^^^^^
    ...<7 lines>...
    ),
    ^
  File "C:\Users\Usuario\AppData\Local\Programs\Python\Python314\Lib\site-packages\telegram\_bot.py", line 712, in _post
    return await self._do_post(
           ^^^^^^^^^^^^^^^^^^^^
    ...<6 lines>...
    )
    ^
  File "C:\Users\Usuario\AppData\Local\Programs\Python\Python314\Lib\site-packages\telegram\ext\_extbot.py", line 378, in _do_post
    return await super()._do_post(
           ^^^^^^^^^^^^^^^^^^^^^^^
    ...<6 lines>...
    )
    ^
  File "C:\Users\Usuario\AppData\Local\Programs\Python\Python314\Lib\site-packages\telegram\_bot.py", line 741, in _do_post
    result = await request.post(
             ^^^^^^^^^^^^^^^^^^^
    ...<6 lines>...
    )
    ^
  File "C:\Users\Usuario\AppData\Local\Programs\Python\Python314\Lib\site-packages\telegram\request\_baserequest.py", line 198, in post
    result = await self._request_wrapper(
             ^^^^^^^^^^^^^^^^^^^^^^^^^^^^
    ...<7 lines>...
    )
    ^
  File "C:\Users\Usuario\AppData\Local\Programs\Python\Python314\Lib\site-packages\telegram\request\_baserequest.py", line 375, in _request_wrapper
    raise exception
telegram.error.Conflict: Conflict: terminated by other getUpdates request; make sure that only one bot instance is running
2026-08-21 15:54:31,099 INFO HTTP Request: POST https://api.telegram.org/bot8853478714:AAGC7W_ilTDh48WegRYq5OPfHZpb2I3r018/getUpdates "HTTP/1.1 200 OK"
2026-08-21 15:54:41,231 INFO HTTP Request: POST https://api.telegram.org/bot8853478714:AAGC7W_ilTDh48WegRYq5OPfHZpb2I3r018/getUpdates "HTTP/1.1 200 OK"
2026-08-21 15:54:51,365 INFO HTTP Request: POST https://api.telegram.org/bot8853478714:AAGC7W_ilTDh48WegRYq5OPfHZpb2I3r018/getUpdates "HTTP/1.1 200 OK"
2026-08-21 15:54:55,578 INFO HTTP Request: POST https://api.telegram.org/bot8853478714:AAGC7W_ilTDh48WegRYq5OPfHZpb2I3r018/getUpdates "HTTP/1.1 409 Conflict"
2026-08-21 15:54:55,579 ERROR Error no controlado en Telegram
Traceback (most recent call last):
  File "C:\Users\Usuario\AppData\Local\Programs\Python\Python314\Lib\site-packages\telegram\ext\_utils\networkloop.py", line 161, in network_retry_loop
    await do_action()
  File "C:\Users\Usuario\AppData\Local\Programs\Python\Python314\Lib\site-packages\telegram\ext\_utils\networkloop.py", line 154, in do_action
    action_cb_task.result()
    ~~~~~~~~~~~~~~~~~~~~~^^
  File "C:\Users\Usuario\AppData\Local\Programs\Python\Python314\Lib\site-packages\telegram\ext\_updater.py", line 340, in polling_action_cb
    updates = await self.bot.get_updates(
              ^^^^^^^^^^^^^^^^^^^^^^^^^^^
    ...<3 lines>...
    )
    ^
  File "C:\Users\Usuario\AppData\Local\Programs\Python\Python314\Lib\site-packages\telegram\ext\_extbot.py", line 680, in get_updates
    updates = await super().get_updates(
              ^^^^^^^^^^^^^^^^^^^^^^^^^^
    ...<9 lines>...
    )
    ^
  File "C:\Users\Usuario\AppData\Local\Programs\Python\Python314\Lib\site-packages\telegram\_bot.py", line 4767, in get_updates
    await self._post(
    ^^^^^^^^^^^^^^^^^
    ...<7 lines>...
    ),
    ^
  File "C:\Users\Usuario\AppData\Local\Programs\Python\Python314\Lib\site-packages\telegram\_bot.py", line 712, in _post
    return await self._do_post(
           ^^^^^^^^^^^^^^^^^^^^
    ...<6 lines>...
    )
    ^
  File "C:\Users\Usuario\AppData\Local\Programs\Python\Python314\Lib\site-packages\telegram\ext\_extbot.py", line 378, in _do_post
    return await super()._do_post(
           ^^^^^^^^^^^^^^^^^^^^^^^
    ...<6 lines>...
    )
    ^
  File "C:\Users\Usuario\AppData\Local\Programs\Python\Python314\Lib\site-packages\telegram\_bot.py", line 741, in _do_post
    result = await request.post(
             ^^^^^^^^^^^^^^^^^^^
    ...<6 lines>...
    )
    ^
  File "C:\Users\Usuario\AppData\Local\Programs\Python\Python314\Lib\site-packages\telegram\request\_baserequest.py", line 198, in post
    result = await self._request_wrapper(
             ^^^^^^^^^^^^^^^^^^^^^^^^^^^^
    ...<7 lines>...
    )
    ^
  File "C:\Users\Usuario\AppData\Local\Programs\Python\Python314\Lib\site-packages\telegram\request\_baserequest.py", line 375, in _request_wrapper
    raise exception
telegram.error.Conflict: Conflict: terminated by other getUpdates request; make sure that only one bot instance is running
2026-08-21 15:55:06,727 INFO HTTP Request: POST https://api.telegram.org/bot8853478714:AAGC7W_ilTDh48WegRYq5OPfHZpb2I3r018/getUpdates "HTTP/1.1 200 OK"
2026-08-21 15:55:16,862 INFO HTTP Request: POST https://api.telegram.org/bot8853478714:AAGC7W_ilTDh48WegRYq5OPfHZpb2I3r018/getUpdates "HTTP/1.1 200 OK"
2026-08-21 15:55:26,995 INFO HTTP Request: POST https://api.telegram.org/bot8853478714:AAGC7W_ilTDh48WegRYq5OPfHZpb2I3r018/getUpdates "HTTP/1.1 200 OK"
2026-08-21 15:55:30,208 INFO HTTP Request: POST https://api.telegram.org/bot8853478714:AAGC7W_ilTDh48WegRYq5OPfHZpb2I3r018/getUpdates "HTTP/1.1 409 Conflict"
2026-08-21 15:55:30,210 ERROR Error no controlado en Telegram
Traceback (most recent call last):
  File "C:\Users\Usuario\AppData\Local\Programs\Python\Python314\Lib\site-packages\telegram\ext\_utils\networkloop.py", line 161, in network_retry_loop
    await do_action()
  File "C:\Users\Usuario\AppData\Local\Programs\Python\Python314\Lib\site-packages\telegram\ext\_utils\networkloop.py", line 154, in do_action
    action_cb_task.result()
    ~~~~~~~~~~~~~~~~~~~~~^^
  File "C:\Users\Usuario\AppData\Local\Programs\Python\Python314\Lib\site-packages\telegram\ext\_updater.py", line 340, in polling_action_cb
    updates = await self.bot.get_updates(
              ^^^^^^^^^^^^^^^^^^^^^^^^^^^
    ...<3 lines>...
    )
    ^
  File "C:\Users\Usuario\AppData\Local\Programs\Python\Python314\Lib\site-packages\telegram\ext\_extbot.py", line 680, in get_updates
    updates = await super().get_updates(
              ^^^^^^^^^^^^^^^^^^^^^^^^^^
    ...<9 lines>...
    )
    ^
  File "C:\Users\Usuario\AppData\Local\Programs\Python\Python314\Lib\site-packages\telegram\_bot.py", line 4767, in get_updates
    await self._post(
    ^^^^^^^^^^^^^^^^^
    ...<7 lines>...
    ),
    ^
  File "C:\Users\Usuario\AppData\Local\Programs\Python\Python314\Lib\site-packages\telegram\_bot.py", line 712, in _post
    return await self._do_post(
           ^^^^^^^^^^^^^^^^^^^^
    ...<6 lines>...
    )
    ^
  File "C:\Users\Usuario\AppData\Local\Programs\Python\Python314\Lib\site-packages\telegram\ext\_extbot.py", line 378, in _do_post
    return await super()._do_post(
           ^^^^^^^^^^^^^^^^^^^^^^^
    ...<6 lines>...
    )
    ^
  File "C:\Users\Usuario\AppData\Local\Programs\Python\Python314\Lib\site-packages\telegram\_bot.py", line 741, in _do_post
    result = await request.post(
             ^^^^^^^^^^^^^^^^^^^
    ...<6 lines>...
    )
    ^
  File "C:\Users\Usuario\AppData\Local\Programs\Python\Python314\Lib\site-packages\telegram\request\_baserequest.py", line 198, in post
    result = await self._request_wrapper(
             ^^^^^^^^^^^^^^^^^^^^^^^^^^^^
    ...<7 lines>...
    )
    ^
  File "C:\Users\Usuario\AppData\Local\Programs\Python\Python314\Lib\site-packages\telegram\request\_baserequest.py", line 375, in _request_wrapper
    raise exception
telegram.error.Conflict: Conflict: terminated by other getUpdates request; make sure that only one bot instance is running
2026-08-21 15:55:41,343 INFO HTTP Request: POST https://api.telegram.org/bot8853478714:AAGC7W_ilTDh48WegRYq5OPfHZpb2I3r018/getUpdates "HTTP/1.1 200 OK"
2026-08-21 15:55:51,475 INFO HTTP Request: POST https://api.telegram.org/bot8853478714:AAGC7W_ilTDh48WegRYq5OPfHZpb2I3r018/getUpdates "HTTP/1.1 200 OK"
2026-08-21 15:56:01,607 INFO HTTP Request: POST https://api.telegram.org/bot8853478714:AAGC7W_ilTDh48WegRYq5OPfHZpb2I3r018/getUpdates "HTTP/1.1 200 OK"
2026-08-21 15:56:11,742 INFO HTTP Request: POST https://api.telegram.org/bot8853478714:AAGC7W_ilTDh48WegRYq5OPfHZpb2I3r018/getUpdates "HTTP/1.1 200 OK"
2026-08-21 15:56:21,880 INFO HTTP Request: POST https://api.telegram.org/bot8853478714:AAGC7W_ilTDh48WegRYq5OPfHZpb2I3r018/getUpdates "HTTP/1.1 200 OK"
2026-08-21 15:56:32,013 INFO HTTP Request: POST https://api.telegram.org/bot8853478714:AAGC7W_ilTDh48WegRYq5OPfHZpb2I3r018/getUpdates "HTTP/1.1 200 OK"
2026-08-21 15:56:42,145 INFO HTTP Request: POST https://api.telegram.org/bot8853478714:AAGC7W_ilTDh48WegRYq5OPfHZpb2I3r018/getUpdates "HTTP/1.1 200 OK"
2026-08-21 15:56:52,279 INFO HTTP Request: POST https://api.telegram.org/bot8853478714:AAGC7W_ilTDh48WegRYq5OPfHZpb2I3r018/getUpdates "HTTP/1.1 200 OK"
2026-08-21 15:56:53,148 INFO HTTP Request: POST https://api.telegram.org/bot8853478714:AAGC7W_ilTDh48WegRYq5OPfHZpb2I3r018/getUpdates "HTTP/1.1 409 Conflict"
2026-08-21 15:56:53,151 ERROR Error no controlado en Telegram
Traceback (most recent call last):
  File "C:\Users\Usuario\AppData\Local\Programs\Python\Python314\Lib\site-packages\telegram\ext\_utils\networkloop.py", line 161, in network_retry_loop
    await do_action()
  File "C:\Users\Usuario\AppData\Local\Programs\Python\Python314\Lib\site-packages\telegram\ext\_utils\networkloop.py", line 154, in do_action
    action_cb_task.result()
    ~~~~~~~~~~~~~~~~~~~~~^^
  File "C:\Users\Usuario\AppData\Local\Programs\Python\Python314\Lib\site-packages\telegram\ext\_updater.py", line 340, in polling_action_cb
    updates = await self.bot.get_updates(
              ^^^^^^^^^^^^^^^^^^^^^^^^^^^
    ...<3 lines>...
    )
    ^
  File "C:\Users\Usuario\AppData\Local\Programs\Python\Python314\Lib\site-packages\telegram\ext\_extbot.py", line 680, in get_updates
    updates = await super().get_updates(
              ^^^^^^^^^^^^^^^^^^^^^^^^^^
    ...<9 lines>...
    )
    ^
  File "C:\Users\Usuario\AppData\Local\Programs\Python\Python314\Lib\site-packages\telegram\_bot.py", line 4767, in get_updates
    await self._post(
    ^^^^^^^^^^^^^^^^^
    ...<7 lines>...
    ),
    ^
  File "C:\Users\Usuario\AppData\Local\Programs\Python\Python314\Lib\site-packages\telegram\_bot.py", line 712, in _post
    return await self._do_post(
           ^^^^^^^^^^^^^^^^^^^^
    ...<6 lines>...
    )
    ^
  File "C:\Users\Usuario\AppData\Local\Programs\Python\Python314\Lib\site-packages\telegram\ext\_extbot.py", line 378, in _do_post
    return await super()._do_post(
           ^^^^^^^^^^^^^^^^^^^^^^^
    ...<6 lines>...
    )
    ^
  File "C:\Users\Usuario\AppData\Local\Programs\Python\Python314\Lib\site-packages\telegram\_bot.py", line 741, in _do_post
    result = await request.post(
             ^^^^^^^^^^^^^^^^^^^
    ...<6 lines>...
    )
    ^
  File "C:\Users\Usuario\AppData\Local\Programs\Python\Python314\Lib\site-packages\telegram\request\_baserequest.py", line 198, in post
    result = await self._request_wrapper(
             ^^^^^^^^^^^^^^^^^^^^^^^^^^^^
    ...<7 lines>...
    )
    ^
  File "C:\Users\Usuario\AppData\Local\Programs\Python\Python314\Lib\site-packages\telegram\request\_baserequest.py", line 375, in _request_wrapper
    raise exception
telegram.error.Conflict: Conflict: terminated by other getUpdates request; make sure that only one bot instance is running
2026-08-21 15:57:00,439 INFO HTTP Request: POST https://api.telegram.org/bot8853478714:AAGC7W_ilTDh48WegRYq5OPfHZpb2I3r018/getUpdates "HTTP/1.1 409 Conflict"
2026-08-21 15:57:00,441 ERROR Error no controlado en Telegram
Traceback (most recent call last):
  File "C:\Users\Usuario\AppData\Local\Programs\Python\Python314\Lib\site-packages\telegram\ext\_utils\networkloop.py", line 161, in network_retry_loop
    await do_action()
  File "C:\Users\Usuario\AppData\Local\Programs\Python\Python314\Lib\site-packages\telegram\ext\_utils\networkloop.py", line 154, in do_action
    action_cb_task.result()
    ~~~~~~~~~~~~~~~~~~~~~^^
  File "C:\Users\Usuario\AppData\Local\Programs\Python\Python314\Lib\site-packages\telegram\ext\_updater.py", line 340, in polling_action_cb
    updates = await self.bot.get_updates(
              ^^^^^^^^^^^^^^^^^^^^^^^^^^^
    ...<3 lines>...
    )
    ^
  File "C:\Users\Usuario\AppData\Local\Programs\Python\Python314\Lib\site-packages\telegram\ext\_extbot.py", line 680, in get_updates
    updates = await super().get_updates(
              ^^^^^^^^^^^^^^^^^^^^^^^^^^
    ...<9 lines>...
    )
    ^
  File "C:\Users\Usuario\AppData\Local\Programs\Python\Python314\Lib\site-packages\telegram\_bot.py", line 4767, in get_updates
    await self._post(
    ^^^^^^^^^^^^^^^^^
    ...<7 lines>...
    ),
    ^
  File "C:\Users\Usuario\AppData\Local\Programs\Python\Python314\Lib\site-packages\telegram\_bot.py", line 712, in _post
    return await self._do_post(
           ^^^^^^^^^^^^^^^^^^^^
    ...<6 lines>...
    )
    ^
  File "C:\Users\Usuario\AppData\Local\Programs\Python\Python314\Lib\site-packages\telegram\ext\_extbot.py", line 378, in _do_post
    return await super()._do_post(
           ^^^^^^^^^^^^^^^^^^^^^^^
    ...<6 lines>...
    )
    ^
  File "C:\Users\Usuario\AppData\Local\Programs\Python\Python314\Lib\site-packages\telegram\_bot.py", line 741, in _do_post
    result = await request.post(
             ^^^^^^^^^^^^^^^^^^^
    ...<6 lines>...
    )
    ^
  File "C:\Users\Usuario\AppData\Local\Programs\Python\Python314\Lib\site-packages\telegram\request\_baserequest.py", line 198, in post
    result = await self._request_wrapper(
             ^^^^^^^^^^^^^^^^^^^^^^^^^^^^
    ...<7 lines>...
    )
    ^
  File "C:\Users\Usuario\AppData\Local\Programs\Python\Python314\Lib\site-packages\telegram\request\_baserequest.py", line 375, in _request_wrapper
    raise exception
telegram.error.Conflict: Conflict: terminated by other getUpdates request; make sure that only one bot instance is running
2026-08-21 15:57:09,736 INFO HTTP Request: POST https://api.telegram.org/bot8853478714:AAGC7W_ilTDh48WegRYq5OPfHZpb2I3r018/getUpdates "HTTP/1.1 409 Conflict"
2026-08-21 15:57:09,737 ERROR Error no controlado en Telegram
Traceback (most recent call last):
  File "C:\Users\Usuario\AppData\Local\Programs\Python\Python314\Lib\site-packages\telegram\ext\_utils\networkloop.py", line 161, in network_retry_loop
    await do_action()
  File "C:\Users\Usuario\AppData\Local\Programs\Python\Python314\Lib\site-packages\telegram\ext\_utils\networkloop.py", line 154, in do_action
    action_cb_task.result()
    ~~~~~~~~~~~~~~~~~~~~~^^
  File "C:\Users\Usuario\AppData\Local\Programs\Python\Python314\Lib\site-packages\telegram\ext\_updater.py", line 340, in polling_action_cb
    updates = await self.bot.get_updates(
              ^^^^^^^^^^^^^^^^^^^^^^^^^^^
    ...<3 lines>...
    )
    ^
  File "C:\Users\Usuario\AppData\Local\Programs\Python\Python314\Lib\site-packages\telegram\ext\_extbot.py", line 680, in get_updates
    updates = await super().get_updates(
              ^^^^^^^^^^^^^^^^^^^^^^^^^^
    ...<9 lines>...
    )
    ^
  File "C:\Users\Usuario\AppData\Local\Programs\Python\Python314\Lib\site-packages\telegram\_bot.py", line 4767, in get_updates
    await self._post(
    ^^^^^^^^^^^^^^^^^
    ...<7 lines>...
    ),
    ^
  File "C:\Users\Usuario\AppData\Local\Programs\Python\Python314\Lib\site-packages\telegram\_bot.py", line 712, in _post
    return await self._do_post(
           ^^^^^^^^^^^^^^^^^^^^
    ...<6 lines>...
    )
    ^
  File "C:\Users\Usuario\AppData\Local\Programs\Python\Python314\Lib\site-packages\telegram\ext\_extbot.py", line 378, in _do_post
    return await super()._do_post(
           ^^^^^^^^^^^^^^^^^^^^^^^
    ...<6 lines>...
    )
    ^
  File "C:\Users\Usuario\AppData\Local\Programs\Python\Python314\Lib\site-packages\telegram\_bot.py", line 741, in _do_post
    result = await request.post(
             ^^^^^^^^^^^^^^^^^^^
    ...<6 lines>...
    )
    ^
  File "C:\Users\Usuario\AppData\Local\Programs\Python\Python314\Lib\site-packages\telegram\request\_baserequest.py", line 198, in post
    result = await self._request_wrapper(
             ^^^^^^^^^^^^^^^^^^^^^^^^^^^^
    ...<7 lines>...
    )
    ^
  File "C:\Users\Usuario\AppData\Local\Programs\Python\Python314\Lib\site-packages\telegram\request\_baserequest.py", line 375, in _request_wrapper
    raise exception
telegram.error.Conflict: Conflict: terminated by other getUpdates request; make sure that only one bot instance is running
2026-08-21 15:57:22,119 INFO HTTP Request: POST https://api.telegram.org/bot8853478714:AAGC7W_ilTDh48WegRYq5OPfHZpb2I3r018/getUpdates "HTTP/1.1 200 OK"
2026-08-21 15:57:22,299 INFO HTTP Request: POST https://api.telegram.org/bot8853478714:AAGC7W_ilTDh48WegRYq5OPfHZpb2I3r018/getUpdates "HTTP/1.1 409 Conflict"
2026-08-21 15:57:22,301 ERROR Error no controlado en Telegram
Traceback (most recent call last):
  File "C:\Users\Usuario\AppData\Local\Programs\Python\Python314\Lib\site-packages\telegram\ext\_utils\networkloop.py", line 161, in network_retry_loop
    await do_action()
  File "C:\Users\Usuario\AppData\Local\Programs\Python\Python314\Lib\site-packages\telegram\ext\_utils\networkloop.py", line 154, in do_action
    action_cb_task.result()
    ~~~~~~~~~~~~~~~~~~~~~^^
  File "C:\Users\Usuario\AppData\Local\Programs\Python\Python314\Lib\site-packages\telegram\ext\_updater.py", line 340, in polling_action_cb
    updates = await self.bot.get_updates(
              ^^^^^^^^^^^^^^^^^^^^^^^^^^^
    ...<3 lines>...
    )
    ^
  File "C:\Users\Usuario\AppData\Local\Programs\Python\Python314\Lib\site-packages\telegram\ext\_extbot.py", line 680, in get_updates
    updates = await super().get_updates(
              ^^^^^^^^^^^^^^^^^^^^^^^^^^
    ...<9 lines>...
    )
    ^
  File "C:\Users\Usuario\AppData\Local\Programs\Python\Python314\Lib\site-packages\telegram\_bot.py", line 4767, in get_updates
    await self._post(
    ^^^^^^^^^^^^^^^^^
    ...<7 lines>...
    ),
    ^
  File "C:\Users\Usuario\AppData\Local\Programs\Python\Python314\Lib\site-packages\telegram\_bot.py", line 712, in _post
    return await self._do_post(
           ^^^^^^^^^^^^^^^^^^^^
    ...<6 lines>...
    )
    ^
  File "C:\Users\Usuario\AppData\Local\Programs\Python\Python314\Lib\site-packages\telegram\ext\_extbot.py", line 378, in _do_post
    return await super()._do_post(
           ^^^^^^^^^^^^^^^^^^^^^^^
    ...<6 lines>...
    )
    ^
  File "C:\Users\Usuario\AppData\Local\Programs\Python\Python314\Lib\site-packages\telegram\_bot.py", line 741, in _do_post
    result = await request.post(
             ^^^^^^^^^^^^^^^^^^^
    ...<6 lines>...
    )
    ^
  File "C:\Users\Usuario\AppData\Local\Programs\Python\Python314\Lib\site-packages\telegram\request\_baserequest.py", line 198, in post
    result = await self._request_wrapper(
             ^^^^^^^^^^^^^^^^^^^^^^^^^^^^
    ...<7 lines>...
    )
    ^
  File "C:\Users\Usuario\AppData\Local\Programs\Python\Python314\Lib\site-packages\telegram\request\_baserequest.py", line 375, in _request_wrapper
    raise exception
telegram.error.Conflict: Conflict: terminated by other getUpdates request; make sure that only one bot instance is running
2026-08-21 15:57:33,434 INFO HTTP Request: POST https://api.telegram.org/bot8853478714:AAGC7W_ilTDh48WegRYq5OPfHZpb2I3r018/getUpdates "HTTP/1.1 200 OK"
2026-08-21 15:57:36,988 INFO HTTP Request: POST https://api.telegram.org/bot8853478714:AAGC7W_ilTDh48WegRYq5OPfHZpb2I3r018/getUpdates "HTTP/1.1 409 Conflict"
2026-08-21 15:57:36,990 ERROR Error no controlado en Telegram
Traceback (most recent call last):
  File "C:\Users\Usuario\AppData\Local\Programs\Python\Python314\Lib\site-packages\telegram\ext\_utils\networkloop.py", line 161, in network_retry_loop
    await do_action()
  File "C:\Users\Usuario\AppData\Local\Programs\Python\Python314\Lib\site-packages\telegram\ext\_utils\networkloop.py", line 154, in do_action
    action_cb_task.result()
    ~~~~~~~~~~~~~~~~~~~~~^^
  File "C:\Users\Usuario\AppData\Local\Programs\Python\Python314\Lib\site-packages\telegram\ext\_updater.py", line 340, in polling_action_cb
    updates = await self.bot.get_updates(
              ^^^^^^^^^^^^^^^^^^^^^^^^^^^
    ...<3 lines>...
    )
    ^
  File "C:\Users\Usuario\AppData\Local\Programs\Python\Python314\Lib\site-packages\telegram\ext\_extbot.py", line 680, in get_updates
    updates = await super().get_updates(
              ^^^^^^^^^^^^^^^^^^^^^^^^^^
    ...<9 lines>...
    )
    ^
  File "C:\Users\Usuario\AppData\Local\Programs\Python\Python314\Lib\site-packages\telegram\_bot.py", line 4767, in get_updates
    await self._post(
    ^^^^^^^^^^^^^^^^^
    ...<7 lines>...
    ),
    ^
  File "C:\Users\Usuario\AppData\Local\Programs\Python\Python314\Lib\site-packages\telegram\_bot.py", line 712, in _post
    return await self._do_post(
           ^^^^^^^^^^^^^^^^^^^^
    ...<6 lines>...
    )
    ^
  File "C:\Users\Usuario\AppData\Local\Programs\Python\Python314\Lib\site-packages\telegram\ext\_extbot.py", line 378, in _do_post
    return await super()._do_post(
           ^^^^^^^^^^^^^^^^^^^^^^^
    ...<6 lines>...
    )
    ^
  File "C:\Users\Usuario\AppData\Local\Programs\Python\Python314\Lib\site-packages\telegram\_bot.py", line 741, in _do_post
    result = await request.post(
             ^^^^^^^^^^^^^^^^^^^
    ...<6 lines>...
    )
    ^
  File "C:\Users\Usuario\AppData\Local\Programs\Python\Python314\Lib\site-packages\telegram\request\_baserequest.py", line 198, in post
    result = await self._request_wrapper(
             ^^^^^^^^^^^^^^^^^^^^^^^^^^^^
    ...<7 lines>...
    )
    ^
  File "C:\Users\Usuario\AppData\Local\Programs\Python\Python314\Lib\site-packages\telegram\request\_baserequest.py", line 375, in _request_wrapper
    raise exception
telegram.error.Conflict: Conflict: terminated by other getUpdates request; make sure that only one bot instance is running
2026-08-21 15:57:48,128 INFO HTTP Request: POST https://api.telegram.org/bot8853478714:AAGC7W_ilTDh48WegRYq5OPfHZpb2I3r018/getUpdates "HTTP/1.1 200 OK"
2026-08-21 15:57:56,750 INFO HTTP Request: POST https://api.telegram.org/bot8853478714:AAGC7W_ilTDh48WegRYq5OPfHZpb2I3r018/getUpdates "HTTP/1.1 409 Conflict"
2026-08-21 15:57:56,752 ERROR Error no controlado en Telegram
Traceback (most recent call last):
  File "C:\Users\Usuario\AppData\Local\Programs\Python\Python314\Lib\site-packages\telegram\ext\_utils\networkloop.py", line 161, in network_retry_loop
    await do_action()
  File "C:\Users\Usuario\AppData\Local\Programs\Python\Python314\Lib\site-packages\telegram\ext\_utils\networkloop.py", line 154, in do_action
    action_cb_task.result()
    ~~~~~~~~~~~~~~~~~~~~~^^
  File "C:\Users\Usuario\AppData\Local\Programs\Python\Python314\Lib\site-packages\telegram\ext\_updater.py", line 340, in polling_action_cb
    updates = await self.bot.get_updates(
              ^^^^^^^^^^^^^^^^^^^^^^^^^^^
    ...<3 lines>...
    )
    ^
  File "C:\Users\Usuario\AppData\Local\Programs\Python\Python314\Lib\site-packages\telegram\ext\_extbot.py", line 680, in get_updates
    updates = await super().get_updates(
              ^^^^^^^^^^^^^^^^^^^^^^^^^^
    ...<9 lines>...
    )
    ^
  File "C:\Users\Usuario\AppData\Local\Programs\Python\Python314\Lib\site-packages\telegram\_bot.py", line 4767, in get_updates
    await self._post(
    ^^^^^^^^^^^^^^^^^
    ...<7 lines>...
    ),
    ^
  File "C:\Users\Usuario\AppData\Local\Programs\Python\Python314\Lib\site-packages\telegram\_bot.py", line 712, in _post
    return await self._do_post(
           ^^^^^^^^^^^^^^^^^^^^
    ...<6 lines>...
    )
    ^
  File "C:\Users\Usuario\AppData\Local\Programs\Python\Python314\Lib\site-packages\telegram\ext\_extbot.py", line 378, in _do_post
    return await super()._do_post(
           ^^^^^^^^^^^^^^^^^^^^^^^
    ...<6 lines>...
    )
    ^
  File "C:\Users\Usuario\AppData\Local\Programs\Python\Python314\Lib\site-packages\telegram\_bot.py", line 741, in _do_post
    result = await request.post(
             ^^^^^^^^^^^^^^^^^^^
    ...<6 lines>...
    )
    ^
  File "C:\Users\Usuario\AppData\Local\Programs\Python\Python314\Lib\site-packages\telegram\request\_baserequest.py", line 198, in post
    result = await self._request_wrapper(
             ^^^^^^^^^^^^^^^^^^^^^^^^^^^^
    ...<7 lines>...
    )
    ^
  File "C:\Users\Usuario\AppData\Local\Programs\Python\Python314\Lib\site-packages\telegram\request\_baserequest.py", line 375, in _request_wrapper
    raise exception
telegram.error.Conflict: Conflict: terminated by other getUpdates request; make sure that only one bot instance is running
2026-08-21 15:58:08,651 INFO HTTP Request: POST https://api.telegram.org/bot8853478714:AAGC7W_ilTDh48WegRYq5OPfHZpb2I3r018/getUpdates "HTTP/1.1 200 OK"
2026-08-21 15:58:18,783 INFO HTTP Request: POST https://api.telegram.org/bot8853478714:AAGC7W_ilTDh48WegRYq5OPfHZpb2I3r018/getUpdates "HTTP/1.1 200 OK"
2026-08-21 15:58:24,113 INFO HTTP Request: POST https://api.telegram.org/bot8853478714:AAGC7W_ilTDh48WegRYq5OPfHZpb2I3r018/getUpdates "HTTP/1.1 409 Conflict"
2026-08-21 15:58:24,114 ERROR Error no controlado en Telegram
Traceback (most recent call last):
  File "C:\Users\Usuario\AppData\Local\Programs\Python\Python314\Lib\site-packages\telegram\ext\_utils\networkloop.py", line 161, in network_retry_loop
    await do_action()
  File "C:\Users\Usuario\AppData\Local\Programs\Python\Python314\Lib\site-packages\telegram\ext\_utils\networkloop.py", line 154, in do_action
    action_cb_task.result()
    ~~~~~~~~~~~~~~~~~~~~~^^
  File "C:\Users\Usuario\AppData\Local\Programs\Python\Python314\Lib\site-packages\telegram\ext\_updater.py", line 340, in polling_action_cb
    updates = await self.bot.get_updates(
              ^^^^^^^^^^^^^^^^^^^^^^^^^^^
    ...<3 lines>...
    )
    ^
  File "C:\Users\Usuario\AppData\Local\Programs\Python\Python314\Lib\site-packages\telegram\ext\_extbot.py", line 680, in get_updates
    updates = await super().get_updates(
              ^^^^^^^^^^^^^^^^^^^^^^^^^^
    ...<9 lines>...
    )
    ^
  File "C:\Users\Usuario\AppData\Local\Programs\Python\Python314\Lib\site-packages\telegram\_bot.py", line 4767, in get_updates
    await self._post(
    ^^^^^^^^^^^^^^^^^
    ...<7 lines>...
    ),
    ^
  File "C:\Users\Usuario\AppData\Local\Programs\Python\Python314\Lib\site-packages\telegram\_bot.py", line 712, in _post
    return await self._do_post(
           ^^^^^^^^^^^^^^^^^^^^
    ...<6 lines>...
    )
    ^
  File "C:\Users\Usuario\AppData\Local\Programs\Python\Python314\Lib\site-packages\telegram\ext\_extbot.py", line 378, in _do_post
    return await super()._do_post(
           ^^^^^^^^^^^^^^^^^^^^^^^
    ...<6 lines>...
    )
    ^
  File "C:\Users\Usuario\AppData\Local\Programs\Python\Python314\Lib\site-packages\telegram\_bot.py", line 741, in _do_post
    result = await request.post(
             ^^^^^^^^^^^^^^^^^^^
    ...<6 lines>...
    )
    ^
  File "C:\Users\Usuario\AppData\Local\Programs\Python\Python314\Lib\site-packages\telegram\request\_baserequest.py", line 198, in post
    result = await self._request_wrapper(
             ^^^^^^^^^^^^^^^^^^^^^^^^^^^^
    ...<7 lines>...
    )
    ^
  File "C:\Users\Usuario\AppData\Local\Programs\Python\Python314\Lib\site-packages\telegram\request\_baserequest.py", line 375, in _request_wrapper
    raise exception
telegram.error.Conflict: Conflict: terminated by other getUpdates request; make sure that only one bot instance is running
2026-08-21 15:58:35,256 INFO HTTP Request: POST https://api.telegram.org/bot8853478714:AAGC7W_ilTDh48WegRYq5OPfHZpb2I3r018/getUpdates "HTTP/1.1 200 OK"
2026-08-21 15:58:45,387 INFO HTTP Request: POST https://api.telegram.org/bot8853478714:AAGC7W_ilTDh48WegRYq5OPfHZpb2I3r018/getUpdates "HTTP/1.1 200 OK"
2026-08-21 15:58:55,521 INFO HTTP Request: POST https://api.telegram.org/bot8853478714:AAGC7W_ilTDh48WegRYq5OPfHZpb2I3r018/getUpdates "HTTP/1.1 200 OK"
2026-08-21 15:58:58,705 INFO HTTP Request: POST https://api.telegram.org/bot8853478714:AAGC7W_ilTDh48WegRYq5OPfHZpb2I3r018/getUpdates "HTTP/1.1 409 Conflict"
2026-08-21 15:58:58,706 ERROR Error no controlado en Telegram
Traceback (most recent call last):
  File "C:\Users\Usuario\AppData\Local\Programs\Python\Python314\Lib\site-packages\telegram\ext\_utils\networkloop.py", line 161, in network_retry_loop
    await do_action()
  File "C:\Users\Usuario\AppData\Local\Programs\Python\Python314\Lib\site-packages\telegram\ext\_utils\networkloop.py", line 154, in do_action
    action_cb_task.result()
    ~~~~~~~~~~~~~~~~~~~~~^^
  File "C:\Users\Usuario\AppData\Local\Programs\Python\Python314\Lib\site-packages\telegram\ext\_updater.py", line 340, in polling_action_cb
    updates = await self.bot.get_updates(
              ^^^^^^^^^^^^^^^^^^^^^^^^^^^
    ...<3 lines>...
    )
    ^
  File "C:\Users\Usuario\AppData\Local\Programs\Python\Python314\Lib\site-packages\telegram\ext\_extbot.py", line 680, in get_updates
    updates = await super().get_updates(
              ^^^^^^^^^^^^^^^^^^^^^^^^^^
    ...<9 lines>...
    )
    ^
  File "C:\Users\Usuario\AppData\Local\Programs\Python\Python314\Lib\site-packages\telegram\_bot.py", line 4767, in get_updates
    await self._post(
    ^^^^^^^^^^^^^^^^^
    ...<7 lines>...
    ),
    ^
  File "C:\Users\Usuario\AppData\Local\Programs\Python\Python314\Lib\site-packages\telegram\_bot.py", line 712, in _post
    return await self._do_post(
           ^^^^^^^^^^^^^^^^^^^^
    ...<6 lines>...
    )
    ^
  File "C:\Users\Usuario\AppData\Local\Programs\Python\Python314\Lib\site-packages\telegram\ext\_extbot.py", line 378, in _do_post
    return await super()._do_post(
           ^^^^^^^^^^^^^^^^^^^^^^^
    ...<6 lines>...
    )
    ^
  File "C:\Users\Usuario\AppData\Local\Programs\Python\Python314\Lib\site-packages\telegram\_bot.py", line 741, in _do_post
    result = await request.post(
             ^^^^^^^^^^^^^^^^^^^
    ...<6 lines>...
    )
    ^
  File "C:\Users\Usuario\AppData\Local\Programs\Python\Python314\Lib\site-packages\telegram\request\_baserequest.py", line 198, in post
    result = await self._request_wrapper(
             ^^^^^^^^^^^^^^^^^^^^^^^^^^^^
    ...<7 lines>...
    )
    ^
  File "C:\Users\Usuario\AppData\Local\Programs\Python\Python314\Lib\site-packages\telegram\request\_baserequest.py", line 375, in _request_wrapper
    raise exception
telegram.error.Conflict: Conflict: terminated by other getUpdates request; make sure that only one bot instance is running
2026-08-21 15:59:09,849 INFO HTTP Request: POST https://api.telegram.org/bot8853478714:AAGC7W_ilTDh48WegRYq5OPfHZpb2I3r018/getUpdates "HTTP/1.1 200 OK"
2026-08-21 15:59:19,981 INFO HTTP Request: POST https://api.telegram.org/bot8853478714:AAGC7W_ilTDh48WegRYq5OPfHZpb2I3r018/getUpdates "HTTP/1.1 200 OK"
2026-08-21 15:59:26,525 INFO HTTP Request: POST https://api.telegram.org/bot8853478714:AAGC7W_ilTDh48WegRYq5OPfHZpb2I3r018/getUpdates "HTTP/1.1 409 Conflict"
2026-08-21 15:59:26,527 ERROR Error no controlado en Telegram
Traceback (most recent call last):
  File "C:\Users\Usuario\AppData\Local\Programs\Python\Python314\Lib\site-packages\telegram\ext\_utils\networkloop.py", line 161, in network_retry_loop
    await do_action()
  File "C:\Users\Usuario\AppData\Local\Programs\Python\Python314\Lib\site-packages\telegram\ext\_utils\networkloop.py", line 154, in do_action
    action_cb_task.result()
    ~~~~~~~~~~~~~~~~~~~~~^^
  File "C:\Users\Usuario\AppData\Local\Programs\Python\Python314\Lib\site-packages\telegram\ext\_updater.py", line 340, in polling_action_cb
    updates = await self.bot.get_updates(
              ^^^^^^^^^^^^^^^^^^^^^^^^^^^
    ...<3 lines>...
    )
    ^
  File "C:\Users\Usuario\AppData\Local\Programs\Python\Python314\Lib\site-packages\telegram\ext\_extbot.py", line 680, in get_updates
    updates = await super().get_updates(
              ^^^^^^^^^^^^^^^^^^^^^^^^^^
    ...<9 lines>...
    )
    ^
  File "C:\Users\Usuario\AppData\Local\Programs\Python\Python314\Lib\site-packages\telegram\_bot.py", line 4767, in get_updates
    await self._post(
    ^^^^^^^^^^^^^^^^^
    ...<7 lines>...
    ),
    ^
  File "C:\Users\Usuario\AppData\Local\Programs\Python\Python314\Lib\site-packages\telegram\_bot.py", line 712, in _post
    return await self._do_post(
           ^^^^^^^^^^^^^^^^^^^^
    ...<6 lines>...
    )
    ^
  File "C:\Users\Usuario\AppData\Local\Programs\Python\Python314\Lib\site-packages\telegram\ext\_extbot.py", line 378, in _do_post
    return await super()._do_post(
           ^^^^^^^^^^^^^^^^^^^^^^^
    ...<6 lines>...
    )
    ^
  File "C:\Users\Usuario\AppData\Local\Programs\Python\Python314\Lib\site-packages\telegram\_bot.py", line 741, in _do_post
    result = await request.post(
             ^^^^^^^^^^^^^^^^^^^
    ...<6 lines>...
    )
    ^
  File "C:\Users\Usuario\AppData\Local\Programs\Python\Python314\Lib\site-packages\telegram\request\_baserequest.py", line 198, in post
    result = await self._request_wrapper(
             ^^^^^^^^^^^^^^^^^^^^^^^^^^^^
    ...<7 lines>...
    )
    ^
  File "C:\Users\Usuario\AppData\Local\Programs\Python\Python314\Lib\site-packages\telegram\request\_baserequest.py", line 375, in _request_wrapper
    raise exception
telegram.error.Conflict: Conflict: terminated by other getUpdates request; make sure that only one bot instance is running
2026-08-21 15:59:32,329 INFO HTTP Request: POST https://api.telegram.org/bot8853478714:AAGC7W_ilTDh48WegRYq5OPfHZpb2I3r018/getUpdates "HTTP/1.1 200 OK"
2026-08-21 15:59:32,886 INFO HTTP Request: POST https://api.telegram.org/bot8853478714:AAGC7W_ilTDh48WegRYq5OPfHZpb2I3r018/sendMessage "HTTP/1.1 200 OK"
2026-08-21 15:59:33,836 INFO HTTP Request: POST https://api.telegram.org/bot8853478714:AAGC7W_ilTDh48WegRYq5OPfHZpb2I3r018/getUpdates "HTTP/1.1 409 Conflict"
2026-08-21 15:59:33,837 ERROR Error no controlado en Telegram
Traceback (most recent call last):
  File "C:\Users\Usuario\AppData\Local\Programs\Python\Python314\Lib\site-packages\telegram\ext\_utils\networkloop.py", line 161, in network_retry_loop
    await do_action()
  File "C:\Users\Usuario\AppData\Local\Programs\Python\Python314\Lib\site-packages\telegram\ext\_utils\networkloop.py", line 154, in do_action
    action_cb_task.result()
    ~~~~~~~~~~~~~~~~~~~~~^^
  File "C:\Users\Usuario\AppData\Local\Programs\Python\Python314\Lib\site-packages\telegram\ext\_updater.py", line 340, in polling_action_cb
    updates = await self.bot.get_updates(
              ^^^^^^^^^^^^^^^^^^^^^^^^^^^
    ...<3 lines>...
    )
    ^
  File "C:\Users\Usuario\AppData\Local\Programs\Python\Python314\Lib\site-packages\telegram\ext\_extbot.py", line 680, in get_updates
    updates = await super().get_updates(
              ^^^^^^^^^^^^^^^^^^^^^^^^^^
    ...<9 lines>...
    )
    ^
  File "C:\Users\Usuario\AppData\Local\Programs\Python\Python314\Lib\site-packages\telegram\_bot.py", line 4767, in get_updates
    await self._post(
    ^^^^^^^^^^^^^^^^^
    ...<7 lines>...
    ),
    ^
  File "C:\Users\Usuario\AppData\Local\Programs\Python\Python314\Lib\site-packages\telegram\_bot.py", line 712, in _post
    return await self._do_post(
           ^^^^^^^^^^^^^^^^^^^^
    ...<6 lines>...
    )
    ^
  File "C:\Users\Usuario\AppData\Local\Programs\Python\Python314\Lib\site-packages\telegram\ext\_extbot.py", line 378, in _do_post
    return await super()._do_post(
           ^^^^^^^^^^^^^^^^^^^^^^^
    ...<6 lines>...
    )
    ^
  File "C:\Users\Usuario\AppData\Local\Programs\Python\Python314\Lib\site-packages\telegram\_bot.py", line 741, in _do_post
    result = await request.post(
             ^^^^^^^^^^^^^^^^^^^
    ...<6 lines>...
    )
    ^
  File "C:\Users\Usuario\AppData\Local\Programs\Python\Python314\Lib\site-packages\telegram\request\_baserequest.py", line 198, in post
    result = await self._request_wrapper(
             ^^^^^^^^^^^^^^^^^^^^^^^^^^^^
    ...<7 lines>...
    )
    ^
  File "C:\Users\Usuario\AppData\Local\Programs\Python\Python314\Lib\site-packages\telegram\request\_baserequest.py", line 375, in _request_wrapper
    raise exception
telegram.error.Conflict: Conflict: terminated by other getUpdates request; make sure that only one bot instance is running
2026-08-21 15:59:36,187 INFO HTTP Request: POST https://api.telegram.org/bot8853478714:AAGC7W_ilTDh48WegRYq5OPfHZpb2I3r018/getUpdates "HTTP/1.1 200 OK"
2026-08-21 15:59:36,457 INFO HTTP Request: POST https://api.telegram.org/bot8853478714:AAGC7W_ilTDh48WegRYq5OPfHZpb2I3r018/sendMessage "HTTP/1.1 200 OK"
2026-08-21 15:59:39,894 INFO HTTP Request: POST https://api.telegram.org/bot8853478714:AAGC7W_ilTDh48WegRYq5OPfHZpb2I3r018/getUpdates "HTTP/1.1 200 OK"
2026-08-21 15:59:40,334 INFO HTTP Request: POST https://api.telegram.org/bot8853478714:AAGC7W_ilTDh48WegRYq5OPfHZpb2I3r018/sendMessage "HTTP/1.1 200 OK"
2026-08-21 15:59:42,620 INFO HTTP Request: POST https://api.telegram.org/bot8853478714:AAGC7W_ilTDh48WegRYq5OPfHZpb2I3r018/getUpdates "HTTP/1.1 409 Conflict"
2026-08-21 15:59:42,621 ERROR Error no controlado en Telegram
Traceback (most recent call last):
  File "C:\Users\Usuario\AppData\Local\Programs\Python\Python314\Lib\site-packages\telegram\ext\_utils\networkloop.py", line 161, in network_retry_loop
    await do_action()
  File "C:\Users\Usuario\AppData\Local\Programs\Python\Python314\Lib\site-packages\telegram\ext\_utils\networkloop.py", line 154, in do_action
    action_cb_task.result()
    ~~~~~~~~~~~~~~~~~~~~~^^
  File "C:\Users\Usuario\AppData\Local\Programs\Python\Python314\Lib\site-packages\telegram\ext\_updater.py", line 340, in polling_action_cb
    updates = await self.bot.get_updates(
              ^^^^^^^^^^^^^^^^^^^^^^^^^^^
    ...<3 lines>...
    )
    ^
  File "C:\Users\Usuario\AppData\Local\Programs\Python\Python314\Lib\site-packages\telegram\ext\_extbot.py", line 680, in get_updates
    updates = await super().get_updates(
              ^^^^^^^^^^^^^^^^^^^^^^^^^^
    ...<9 lines>...
    )
    ^
  File "C:\Users\Usuario\AppData\Local\Programs\Python\Python314\Lib\site-packages\telegram\_bot.py", line 4767, in get_updates
    await self._post(
    ^^^^^^^^^^^^^^^^^
    ...<7 lines>...
    ),
    ^
  File "C:\Users\Usuario\AppData\Local\Programs\Python\Python314\Lib\site-packages\telegram\_bot.py", line 712, in _post
    return await self._do_post(
           ^^^^^^^^^^^^^^^^^^^^
    ...<6 lines>...
    )
    ^
  File "C:\Users\Usuario\AppData\Local\Programs\Python\Python314\Lib\site-packages\telegram\ext\_extbot.py", line 378, in _do_post
    return await super()._do_post(
           ^^^^^^^^^^^^^^^^^^^^^^^
    ...<6 lines>...
    )
    ^
  File "C:\Users\Usuario\AppData\Local\Programs\Python\Python314\Lib\site-packages\telegram\_bot.py", line 741, in _do_post
    result = await request.post(
             ^^^^^^^^^^^^^^^^^^^
    ...<6 lines>...
    )
    ^
  File "C:\Users\Usuario\AppData\Local\Programs\Python\Python314\Lib\site-packages\telegram\request\_baserequest.py", line 198, in post
    result = await self._request_wrapper(
             ^^^^^^^^^^^^^^^^^^^^^^^^^^^^
    ...<7 lines>...
    )
    ^
  File "C:\Users\Usuario\AppData\Local\Programs\Python\Python314\Lib\site-packages\telegram\request\_baserequest.py", line 375, in _request_wrapper
    raise exception
telegram.error.Conflict: Conflict: terminated by other getUpdates request; make sure that only one bot instance is running
2026-08-21 15:59:46,755 INFO HTTP Request: POST https://api.telegram.org/bot8853478714:AAGC7W_ilTDh48WegRYq5OPfHZpb2I3r018/getUpdates "HTTP/1.1 200 OK"
2026-08-21 15:59:47,304 INFO HTTP Request: POST https://api.telegram.org/bot8853478714:AAGC7W_ilTDh48WegRYq5OPfHZpb2I3r018/sendMessage "HTTP/1.1 200 OK"
2026-08-21 15:59:47,811 INFO HTTP Request: POST https://api.telegram.org/bot8853478714:AAGC7W_ilTDh48WegRYq5OPfHZpb2I3r018/editMessageText "HTTP/1.1 200 OK"
2026-08-21 15:59:53,954 INFO HTTP Request: POST https://api.telegram.org/bot8853478714:AAGC7W_ilTDh48WegRYq5OPfHZpb2I3r018/getUpdates "HTTP/1.1 409 Conflict"
2026-08-21 15:59:53,955 ERROR Error no controlado en Telegram
Traceback (most recent call last):
  File "C:\Users\Usuario\AppData\Local\Programs\Python\Python314\Lib\site-packages\telegram\ext\_utils\networkloop.py", line 161, in network_retry_loop
    await do_action()
  File "C:\Users\Usuario\AppData\Local\Programs\Python\Python314\Lib\site-packages\telegram\ext\_utils\networkloop.py", line 154, in do_action
    action_cb_task.result()
    ~~~~~~~~~~~~~~~~~~~~~^^
  File "C:\Users\Usuario\AppData\Local\Programs\Python\Python314\Lib\site-packages\telegram\ext\_updater.py", line 340, in polling_action_cb
    updates = await self.bot.get_updates(
              ^^^^^^^^^^^^^^^^^^^^^^^^^^^
    ...<3 lines>...
    )
    ^
  File "C:\Users\Usuario\AppData\Local\Programs\Python\Python314\Lib\site-packages\telegram\ext\_extbot.py", line 680, in get_updates
    updates = await super().get_updates(
              ^^^^^^^^^^^^^^^^^^^^^^^^^^
    ...<9 lines>...
    )
    ^
  File "C:\Users\Usuario\AppData\Local\Programs\Python\Python314\Lib\site-packages\telegram\_bot.py", line 4767, in get_updates
    await self._post(
    ^^^^^^^^^^^^^^^^^
    ...<7 lines>...
    ),
    ^
  File "C:\Users\Usuario\AppData\Local\Programs\Python\Python314\Lib\site-packages\telegram\_bot.py", line 712, in _post
    return await self._do_post(
           ^^^^^^^^^^^^^^^^^^^^
    ...<6 lines>...
    )
    ^
  File "C:\Users\Usuario\AppData\Local\Programs\Python\Python314\Lib\site-packages\telegram\ext\_extbot.py", line 378, in _do_post
    return await super()._do_post(
           ^^^^^^^^^^^^^^^^^^^^^^^
    ...<6 lines>...
    )
    ^
  File "C:\Users\Usuario\AppData\Local\Programs\Python\Python314\Lib\site-packages\telegram\_bot.py", line 741, in _do_post
    result = await request.post(
             ^^^^^^^^^^^^^^^^^^^
    ...<6 lines>...
    )
    ^
  File "C:\Users\Usuario\AppData\Local\Programs\Python\Python314\Lib\site-packages\telegram\request\_baserequest.py", line 198, in post
    result = await self._request_wrapper(
             ^^^^^^^^^^^^^^^^^^^^^^^^^^^^
    ...<7 lines>...
    )
    ^
  File "C:\Users\Usuario\AppData\Local\Programs\Python\Python314\Lib\site-packages\telegram\request\_baserequest.py", line 375, in _request_wrapper
    raise exception
telegram.error.Conflict: Conflict: terminated by other getUpdates request; make sure that only one bot instance is running
2026-08-21 16:00:05,538 INFO HTTP Request: POST https://api.telegram.org/bot8853478714:AAGC7W_ilTDh48WegRYq5OPfHZpb2I3r018/getUpdates "HTTP/1.1 200 OK"
2026-08-21 16:00:09,111 INFO HTTP Request: POST https://api.telegram.org/bot8853478714:AAGC7W_ilTDh48WegRYq5OPfHZpb2I3r018/getUpdates "HTTP/1.1 409 Conflict"
2026-08-21 16:00:09,113 ERROR Error no controlado en Telegram
Traceback (most recent call last):
  File "C:\Users\Usuario\AppData\Local\Programs\Python\Python314\Lib\site-packages\telegram\ext\_utils\networkloop.py", line 161, in network_retry_loop
    await do_action()
  File "C:\Users\Usuario\AppData\Local\Programs\Python\Python314\Lib\site-packages\telegram\ext\_utils\networkloop.py", line 154, in do_action
    action_cb_task.result()
    ~~~~~~~~~~~~~~~~~~~~~^^
  File "C:\Users\Usuario\AppData\Local\Programs\Python\Python314\Lib\site-packages\telegram\ext\_updater.py", line 340, in polling_action_cb
    updates = await self.bot.get_updates(
              ^^^^^^^^^^^^^^^^^^^^^^^^^^^
    ...<3 lines>...
    )
    ^
  File "C:\Users\Usuario\AppData\Local\Programs\Python\Python314\Lib\site-packages\telegram\ext\_extbot.py", line 680, in get_updates
    updates = await super().get_updates(
              ^^^^^^^^^^^^^^^^^^^^^^^^^^
    ...<9 lines>...
    )
    ^
  File "C:\Users\Usuario\AppData\Local\Programs\Python\Python314\Lib\site-packages\telegram\_bot.py", line 4767, in get_updates
    await self._post(
    ^^^^^^^^^^^^^^^^^
    ...<7 lines>...
    ),
    ^
  File "C:\Users\Usuario\AppData\Local\Programs\Python\Python314\Lib\site-packages\telegram\_bot.py", line 712, in _post
    return await self._do_post(
           ^^^^^^^^^^^^^^^^^^^^
    ...<6 lines>...
    )
    ^
  File "C:\Users\Usuario\AppData\Local\Programs\Python\Python314\Lib\site-packages\telegram\ext\_extbot.py", line 378, in _do_post
    return await super()._do_post(
           ^^^^^^^^^^^^^^^^^^^^^^^
    ...<6 lines>...
    )
    ^
  File "C:\Users\Usuario\AppData\Local\Programs\Python\Python314\Lib\site-packages\telegram\_bot.py", line 741, in _do_post
    result = await request.post(
             ^^^^^^^^^^^^^^^^^^^
    ...<6 lines>...
    )
    ^
  File "C:\Users\Usuario\AppData\Local\Programs\Python\Python314\Lib\site-packages\telegram\request\_baserequest.py", line 198, in post
    result = await self._request_wrapper(
             ^^^^^^^^^^^^^^^^^^^^^^^^^^^^
    ...<7 lines>...
    )
    ^
  File "C:\Users\Usuario\AppData\Local\Programs\Python\Python314\Lib\site-packages\telegram\request\_baserequest.py", line 375, in _request_wrapper
    raise exception
telegram.error.Conflict: Conflict: terminated by other getUpdates request; make sure that only one bot instance is running
2026-08-21 16:00:20,272 INFO HTTP Request: POST https://api.telegram.org/bot8853478714:AAGC7W_ilTDh48WegRYq5OPfHZpb2I3r018/getUpdates "HTTP/1.1 200 OK"
2026-08-21 16:00:25,775 INFO HTTP Request: POST https://api.telegram.org/bot8853478714:AAGC7W_ilTDh48WegRYq5OPfHZpb2I3r018/getUpdates "HTTP/1.1 200 OK"
2026-08-21 16:00:26,371 INFO HTTP Request: POST https://api.telegram.org/bot8853478714:AAGC7W_ilTDh48WegRYq5OPfHZpb2I3r018/sendMessage "HTTP/1.1 200 OK"
2026-08-21 16:00:26,883 INFO HTTP Request: POST https://api.telegram.org/bot8853478714:AAGC7W_ilTDh48WegRYq5OPfHZpb2I3r018/editMessageText "HTTP/1.1 200 OK"
2026-08-21 16:00:28,903 INFO HTTP Request: POST https://api.telegram.org/bot8853478714:AAGC7W_ilTDh48WegRYq5OPfHZpb2I3r018/getUpdates "HTTP/1.1 409 Conflict"
2026-08-21 16:00:28,904 ERROR Error no controlado en Telegram
Traceback (most recent call last):
  File "C:\Users\Usuario\AppData\Local\Programs\Python\Python314\Lib\site-packages\telegram\ext\_utils\networkloop.py", line 161, in network_retry_loop
    await do_action()
  File "C:\Users\Usuario\AppData\Local\Programs\Python\Python314\Lib\site-packages\telegram\ext\_utils\networkloop.py", line 154, in do_action
    action_cb_task.result()
    ~~~~~~~~~~~~~~~~~~~~~^^
  File "C:\Users\Usuario\AppData\Local\Programs\Python\Python314\Lib\site-packages\telegram\ext\_updater.py", line 340, in polling_action_cb
    updates = await self.bot.get_updates(
              ^^^^^^^^^^^^^^^^^^^^^^^^^^^
    ...<3 lines>...
    )
    ^
  File "C:\Users\Usuario\AppData\Local\Programs\Python\Python314\Lib\site-packages\telegram\ext\_extbot.py", line 680, in get_updates
    updates = await super().get_updates(
              ^^^^^^^^^^^^^^^^^^^^^^^^^^
    ...<9 lines>...
    )
    ^
  File "C:\Users\Usuario\AppData\Local\Programs\Python\Python314\Lib\site-packages\telegram\_bot.py", line 4767, in get_updates
    await self._post(
    ^^^^^^^^^^^^^^^^^
    ...<7 lines>...
    ),
    ^
  File "C:\Users\Usuario\AppData\Local\Programs\Python\Python314\Lib\site-packages\telegram\_bot.py", line 712, in _post
    return await self._do_post(
           ^^^^^^^^^^^^^^^^^^^^
    ...<6 lines>...
    )
    ^
  File "C:\Users\Usuario\AppData\Local\Programs\Python\Python314\Lib\site-packages\telegram\ext\_extbot.py", line 378, in _do_post
    return await super()._do_post(
           ^^^^^^^^^^^^^^^^^^^^^^^
    ...<6 lines>...
    )
    ^
  File "C:\Users\Usuario\AppData\Local\Programs\Python\Python314\Lib\site-packages\telegram\_bot.py", line 741, in _do_post
    result = await request.post(
             ^^^^^^^^^^^^^^^^^^^
    ...<6 lines>...
    )
    ^
  File "C:\Users\Usuario\AppData\Local\Programs\Python\Python314\Lib\site-packages\telegram\request\_baserequest.py", line 198, in post
    result = await self._request_wrapper(
             ^^^^^^^^^^^^^^^^^^^^^^^^^^^^
    ...<7 lines>...
    )
    ^
  File "C:\Users\Usuario\AppData\Local\Programs\Python\Python314\Lib\site-packages\telegram\request\_baserequest.py", line 375, in _request_wrapper
    raise exception
telegram.error.Conflict: Conflict: terminated by other getUpdates request; make sure that only one bot instance is running
2026-08-21 16:00:40,037 INFO HTTP Request: POST https://api.telegram.org/bot8853478714:AAGC7W_ilTDh48WegRYq5OPfHZpb2I3r018/getUpdates "HTTP/1.1 200 OK"
2026-08-21 16:00:50,168 INFO HTTP Request: POST https://api.telegram.org/bot8853478714:AAGC7W_ilTDh48WegRYq5OPfHZpb2I3r018/getUpdates "HTTP/1.1 200 OK"
2026-08-21 16:38:38,238 INFO HTTP Request: POST https://api.telegram.org/bot8853478714:AAGC7W_ilTDh48WegRYq5OPfHZpb2I3r018/getMe "HTTP/1.1 200 OK"
2026-08-21 16:38:38,369 INFO HTTP Request: POST https://api.telegram.org/bot8853478714:AAGC7W_ilTDh48WegRYq5OPfHZpb2I3r018/deleteWebhook "HTTP/1.1 200 OK"
2026-08-21 16:38:38,372 INFO Application started
2026-08-21 16:38:41,930 INFO HTTP Request: POST https://api.telegram.org/bot8853478714:AAGC7W_ilTDh48WegRYq5OPfHZpb2I3r018/getUpdates "HTTP/1.1 409 Conflict"
2026-08-21 16:38:41,931 ERROR Error no controlado en Telegram
Traceback (most recent call last):
  File "C:\Users\Usuario\AppData\Local\Programs\Python\Python314\Lib\site-packages\telegram\ext\_utils\networkloop.py", line 161, in network_retry_loop
    await do_action()
  File "C:\Users\Usuario\AppData\Local\Programs\Python\Python314\Lib\site-packages\telegram\ext\_utils\networkloop.py", line 154, in do_action
    action_cb_task.result()
    ~~~~~~~~~~~~~~~~~~~~~^^
  File "C:\Users\Usuario\AppData\Local\Programs\Python\Python314\Lib\site-packages\telegram\ext\_updater.py", line 340, in polling_action_cb
    updates = await self.bot.get_updates(
              ^^^^^^^^^^^^^^^^^^^^^^^^^^^
    ...<3 lines>...
    )
    ^
  File "C:\Users\Usuario\AppData\Local\Programs\Python\Python314\Lib\site-packages\telegram\ext\_extbot.py", line 680, in get_updates
    updates = await super().get_updates(
              ^^^^^^^^^^^^^^^^^^^^^^^^^^
    ...<9 lines>...
    )
    ^
  File "C:\Users\Usuario\AppData\Local\Programs\Python\Python314\Lib\site-packages\telegram\_bot.py", line 4767, in get_updates
    await self._post(
    ^^^^^^^^^^^^^^^^^
    ...<7 lines>...
    ),
    ^
  File "C:\Users\Usuario\AppData\Local\Programs\Python\Python314\Lib\site-packages\telegram\_bot.py", line 712, in _post
    return await self._do_post(
           ^^^^^^^^^^^^^^^^^^^^
    ...<6 lines>...
    )
    ^
  File "C:\Users\Usuario\AppData\Local\Programs\Python\Python314\Lib\site-packages\telegram\ext\_extbot.py", line 378, in _do_post
    return await super()._do_post(
           ^^^^^^^^^^^^^^^^^^^^^^^
    ...<6 lines>...
    )
    ^
  File "C:\Users\Usuario\AppData\Local\Programs\Python\Python314\Lib\site-packages\telegram\_bot.py", line 741, in _do_post
    result = await request.post(
             ^^^^^^^^^^^^^^^^^^^
    ...<6 lines>...
    )
    ^
  File "C:\Users\Usuario\AppData\Local\Programs\Python\Python314\Lib\site-packages\telegram\request\_baserequest.py", line 198, in post
    result = await self._request_wrapper(
             ^^^^^^^^^^^^^^^^^^^^^^^^^^^^
    ...<7 lines>...
    )
    ^
  File "C:\Users\Usuario\AppData\Local\Programs\Python\Python314\Lib\site-packages\telegram\request\_baserequest.py", line 375, in _request_wrapper
    raise exception
telegram.error.Conflict: Conflict: terminated by other getUpdates request; make sure that only one bot instance is running
2026-08-21 16:38:46,517 INFO HTTP Request: POST https://api.telegram.org/bot8853478714:AAGC7W_ilTDh48WegRYq5OPfHZpb2I3r018/getUpdates "HTTP/1.1 200 OK"
2026-08-21 16:38:47,245 INFO HTTP Request: POST https://api.telegram.org/bot8853478714:AAGC7W_ilTDh48WegRYq5OPfHZpb2I3r018/sendMessage "HTTP/1.1 200 OK"
2026-08-21 16:38:50,748 INFO HTTP Request: POST https://api.telegram.org/bot8853478714:AAGC7W_ilTDh48WegRYq5OPfHZpb2I3r018/getUpdates "HTTP/1.1 409 Conflict"
2026-08-21 16:38:50,750 ERROR Error no controlado en Telegram
Traceback (most recent call last):
  File "C:\Users\Usuario\AppData\Local\Programs\Python\Python314\Lib\site-packages\telegram\ext\_utils\networkloop.py", line 161, in network_retry_loop
    await do_action()
  File "C:\Users\Usuario\AppData\Local\Programs\Python\Python314\Lib\site-packages\telegram\ext\_utils\networkloop.py", line 154, in do_action
    action_cb_task.result()
    ~~~~~~~~~~~~~~~~~~~~~^^
  File "C:\Users\Usuario\AppData\Local\Programs\Python\Python314\Lib\site-packages\telegram\ext\_updater.py", line 340, in polling_action_cb
    updates = await self.bot.get_updates(
              ^^^^^^^^^^^^^^^^^^^^^^^^^^^
    ...<3 lines>...
    )
    ^
  File "C:\Users\Usuario\AppData\Local\Programs\Python\Python314\Lib\site-packages\telegram\ext\_extbot.py", line 680, in get_updates
    updates = await super().get_updates(
              ^^^^^^^^^^^^^^^^^^^^^^^^^^
    ...<9 lines>...
    )
    ^
  File "C:\Users\Usuario\AppData\Local\Programs\Python\Python314\Lib\site-packages\telegram\_bot.py", line 4767, in get_updates
    await self._post(
    ^^^^^^^^^^^^^^^^^
    ...<7 lines>...
    ),
    ^
  File "C:\Users\Usuario\AppData\Local\Programs\Python\Python314\Lib\site-packages\telegram\_bot.py", line 712, in _post
    return await self._do_post(
           ^^^^^^^^^^^^^^^^^^^^
    ...<6 lines>...
    )
    ^
  File "C:\Users\Usuario\AppData\Local\Programs\Python\Python314\Lib\site-packages\telegram\ext\_extbot.py", line 378, in _do_post
    return await super()._do_post(
           ^^^^^^^^^^^^^^^^^^^^^^^
    ...<6 lines>...
    )
    ^
  File "C:\Users\Usuario\AppData\Local\Programs\Python\Python314\Lib\site-packages\telegram\_bot.py", line 741, in _do_post
    result = await request.post(
             ^^^^^^^^^^^^^^^^^^^
    ...<6 lines>...
    )
    ^
  File "C:\Users\Usuario\AppData\Local\Programs\Python\Python314\Lib\site-packages\telegram\request\_baserequest.py", line 198, in post
    result = await self._request_wrapper(
             ^^^^^^^^^^^^^^^^^^^^^^^^^^^^
    ...<7 lines>...
    )
    ^
  File "C:\Users\Usuario\AppData\Local\Programs\Python\Python314\Lib\site-packages\telegram\request\_baserequest.py", line 375, in _request_wrapper
    raise exception
telegram.error.Conflict: Conflict: terminated by other getUpdates request; make sure that only one bot instance is running
2026-08-21 16:39:01,900 INFO HTTP Request: POST https://api.telegram.org/bot8853478714:AAGC7W_ilTDh48WegRYq5OPfHZpb2I3r018/getUpdates "HTTP/1.1 200 OK"
2026-08-21 16:39:02,126 INFO HTTP Request: POST https://api.telegram.org/bot8853478714:AAGC7W_ilTDh48WegRYq5OPfHZpb2I3r018/getUpdates "HTTP/1.1 409 Conflict"
2026-08-21 16:39:02,127 ERROR Error no controlado en Telegram
Traceback (most recent call last):
  File "C:\Users\Usuario\AppData\Local\Programs\Python\Python314\Lib\site-packages\telegram\ext\_utils\networkloop.py", line 161, in network_retry_loop
    await do_action()
  File "C:\Users\Usuario\AppData\Local\Programs\Python\Python314\Lib\site-packages\telegram\ext\_utils\networkloop.py", line 154, in do_action
    action_cb_task.result()
    ~~~~~~~~~~~~~~~~~~~~~^^
  File "C:\Users\Usuario\AppData\Local\Programs\Python\Python314\Lib\site-packages\telegram\ext\_updater.py", line 340, in polling_action_cb
    updates = await self.bot.get_updates(
              ^^^^^^^^^^^^^^^^^^^^^^^^^^^
    ...<3 lines>...
    )
    ^
  File "C:\Users\Usuario\AppData\Local\Programs\Python\Python314\Lib\site-packages\telegram\ext\_extbot.py", line 680, in get_updates
    updates = await super().get_updates(
              ^^^^^^^^^^^^^^^^^^^^^^^^^^
    ...<9 lines>...
    )
    ^
  File "C:\Users\Usuario\AppData\Local\Programs\Python\Python314\Lib\site-packages\telegram\_bot.py", line 4767, in get_updates
    await self._post(
    ^^^^^^^^^^^^^^^^^
    ...<7 lines>...
    ),
    ^
  File "C:\Users\Usuario\AppData\Local\Programs\Python\Python314\Lib\site-packages\telegram\_bot.py", line 712, in _post
    return await self._do_post(
           ^^^^^^^^^^^^^^^^^^^^
    ...<6 lines>...
    )
    ^
  File "C:\Users\Usuario\AppData\Local\Programs\Python\Python314\Lib\site-packages\telegram\ext\_extbot.py", line 378, in _do_post
    return await super()._do_post(
           ^^^^^^^^^^^^^^^^^^^^^^^
    ...<6 lines>...
    )
    ^
  File "C:\Users\Usuario\AppData\Local\Programs\Python\Python314\Lib\site-packages\telegram\_bot.py", line 741, in _do_post
    result = await request.post(
             ^^^^^^^^^^^^^^^^^^^
    ...<6 lines>...
    )
    ^
  File "C:\Users\Usuario\AppData\Local\Programs\Python\Python314\Lib\site-packages\telegram\request\_baserequest.py", line 198, in post
    result = await self._request_wrapper(
             ^^^^^^^^^^^^^^^^^^^^^^^^^^^^
    ...<7 lines>...
    )
    ^
  File "C:\Users\Usuario\AppData\Local\Programs\Python\Python314\Lib\site-packages\telegram\request\_baserequest.py", line 375, in _request_wrapper
    raise exception
telegram.error.Conflict: Conflict: terminated by other getUpdates request; make sure that only one bot instance is running
2026-08-21 16:39:13,287 INFO HTTP Request: POST https://api.telegram.org/bot8853478714:AAGC7W_ilTDh48WegRYq5OPfHZpb2I3r018/getUpdates "HTTP/1.1 200 OK"
2026-08-21 16:39:16,859 INFO HTTP Request: POST https://api.telegram.org/bot8853478714:AAGC7W_ilTDh48WegRYq5OPfHZpb2I3r018/getUpdates "HTTP/1.1 409 Conflict"
2026-08-21 16:39:16,861 ERROR Error no controlado en Telegram
Traceback (most recent call last):
  File "C:\Users\Usuario\AppData\Local\Programs\Python\Python314\Lib\site-packages\telegram\ext\_utils\networkloop.py", line 161, in network_retry_loop
    await do_action()
  File "C:\Users\Usuario\AppData\Local\Programs\Python\Python314\Lib\site-packages\telegram\ext\_utils\networkloop.py", line 154, in do_action
    action_cb_task.result()
    ~~~~~~~~~~~~~~~~~~~~~^^
  File "C:\Users\Usuario\AppData\Local\Programs\Python\Python314\Lib\site-packages\telegram\ext\_updater.py", line 340, in polling_action_cb
    updates = await self.bot.get_updates(
              ^^^^^^^^^^^^^^^^^^^^^^^^^^^
    ...<3 lines>...
    )
    ^
  File "C:\Users\Usuario\AppData\Local\Programs\Python\Python314\Lib\site-packages\telegram\ext\_extbot.py", line 680, in get_updates
    updates = await super().get_updates(
              ^^^^^^^^^^^^^^^^^^^^^^^^^^
    ...<9 lines>...
    )
    ^
  File "C:\Users\Usuario\AppData\Local\Programs\Python\Python314\Lib\site-packages\telegram\_bot.py", line 4767, in get_updates
    await self._post(
    ^^^^^^^^^^^^^^^^^
    ...<7 lines>...
    ),
    ^
  File "C:\Users\Usuario\AppData\Local\Programs\Python\Python314\Lib\site-packages\telegram\_bot.py", line 712, in _post
    return await self._do_post(
           ^^^^^^^^^^^^^^^^^^^^
    ...<6 lines>...
    )
    ^
  File "C:\Users\Usuario\AppData\Local\Programs\Python\Python314\Lib\site-packages\telegram\ext\_extbot.py", line 378, in _do_post
    return await super()._do_post(
           ^^^^^^^^^^^^^^^^^^^^^^^
    ...<6 lines>...
    )
    ^
  File "C:\Users\Usuario\AppData\Local\Programs\Python\Python314\Lib\site-packages\telegram\_bot.py", line 741, in _do_post
    result = await request.post(
             ^^^^^^^^^^^^^^^^^^^
    ...<6 lines>...
    )
    ^
  File "C:\Users\Usuario\AppData\Local\Programs\Python\Python314\Lib\site-packages\telegram\request\_baserequest.py", line 198, in post
    result = await self._request_wrapper(
             ^^^^^^^^^^^^^^^^^^^^^^^^^^^^
    ...<7 lines>...
    )
    ^
  File "C:\Users\Usuario\AppData\Local\Programs\Python\Python314\Lib\site-packages\telegram\request\_baserequest.py", line 375, in _request_wrapper
    raise exception
telegram.error.Conflict: Conflict: terminated by other getUpdates request; make sure that only one bot instance is running
2026-08-21 16:39:28,001 INFO HTTP Request: POST https://api.telegram.org/bot8853478714:AAGC7W_ilTDh48WegRYq5OPfHZpb2I3r018/getUpdates "HTTP/1.1 200 OK"
2026-08-21 16:39:36,629 INFO HTTP Request: POST https://api.telegram.org/bot8853478714:AAGC7W_ilTDh48WegRYq5OPfHZpb2I3r018/getUpdates "HTTP/1.1 409 Conflict"
2026-08-21 16:39:36,631 ERROR Error no controlado en Telegram
Traceback (most recent call last):
  File "C:\Users\Usuario\AppData\Local\Programs\Python\Python314\Lib\site-packages\telegram\ext\_utils\networkloop.py", line 161, in network_retry_loop
    await do_action()
  File "C:\Users\Usuario\AppData\Local\Programs\Python\Python314\Lib\site-packages\telegram\ext\_utils\networkloop.py", line 154, in do_action
    action_cb_task.result()
    ~~~~~~~~~~~~~~~~~~~~~^^
  File "C:\Users\Usuario\AppData\Local\Programs\Python\Python314\Lib\site-packages\telegram\ext\_updater.py", line 340, in polling_action_cb
    updates = await self.bot.get_updates(
              ^^^^^^^^^^^^^^^^^^^^^^^^^^^
    ...<3 lines>...
    )
    ^
  File "C:\Users\Usuario\AppData\Local\Programs\Python\Python314\Lib\site-packages\telegram\ext\_extbot.py", line 680, in get_updates
    updates = await super().get_updates(
              ^^^^^^^^^^^^^^^^^^^^^^^^^^
    ...<9 lines>...
    )
    ^
  File "C:\Users\Usuario\AppData\Local\Programs\Python\Python314\Lib\site-packages\telegram\_bot.py", line 4767, in get_updates
    await self._post(
    ^^^^^^^^^^^^^^^^^
    ...<7 lines>...
    ),
    ^
  File "C:\Users\Usuario\AppData\Local\Programs\Python\Python314\Lib\site-packages\telegram\_bot.py", line 712, in _post
    return await self._do_post(
           ^^^^^^^^^^^^^^^^^^^^
    ...<6 lines>...
    )
    ^
  File "C:\Users\Usuario\AppData\Local\Programs\Python\Python314\Lib\site-packages\telegram\ext\_extbot.py", line 378, in _do_post
    return await super()._do_post(
           ^^^^^^^^^^^^^^^^^^^^^^^
    ...<6 lines>...
    )
    ^
  File "C:\Users\Usuario\AppData\Local\Programs\Python\Python314\Lib\site-packages\telegram\_bot.py", line 741, in _do_post
    result = await request.post(
             ^^^^^^^^^^^^^^^^^^^
    ...<6 lines>...
    )
    ^
  File "C:\Users\Usuario\AppData\Local\Programs\Python\Python314\Lib\site-packages\telegram\request\_baserequest.py", line 198, in post
    result = await self._request_wrapper(
             ^^^^^^^^^^^^^^^^^^^^^^^^^^^^
    ...<7 lines>...
    )
    ^
  File "C:\Users\Usuario\AppData\Local\Programs\Python\Python314\Lib\site-packages\telegram\request\_baserequest.py", line 375, in _request_wrapper
    raise exception
telegram.error.Conflict: Conflict: terminated by other getUpdates request; make sure that only one bot instance is running
2026-08-21 16:39:47,773 INFO HTTP Request: POST https://api.telegram.org/bot8853478714:AAGC7W_ilTDh48WegRYq5OPfHZpb2I3r018/getUpdates "HTTP/1.1 200 OK"
2026-08-21 16:39:57,918 INFO HTTP Request: POST https://api.telegram.org/bot8853478714:AAGC7W_ilTDh48WegRYq5OPfHZpb2I3r018/getUpdates "HTTP/1.1 200 OK"
2026-08-21 16:40:04,025 INFO HTTP Request: POST https://api.telegram.org/bot8853478714:AAGC7W_ilTDh48WegRYq5OPfHZpb2I3r018/getUpdates "HTTP/1.1 409 Conflict"
2026-08-21 16:40:04,027 ERROR Error no controlado en Telegram
Traceback (most recent call last):
  File "C:\Users\Usuario\AppData\Local\Programs\Python\Python314\Lib\site-packages\telegram\ext\_utils\networkloop.py", line 161, in network_retry_loop
    await do_action()
  File "C:\Users\Usuario\AppData\Local\Programs\Python\Python314\Lib\site-packages\telegram\ext\_utils\networkloop.py", line 154, in do_action
    action_cb_task.result()
    ~~~~~~~~~~~~~~~~~~~~~^^
  File "C:\Users\Usuario\AppData\Local\Programs\Python\Python314\Lib\site-packages\telegram\ext\_updater.py", line 340, in polling_action_cb
    updates = await self.bot.get_updates(
              ^^^^^^^^^^^^^^^^^^^^^^^^^^^
    ...<3 lines>...
    )
    ^
  File "C:\Users\Usuario\AppData\Local\Programs\Python\Python314\Lib\site-packages\telegram\ext\_extbot.py", line 680, in get_updates
    updates = await super().get_updates(
              ^^^^^^^^^^^^^^^^^^^^^^^^^^
    ...<9 lines>...
    )
    ^
  File "C:\Users\Usuario\AppData\Local\Programs\Python\Python314\Lib\site-packages\telegram\_bot.py", line 4767, in get_updates
    await self._post(
    ^^^^^^^^^^^^^^^^^
    ...<7 lines>...
    ),
    ^
  File "C:\Users\Usuario\AppData\Local\Programs\Python\Python314\Lib\site-packages\telegram\_bot.py", line 712, in _post
    return await self._do_post(
           ^^^^^^^^^^^^^^^^^^^^
    ...<6 lines>...
    )
    ^
  File "C:\Users\Usuario\AppData\Local\Programs\Python\Python314\Lib\site-packages\telegram\ext\_extbot.py", line 378, in _do_post
    return await super()._do_post(
           ^^^^^^^^^^^^^^^^^^^^^^^
    ...<6 lines>...
    )
    ^
  File "C:\Users\Usuario\AppData\Local\Programs\Python\Python314\Lib\site-packages\telegram\_bot.py", line 741, in _do_post
    result = await request.post(
             ^^^^^^^^^^^^^^^^^^^
    ...<6 lines>...
    )
    ^
  File "C:\Users\Usuario\AppData\Local\Programs\Python\Python314\Lib\site-packages\telegram\request\_baserequest.py", line 198, in post
    result = await self._request_wrapper(
             ^^^^^^^^^^^^^^^^^^^^^^^^^^^^
    ...<7 lines>...
    )
    ^
  File "C:\Users\Usuario\AppData\Local\Programs\Python\Python314\Lib\site-packages\telegram\request\_baserequest.py", line 375, in _request_wrapper
    raise exception
telegram.error.Conflict: Conflict: terminated by other getUpdates request; make sure that only one bot instance is running
2026-08-21 16:40:15,180 INFO HTTP Request: POST https://api.telegram.org/bot8853478714:AAGC7W_ilTDh48WegRYq5OPfHZpb2I3r018/getUpdates "HTTP/1.1 200 OK"
2026-08-21 16:40:25,317 INFO HTTP Request: POST https://api.telegram.org/bot8853478714:AAGC7W_ilTDh48WegRYq5OPfHZpb2I3r018/getUpdates "HTTP/1.1 200 OK"
2026-08-21 16:40:35,455 INFO HTTP Request: POST https://api.telegram.org/bot8853478714:AAGC7W_ilTDh48WegRYq5OPfHZpb2I3r018/getUpdates "HTTP/1.1 200 OK"
2026-08-21 16:40:38,788 INFO HTTP Request: POST https://api.telegram.org/bot8853478714:AAGC7W_ilTDh48WegRYq5OPfHZpb2I3r018/getUpdates "HTTP/1.1 409 Conflict"
2026-08-21 16:40:38,790 ERROR Error no controlado en Telegram
Traceback (most recent call last):
  File "C:\Users\Usuario\AppData\Local\Programs\Python\Python314\Lib\site-packages\telegram\ext\_utils\networkloop.py", line 161, in network_retry_loop
    await do_action()
  File "C:\Users\Usuario\AppData\Local\Programs\Python\Python314\Lib\site-packages\telegram\ext\_utils\networkloop.py", line 154, in do_action
    action_cb_task.result()
    ~~~~~~~~~~~~~~~~~~~~~^^
  File "C:\Users\Usuario\AppData\Local\Programs\Python\Python314\Lib\site-packages\telegram\ext\_updater.py", line 340, in polling_action_cb
    updates = await self.bot.get_updates(
              ^^^^^^^^^^^^^^^^^^^^^^^^^^^
    ...<3 lines>...
    )
    ^
  File "C:\Users\Usuario\AppData\Local\Programs\Python\Python314\Lib\site-packages\telegram\ext\_extbot.py", line 680, in get_updates
    updates = await super().get_updates(
              ^^^^^^^^^^^^^^^^^^^^^^^^^^
    ...<9 lines>...
    )
    ^
  File "C:\Users\Usuario\AppData\Local\Programs\Python\Python314\Lib\site-packages\telegram\_bot.py", line 4767, in get_updates
    await self._post(
    ^^^^^^^^^^^^^^^^^
    ...<7 lines>...
    ),
    ^
  File "C:\Users\Usuario\AppData\Local\Programs\Python\Python314\Lib\site-packages\telegram\_bot.py", line 712, in _post
    return await self._do_post(
           ^^^^^^^^^^^^^^^^^^^^
    ...<6 lines>...
    )
    ^
  File "C:\Users\Usuario\AppData\Local\Programs\Python\Python314\Lib\site-packages\telegram\ext\_extbot.py", line 378, in _do_post
    return await super()._do_post(
           ^^^^^^^^^^^^^^^^^^^^^^^
    ...<6 lines>...
    )
    ^
  File "C:\Users\Usuario\AppData\Local\Programs\Python\Python314\Lib\site-packages\telegram\_bot.py", line 741, in _do_post
    result = await request.post(
             ^^^^^^^^^^^^^^^^^^^
    ...<6 lines>...
    )
    ^
  File "C:\Users\Usuario\AppData\Local\Programs\Python\Python314\Lib\site-packages\telegram\request\_baserequest.py", line 198, in post
    result = await self._request_wrapper(
             ^^^^^^^^^^^^^^^^^^^^^^^^^^^^
    ...<7 lines>...
    )
    ^
  File "C:\Users\Usuario\AppData\Local\Programs\Python\Python314\Lib\site-packages\telegram\request\_baserequest.py", line 375, in _request_wrapper
    raise exception
telegram.error.Conflict: Conflict: terminated by other getUpdates request; make sure that only one bot instance is running
2026-08-21 16:40:49,934 INFO HTTP Request: POST https://api.telegram.org/bot8853478714:AAGC7W_ilTDh48WegRYq5OPfHZpb2I3r018/getUpdates "HTTP/1.1 200 OK"
2026-08-21 16:41:00,075 INFO HTTP Request: POST https://api.telegram.org/bot8853478714:AAGC7W_ilTDh48WegRYq5OPfHZpb2I3r018/getUpdates "HTTP/1.1 200 OK"
2026-08-21 16:41:10,214 INFO HTTP Request: POST https://api.telegram.org/bot8853478714:AAGC7W_ilTDh48WegRYq5OPfHZpb2I3r018/getUpdates "HTTP/1.1 200 OK"
2026-08-21 16:41:13,420 INFO HTTP Request: POST https://api.telegram.org/bot8853478714:AAGC7W_ilTDh48WegRYq5OPfHZpb2I3r018/getUpdates "HTTP/1.1 409 Conflict"
2026-08-21 16:41:13,422 ERROR Error no controlado en Telegram
Traceback (most recent call last):
  File "C:\Users\Usuario\AppData\Local\Programs\Python\Python314\Lib\site-packages\telegram\ext\_utils\networkloop.py", line 161, in network_retry_loop
    await do_action()
  File "C:\Users\Usuario\AppData\Local\Programs\Python\Python314\Lib\site-packages\telegram\ext\_utils\networkloop.py", line 154, in do_action
    action_cb_task.result()
    ~~~~~~~~~~~~~~~~~~~~~^^
  File "C:\Users\Usuario\AppData\Local\Programs\Python\Python314\Lib\site-packages\telegram\ext\_updater.py", line 340, in polling_action_cb
    updates = await self.bot.get_updates(
              ^^^^^^^^^^^^^^^^^^^^^^^^^^^
    ...<3 lines>...
    )
    ^
  File "C:\Users\Usuario\AppData\Local\Programs\Python\Python314\Lib\site-packages\telegram\ext\_extbot.py", line 680, in get_updates
    updates = await super().get_updates(
              ^^^^^^^^^^^^^^^^^^^^^^^^^^
    ...<9 lines>...
    )
    ^
  File "C:\Users\Usuario\AppData\Local\Programs\Python\Python314\Lib\site-packages\telegram\_bot.py", line 4767, in get_updates
    await self._post(
    ^^^^^^^^^^^^^^^^^
    ...<7 lines>...
    ),
    ^
  File "C:\Users\Usuario\AppData\Local\Programs\Python\Python314\Lib\site-packages\telegram\_bot.py", line 712, in _post
    return await self._do_post(
           ^^^^^^^^^^^^^^^^^^^^
    ...<6 lines>...
    )
    ^
  File "C:\Users\Usuario\AppData\Local\Programs\Python\Python314\Lib\site-packages\telegram\ext\_extbot.py", line 378, in _do_post
    return await super()._do_post(
           ^^^^^^^^^^^^^^^^^^^^^^^
    ...<6 lines>...
    )
    ^
  File "C:\Users\Usuario\AppData\Local\Programs\Python\Python314\Lib\site-packages\telegram\_bot.py", line 741, in _do_post
    result = await request.post(
             ^^^^^^^^^^^^^^^^^^^
    ...<6 lines>...
    )
    ^
  File "C:\Users\Usuario\AppData\Local\Programs\Python\Python314\Lib\site-packages\telegram\request\_baserequest.py", line 198, in post
    result = await self._request_wrapper(
             ^^^^^^^^^^^^^^^^^^^^^^^^^^^^
    ...<7 lines>...
    )
    ^
  File "C:\Users\Usuario\AppData\Local\Programs\Python\Python314\Lib\site-packages\telegram\request\_baserequest.py", line 375, in _request_wrapper
    raise exception
telegram.error.Conflict: Conflict: terminated by other getUpdates request; make sure that only one bot instance is running
2026-08-21 16:41:24,566 INFO HTTP Request: POST https://api.telegram.org/bot8853478714:AAGC7W_ilTDh48WegRYq5OPfHZpb2I3r018/getUpdates "HTTP/1.1 200 OK"
2026-08-21 16:41:34,716 INFO HTTP Request: POST https://api.telegram.org/bot8853478714:AAGC7W_ilTDh48WegRYq5OPfHZpb2I3r018/getUpdates "HTTP/1.1 200 OK"
2026-08-21 16:41:44,854 INFO HTTP Request: POST https://api.telegram.org/bot8853478714:AAGC7W_ilTDh48WegRYq5OPfHZpb2I3r018/getUpdates "HTTP/1.1 200 OK"
2026-08-21 16:41:48,057 INFO HTTP Request: POST https://api.telegram.org/bot8853478714:AAGC7W_ilTDh48WegRYq5OPfHZpb2I3r018/getUpdates "HTTP/1.1 409 Conflict"
2026-08-21 16:41:48,059 ERROR Error no controlado en Telegram
Traceback (most recent call last):
  File "C:\Users\Usuario\AppData\Local\Programs\Python\Python314\Lib\site-packages\telegram\ext\_utils\networkloop.py", line 161, in network_retry_loop
    await do_action()
  File "C:\Users\Usuario\AppData\Local\Programs\Python\Python314\Lib\site-packages\telegram\ext\_utils\networkloop.py", line 154, in do_action
    action_cb_task.result()
    ~~~~~~~~~~~~~~~~~~~~~^^
  File "C:\Users\Usuario\AppData\Local\Programs\Python\Python314\Lib\site-packages\telegram\ext\_updater.py", line 340, in polling_action_cb
    updates = await self.bot.get_updates(
              ^^^^^^^^^^^^^^^^^^^^^^^^^^^
    ...<3 lines>...
    )
    ^
  File "C:\Users\Usuario\AppData\Local\Programs\Python\Python314\Lib\site-packages\telegram\ext\_extbot.py", line 680, in get_updates
    updates = await super().get_updates(
              ^^^^^^^^^^^^^^^^^^^^^^^^^^
    ...<9 lines>...
    )
    ^
  File "C:\Users\Usuario\AppData\Local\Programs\Python\Python314\Lib\site-packages\telegram\_bot.py", line 4767, in get_updates
    await self._post(
    ^^^^^^^^^^^^^^^^^
    ...<7 lines>...
    ),
    ^
  File "C:\Users\Usuario\AppData\Local\Programs\Python\Python314\Lib\site-packages\telegram\_bot.py", line 712, in _post
    return await self._do_post(
           ^^^^^^^^^^^^^^^^^^^^
    ...<6 lines>...
    )
    ^
  File "C:\Users\Usuario\AppData\Local\Programs\Python\Python314\Lib\site-packages\telegram\ext\_extbot.py", line 378, in _do_post
    return await super()._do_post(
           ^^^^^^^^^^^^^^^^^^^^^^^
    ...<6 lines>...
    )
    ^
  File "C:\Users\Usuario\AppData\Local\Programs\Python\Python314\Lib\site-packages\telegram\_bot.py", line 741, in _do_post
    result = await request.post(
             ^^^^^^^^^^^^^^^^^^^
    ...<6 lines>...
    )
    ^
  File "C:\Users\Usuario\AppData\Local\Programs\Python\Python314\Lib\site-packages\telegram\request\_baserequest.py", line 198, in post
    result = await self._request_wrapper(
             ^^^^^^^^^^^^^^^^^^^^^^^^^^^^
    ...<7 lines>...
    )
    ^
  File "C:\Users\Usuario\AppData\Local\Programs\Python\Python314\Lib\site-packages\telegram\request\_baserequest.py", line 375, in _request_wrapper
    raise exception
telegram.error.Conflict: Conflict: terminated by other getUpdates request; make sure that only one bot instance is running
2026-08-21 16:41:59,220 INFO HTTP Request: POST https://api.telegram.org/bot8853478714:AAGC7W_ilTDh48WegRYq5OPfHZpb2I3r018/getUpdates "HTTP/1.1 200 OK"
2026-08-21 16:42:09,357 INFO HTTP Request: POST https://api.telegram.org/bot8853478714:AAGC7W_ilTDh48WegRYq5OPfHZpb2I3r018/getUpdates "HTTP/1.1 200 OK"
2026-08-21 16:42:19,495 INFO HTTP Request: POST https://api.telegram.org/bot8853478714:AAGC7W_ilTDh48WegRYq5OPfHZpb2I3r018/getUpdates "HTTP/1.1 200 OK"
2026-08-21 16:42:22,683 INFO HTTP Request: POST https://api.telegram.org/bot8853478714:AAGC7W_ilTDh48WegRYq5OPfHZpb2I3r018/getUpdates "HTTP/1.1 409 Conflict"
2026-08-21 16:42:22,684 ERROR Error no controlado en Telegram
Traceback (most recent call last):
  File "C:\Users\Usuario\AppData\Local\Programs\Python\Python314\Lib\site-packages\telegram\ext\_utils\networkloop.py", line 161, in network_retry_loop
    await do_action()
  File "C:\Users\Usuario\AppData\Local\Programs\Python\Python314\Lib\site-packages\telegram\ext\_utils\networkloop.py", line 154, in do_action
    action_cb_task.result()
    ~~~~~~~~~~~~~~~~~~~~~^^
  File "C:\Users\Usuario\AppData\Local\Programs\Python\Python314\Lib\site-packages\telegram\ext\_updater.py", line 340, in polling_action_cb
    updates = await self.bot.get_updates(
              ^^^^^^^^^^^^^^^^^^^^^^^^^^^
    ...<3 lines>...
    )
    ^
  File "C:\Users\Usuario\AppData\Local\Programs\Python\Python314\Lib\site-packages\telegram\ext\_extbot.py", line 680, in get_updates
    updates = await super().get_updates(
              ^^^^^^^^^^^^^^^^^^^^^^^^^^
    ...<9 lines>...
    )
    ^
  File "C:\Users\Usuario\AppData\Local\Programs\Python\Python314\Lib\site-packages\telegram\_bot.py", line 4767, in get_updates
    await self._post(
    ^^^^^^^^^^^^^^^^^
    ...<7 lines>...
    ),
    ^
  File "C:\Users\Usuario\AppData\Local\Programs\Python\Python314\Lib\site-packages\telegram\_bot.py", line 712, in _post
    return await self._do_post(
           ^^^^^^^^^^^^^^^^^^^^
    ...<6 lines>...
    )
    ^
  File "C:\Users\Usuario\AppData\Local\Programs\Python\Python314\Lib\site-packages\telegram\ext\_extbot.py", line 378, in _do_post
    return await super()._do_post(
           ^^^^^^^^^^^^^^^^^^^^^^^
    ...<6 lines>...
    )
    ^
  File "C:\Users\Usuario\AppData\Local\Programs\Python\Python314\Lib\site-packages\telegram\_bot.py", line 741, in _do_post
    result = await request.post(
             ^^^^^^^^^^^^^^^^^^^
    ...<6 lines>...
    )
    ^
  File "C:\Users\Usuario\AppData\Local\Programs\Python\Python314\Lib\site-packages\telegram\request\_baserequest.py", line 198, in post
    result = await self._request_wrapper(
             ^^^^^^^^^^^^^^^^^^^^^^^^^^^^
    ...<7 lines>...
    )
    ^
  File "C:\Users\Usuario\AppData\Local\Programs\Python\Python314\Lib\site-packages\telegram\request\_baserequest.py", line 375, in _request_wrapper
    raise exception
telegram.error.Conflict: Conflict: terminated by other getUpdates request; make sure that only one bot instance is running
2026-08-21 16:42:33,819 INFO HTTP Request: POST https://api.telegram.org/bot8853478714:AAGC7W_ilTDh48WegRYq5OPfHZpb2I3r018/getUpdates "HTTP/1.1 200 OK"
2026-08-21 16:42:43,958 INFO HTTP Request: POST https://api.telegram.org/bot8853478714:AAGC7W_ilTDh48WegRYq5OPfHZpb2I3r018/getUpdates "HTTP/1.1 200 OK"
2026-08-21 16:42:54,095 INFO HTTP Request: POST https://api.telegram.org/bot8853478714:AAGC7W_ilTDh48WegRYq5OPfHZpb2I3r018/getUpdates "HTTP/1.1 200 OK"
2026-08-21 16:42:57,304 INFO HTTP Request: POST https://api.telegram.org/bot8853478714:AAGC7W_ilTDh48WegRYq5OPfHZpb2I3r018/getUpdates "HTTP/1.1 409 Conflict"
2026-08-21 16:42:57,305 ERROR Error no controlado en Telegram
Traceback (most recent call last):
  File "C:\Users\Usuario\AppData\Local\Programs\Python\Python314\Lib\site-packages\telegram\ext\_utils\networkloop.py", line 161, in network_retry_loop
    await do_action()
  File "C:\Users\Usuario\AppData\Local\Programs\Python\Python314\Lib\site-packages\telegram\ext\_utils\networkloop.py", line 154, in do_action
    action_cb_task.result()
    ~~~~~~~~~~~~~~~~~~~~~^^
  File "C:\Users\Usuario\AppData\Local\Programs\Python\Python314\Lib\site-packages\telegram\ext\_updater.py", line 340, in polling_action_cb
    updates = await self.bot.get_updates(
              ^^^^^^^^^^^^^^^^^^^^^^^^^^^
    ...<3 lines>...
    )
    ^
  File "C:\Users\Usuario\AppData\Local\Programs\Python\Python314\Lib\site-packages\telegram\ext\_extbot.py", line 680, in get_updates
    updates = await super().get_updates(
              ^^^^^^^^^^^^^^^^^^^^^^^^^^
    ...<9 lines>...
    )
    ^
  File "C:\Users\Usuario\AppData\Local\Programs\Python\Python314\Lib\site-packages\telegram\_bot.py", line 4767, in get_updates
    await self._post(
    ^^^^^^^^^^^^^^^^^
    ...<7 lines>...
    ),
    ^
  File "C:\Users\Usuario\AppData\Local\Programs\Python\Python314\Lib\site-packages\telegram\_bot.py", line 712, in _post
    return await self._do_post(
           ^^^^^^^^^^^^^^^^^^^^
    ...<6 lines>...
    )
    ^
  File "C:\Users\Usuario\AppData\Local\Programs\Python\Python314\Lib\site-packages\telegram\ext\_extbot.py", line 378, in _do_post
    return await super()._do_post(
           ^^^^^^^^^^^^^^^^^^^^^^^
    ...<6 lines>...
    )
    ^
  File "C:\Users\Usuario\AppData\Local\Programs\Python\Python314\Lib\site-packages\telegram\_bot.py", line 741, in _do_post
    result = await request.post(
             ^^^^^^^^^^^^^^^^^^^
    ...<6 lines>...
    )
    ^
  File "C:\Users\Usuario\AppData\Local\Programs\Python\Python314\Lib\site-packages\telegram\request\_baserequest.py", line 198, in post
    result = await self._request_wrapper(
             ^^^^^^^^^^^^^^^^^^^^^^^^^^^^
    ...<7 lines>...
    )
    ^
  File "C:\Users\Usuario\AppData\Local\Programs\Python\Python314\Lib\site-packages\telegram\request\_baserequest.py", line 375, in _request_wrapper
    raise exception
telegram.error.Conflict: Conflict: terminated by other getUpdates request; make sure that only one bot instance is running
2026-08-21 16:43:08,449 INFO HTTP Request: POST https://api.telegram.org/bot8853478714:AAGC7W_ilTDh48WegRYq5OPfHZpb2I3r018/getUpdates "HTTP/1.1 200 OK"
2026-08-21 16:43:18,590 INFO HTTP Request: POST https://api.telegram.org/bot8853478714:AAGC7W_ilTDh48WegRYq5OPfHZpb2I3r018/getUpdates "HTTP/1.1 200 OK"
2026-08-21 16:43:28,731 INFO HTTP Request: POST https://api.telegram.org/bot8853478714:AAGC7W_ilTDh48WegRYq5OPfHZpb2I3r018/getUpdates "HTTP/1.1 200 OK"
2026-08-21 16:43:31,924 INFO HTTP Request: POST https://api.telegram.org/bot8853478714:AAGC7W_ilTDh48WegRYq5OPfHZpb2I3r018/getUpdates "HTTP/1.1 409 Conflict"
2026-08-21 16:43:31,925 ERROR Error no controlado en Telegram
Traceback (most recent call last):
  File "C:\Users\Usuario\AppData\Local\Programs\Python\Python314\Lib\site-packages\telegram\ext\_utils\networkloop.py", line 161, in network_retry_loop
    await do_action()
  File "C:\Users\Usuario\AppData\Local\Programs\Python\Python314\Lib\site-packages\telegram\ext\_utils\networkloop.py", line 154, in do_action
    action_cb_task.result()
    ~~~~~~~~~~~~~~~~~~~~~^^
  File "C:\Users\Usuario\AppData\Local\Programs\Python\Python314\Lib\site-packages\telegram\ext\_updater.py", line 340, in polling_action_cb
    updates = await self.bot.get_updates(
              ^^^^^^^^^^^^^^^^^^^^^^^^^^^
    ...<3 lines>...
    )
    ^
  File "C:\Users\Usuario\AppData\Local\Programs\Python\Python314\Lib\site-packages\telegram\ext\_extbot.py", line 680, in get_updates
    updates = await super().get_updates(
              ^^^^^^^^^^^^^^^^^^^^^^^^^^
    ...<9 lines>...
    )
    ^
  File "C:\Users\Usuario\AppData\Local\Programs\Python\Python314\Lib\site-packages\telegram\_bot.py", line 4767, in get_updates
    await self._post(
    ^^^^^^^^^^^^^^^^^
    ...<7 lines>...
    ),
    ^
  File "C:\Users\Usuario\AppData\Local\Programs\Python\Python314\Lib\site-packages\telegram\_bot.py", line 712, in _post
    return await self._do_post(
           ^^^^^^^^^^^^^^^^^^^^
    ...<6 lines>...
    )
    ^
  File "C:\Users\Usuario\AppData\Local\Programs\Python\Python314\Lib\site-packages\telegram\ext\_extbot.py", line 378, in _do_post
    return await super()._do_post(
           ^^^^^^^^^^^^^^^^^^^^^^^
    ...<6 lines>...
    )
    ^
  File "C:\Users\Usuario\AppData\Local\Programs\Python\Python314\Lib\site-packages\telegram\_bot.py", line 741, in _do_post
    result = await request.post(
             ^^^^^^^^^^^^^^^^^^^
    ...<6 lines>...
    )
    ^
  File "C:\Users\Usuario\AppData\Local\Programs\Python\Python314\Lib\site-packages\telegram\request\_baserequest.py", line 198, in post
    result = await self._request_wrapper(
             ^^^^^^^^^^^^^^^^^^^^^^^^^^^^
    ...<7 lines>...
    )
    ^
  File "C:\Users\Usuario\AppData\Local\Programs\Python\Python314\Lib\site-packages\telegram\request\_baserequest.py", line 375, in _request_wrapper
    raise exception
telegram.error.Conflict: Conflict: terminated by other getUpdates request; make sure that only one bot instance is running
2026-08-21 16:43:43,077 INFO HTTP Request: POST https://api.telegram.org/bot8853478714:AAGC7W_ilTDh48WegRYq5OPfHZpb2I3r018/getUpdates "HTTP/1.1 200 OK"
2026-08-21 16:43:53,214 INFO HTTP Request: POST https://api.telegram.org/bot8853478714:AAGC7W_ilTDh48WegRYq5OPfHZpb2I3r018/getUpdates "HTTP/1.1 200 OK"
2026-08-21 16:44:03,353 INFO HTTP Request: POST https://api.telegram.org/bot8853478714:AAGC7W_ilTDh48WegRYq5OPfHZpb2I3r018/getUpdates "HTTP/1.1 200 OK"
2026-08-21 16:44:03,723 INFO HTTP Request: POST https://api.telegram.org/bot8853478714:AAGC7W_ilTDh48WegRYq5OPfHZpb2I3r018/getUpdates "HTTP/1.1 409 Conflict"
2026-08-21 16:44:03,725 ERROR Error no controlado en Telegram
Traceback (most recent call last):
  File "C:\Users\Usuario\AppData\Local\Programs\Python\Python314\Lib\site-packages\telegram\ext\_utils\networkloop.py", line 161, in network_retry_loop
    await do_action()
  File "C:\Users\Usuario\AppData\Local\Programs\Python\Python314\Lib\site-packages\telegram\ext\_utils\networkloop.py", line 154, in do_action
    action_cb_task.result()
    ~~~~~~~~~~~~~~~~~~~~~^^
  File "C:\Users\Usuario\AppData\Local\Programs\Python\Python314\Lib\site-packages\telegram\ext\_updater.py", line 340, in polling_action_cb
    updates = await self.bot.get_updates(
              ^^^^^^^^^^^^^^^^^^^^^^^^^^^
    ...<3 lines>...
    )
    ^
  File "C:\Users\Usuario\AppData\Local\Programs\Python\Python314\Lib\site-packages\telegram\ext\_extbot.py", line 680, in get_updates
    updates = await super().get_updates(
              ^^^^^^^^^^^^^^^^^^^^^^^^^^
    ...<9 lines>...
    )
    ^
  File "C:\Users\Usuario\AppData\Local\Programs\Python\Python314\Lib\site-packages\telegram\_bot.py", line 4767, in get_updates
    await self._post(
    ^^^^^^^^^^^^^^^^^
    ...<7 lines>...
    ),
    ^
  File "C:\Users\Usuario\AppData\Local\Programs\Python\Python314\Lib\site-packages\telegram\_bot.py", line 712, in _post
    return await self._do_post(
           ^^^^^^^^^^^^^^^^^^^^
    ...<6 lines>...
    )
    ^
  File "C:\Users\Usuario\AppData\Local\Programs\Python\Python314\Lib\site-packages\telegram\ext\_extbot.py", line 378, in _do_post
    return await super()._do_post(
           ^^^^^^^^^^^^^^^^^^^^^^^
    ...<6 lines>...
    )
    ^
  File "C:\Users\Usuario\AppData\Local\Programs\Python\Python314\Lib\site-packages\telegram\_bot.py", line 741, in _do_post
    result = await request.post(
             ^^^^^^^^^^^^^^^^^^^
    ...<6 lines>...
    )
    ^
  File "C:\Users\Usuario\AppData\Local\Programs\Python\Python314\Lib\site-packages\telegram\request\_baserequest.py", line 198, in post
    result = await self._request_wrapper(
             ^^^^^^^^^^^^^^^^^^^^^^^^^^^^
    ...<7 lines>...
    )
    ^
  File "C:\Users\Usuario\AppData\Local\Programs\Python\Python314\Lib\site-packages\telegram\request\_baserequest.py", line 375, in _request_wrapper
    raise exception
telegram.error.Conflict: Conflict: terminated by other getUpdates request; make sure that only one bot instance is running
2026-08-21 16:44:09,574 INFO HTTP Request: POST https://api.telegram.org/bot8853478714:AAGC7W_ilTDh48WegRYq5OPfHZpb2I3r018/getUpdates "HTTP/1.1 409 Conflict"
2026-08-21 16:44:09,575 ERROR Error no controlado en Telegram
Traceback (most recent call last):
  File "C:\Users\Usuario\AppData\Local\Programs\Python\Python314\Lib\site-packages\telegram\ext\_utils\networkloop.py", line 161, in network_retry_loop
    await do_action()
  File "C:\Users\Usuario\AppData\Local\Programs\Python\Python314\Lib\site-packages\telegram\ext\_utils\networkloop.py", line 154, in do_action
    action_cb_task.result()
    ~~~~~~~~~~~~~~~~~~~~~^^
  File "C:\Users\Usuario\AppData\Local\Programs\Python\Python314\Lib\site-packages\telegram\ext\_updater.py", line 340, in polling_action_cb
    updates = await self.bot.get_updates(
              ^^^^^^^^^^^^^^^^^^^^^^^^^^^
    ...<3 lines>...
    )
    ^
  File "C:\Users\Usuario\AppData\Local\Programs\Python\Python314\Lib\site-packages\telegram\ext\_extbot.py", line 680, in get_updates
    updates = await super().get_updates(
              ^^^^^^^^^^^^^^^^^^^^^^^^^^
    ...<9 lines>...
    )
    ^
  File "C:\Users\Usuario\AppData\Local\Programs\Python\Python314\Lib\site-packages\telegram\_bot.py", line 4767, in get_updates
    await self._post(
    ^^^^^^^^^^^^^^^^^
    ...<7 lines>...
    ),
    ^
  File "C:\Users\Usuario\AppData\Local\Programs\Python\Python314\Lib\site-packages\telegram\_bot.py", line 712, in _post
    return await self._do_post(
           ^^^^^^^^^^^^^^^^^^^^
    ...<6 lines>...
    )
    ^
  File "C:\Users\Usuario\AppData\Local\Programs\Python\Python314\Lib\site-packages\telegram\ext\_extbot.py", line 378, in _do_post
    return await super()._do_post(
           ^^^^^^^^^^^^^^^^^^^^^^^
    ...<6 lines>...
    )
    ^
  File "C:\Users\Usuario\AppData\Local\Programs\Python\Python314\Lib\site-packages\telegram\_bot.py", line 741, in _do_post
    result = await request.post(
             ^^^^^^^^^^^^^^^^^^^
    ...<6 lines>...
    )
    ^
  File "C:\Users\Usuario\AppData\Local\Programs\Python\Python314\Lib\site-packages\telegram\request\_baserequest.py", line 198, in post
    result = await self._request_wrapper(
             ^^^^^^^^^^^^^^^^^^^^^^^^^^^^
    ...<7 lines>...
    )
    ^
  File "C:\Users\Usuario\AppData\Local\Programs\Python\Python314\Lib\site-packages\telegram\request\_baserequest.py", line 375, in _request_wrapper
    raise exception
telegram.error.Conflict: Conflict: terminated by other getUpdates request; make sure that only one bot instance is running
2026-08-21 16:44:15,760 INFO HTTP Request: POST https://api.telegram.org/bot8853478714:AAGC7W_ilTDh48WegRYq5OPfHZpb2I3r018/getUpdates "HTTP/1.1 409 Conflict"
2026-08-21 16:44:15,761 ERROR Error no controlado en Telegram
Traceback (most recent call last):
  File "C:\Users\Usuario\AppData\Local\Programs\Python\Python314\Lib\site-packages\telegram\ext\_utils\networkloop.py", line 161, in network_retry_loop
    await do_action()
  File "C:\Users\Usuario\AppData\Local\Programs\Python\Python314\Lib\site-packages\telegram\ext\_utils\networkloop.py", line 154, in do_action
    action_cb_task.result()
    ~~~~~~~~~~~~~~~~~~~~~^^
  File "C:\Users\Usuario\AppData\Local\Programs\Python\Python314\Lib\site-packages\telegram\ext\_updater.py", line 340, in polling_action_cb
    updates = await self.bot.get_updates(
              ^^^^^^^^^^^^^^^^^^^^^^^^^^^
    ...<3 lines>...
    )
    ^
  File "C:\Users\Usuario\AppData\Local\Programs\Python\Python314\Lib\site-packages\telegram\ext\_extbot.py", line 680, in get_updates
    updates = await super().get_updates(
              ^^^^^^^^^^^^^^^^^^^^^^^^^^
    ...<9 lines>...
    )
    ^
  File "C:\Users\Usuario\AppData\Local\Programs\Python\Python314\Lib\site-packages\telegram\_bot.py", line 4767, in get_updates
    await self._post(
    ^^^^^^^^^^^^^^^^^
    ...<7 lines>...
    ),
    ^
  File "C:\Users\Usuario\AppData\Local\Programs\Python\Python314\Lib\site-packages\telegram\_bot.py", line 712, in _post
    return await self._do_post(
           ^^^^^^^^^^^^^^^^^^^^
    ...<6 lines>...
    )
    ^
  File "C:\Users\Usuario\AppData\Local\Programs\Python\Python314\Lib\site-packages\telegram\ext\_extbot.py", line 378, in _do_post
    return await super()._do_post(
           ^^^^^^^^^^^^^^^^^^^^^^^
    ...<6 lines>...
    )
    ^
  File "C:\Users\Usuario\AppData\Local\Programs\Python\Python314\Lib\site-packages\telegram\_bot.py", line 741, in _do_post
    result = await request.post(
             ^^^^^^^^^^^^^^^^^^^
    ...<6 lines>...
    )
    ^
  File "C:\Users\Usuario\AppData\Local\Programs\Python\Python314\Lib\site-packages\telegram\request\_baserequest.py", line 198, in post
    result = await self._request_wrapper(
             ^^^^^^^^^^^^^^^^^^^^^^^^^^^^
    ...<7 lines>...
    )
    ^
  File "C:\Users\Usuario\AppData\Local\Programs\Python\Python314\Lib\site-packages\telegram\request\_baserequest.py", line 375, in _request_wrapper
    raise exception
telegram.error.Conflict: Conflict: terminated by other getUpdates request; make sure that only one bot instance is running
2026-08-21 16:44:23,409 INFO HTTP Request: POST https://api.telegram.org/bot8853478714:AAGC7W_ilTDh48WegRYq5OPfHZpb2I3r018/getUpdates "HTTP/1.1 409 Conflict"
2026-08-21 16:44:23,410 ERROR Error no controlado en Telegram
Traceback (most recent call last):
  File "C:\Users\Usuario\AppData\Local\Programs\Python\Python314\Lib\site-packages\telegram\ext\_utils\networkloop.py", line 161, in network_retry_loop
    await do_action()
  File "C:\Users\Usuario\AppData\Local\Programs\Python\Python314\Lib\site-packages\telegram\ext\_utils\networkloop.py", line 154, in do_action
    action_cb_task.result()
    ~~~~~~~~~~~~~~~~~~~~~^^
  File "C:\Users\Usuario\AppData\Local\Programs\Python\Python314\Lib\site-packages\telegram\ext\_updater.py", line 340, in polling_action_cb
    updates = await self.bot.get_updates(
              ^^^^^^^^^^^^^^^^^^^^^^^^^^^
    ...<3 lines>...
    )
    ^
  File "C:\Users\Usuario\AppData\Local\Programs\Python\Python314\Lib\site-packages\telegram\ext\_extbot.py", line 680, in get_updates
    updates = await super().get_updates(
              ^^^^^^^^^^^^^^^^^^^^^^^^^^
    ...<9 lines>...
    )
    ^
  File "C:\Users\Usuario\AppData\Local\Programs\Python\Python314\Lib\site-packages\telegram\_bot.py", line 4767, in get_updates
    await self._post(
    ^^^^^^^^^^^^^^^^^
    ...<7 lines>...
    ),
    ^
  File "C:\Users\Usuario\AppData\Local\Programs\Python\Python314\Lib\site-packages\telegram\_bot.py", line 712, in _post
    return await self._do_post(
           ^^^^^^^^^^^^^^^^^^^^
    ...<6 lines>...
    )
    ^
  File "C:\Users\Usuario\AppData\Local\Programs\Python\Python314\Lib\site-packages\telegram\ext\_extbot.py", line 378, in _do_post
    return await super()._do_post(
           ^^^^^^^^^^^^^^^^^^^^^^^
    ...<6 lines>...
    )
    ^
  File "C:\Users\Usuario\AppData\Local\Programs\Python\Python314\Lib\site-packages\telegram\_bot.py", line 741, in _do_post
    result = await request.post(
             ^^^^^^^^^^^^^^^^^^^
    ...<6 lines>...
    )
    ^
  File "C:\Users\Usuario\AppData\Local\Programs\Python\Python314\Lib\site-packages\telegram\request\_baserequest.py", line 198, in post
    result = await self._request_wrapper(
             ^^^^^^^^^^^^^^^^^^^^^^^^^^^^
    ...<7 lines>...
    )
    ^
  File "C:\Users\Usuario\AppData\Local\Programs\Python\Python314\Lib\site-packages\telegram\request\_baserequest.py", line 375, in _request_wrapper
    raise exception
telegram.error.Conflict: Conflict: terminated by other getUpdates request; make sure that only one bot instance is running
2026-08-21 16:44:30,324 INFO HTTP Request: POST https://api.telegram.org/bot8853478714:AAGC7W_ilTDh48WegRYq5OPfHZpb2I3r018/getUpdates "HTTP/1.1 409 Conflict"
2026-08-21 16:44:30,326 ERROR Error no controlado en Telegram
Traceback (most recent call last):
  File "C:\Users\Usuario\AppData\Local\Programs\Python\Python314\Lib\site-packages\telegram\ext\_utils\networkloop.py", line 161, in network_retry_loop
    await do_action()
  File "C:\Users\Usuario\AppData\Local\Programs\Python\Python314\Lib\site-packages\telegram\ext\_utils\networkloop.py", line 154, in do_action
    action_cb_task.result()
    ~~~~~~~~~~~~~~~~~~~~~^^
  File "C:\Users\Usuario\AppData\Local\Programs\Python\Python314\Lib\site-packages\telegram\ext\_updater.py", line 340, in polling_action_cb
    updates = await self.bot.get_updates(
              ^^^^^^^^^^^^^^^^^^^^^^^^^^^
    ...<3 lines>...
    )
    ^
  File "C:\Users\Usuario\AppData\Local\Programs\Python\Python314\Lib\site-packages\telegram\ext\_extbot.py", line 680, in get_updates
    updates = await super().get_updates(
              ^^^^^^^^^^^^^^^^^^^^^^^^^^
    ...<9 lines>...
    )
    ^
  File "C:\Users\Usuario\AppData\Local\Programs\Python\Python314\Lib\site-packages\telegram\_bot.py", line 4767, in get_updates
    await self._post(
    ^^^^^^^^^^^^^^^^^
    ...<7 lines>...
    ),
    ^
  File "C:\Users\Usuario\AppData\Local\Programs\Python\Python314\Lib\site-packages\telegram\_bot.py", line 712, in _post
    return await self._do_post(
           ^^^^^^^^^^^^^^^^^^^^
    ...<6 lines>...
    )
    ^
  File "C:\Users\Usuario\AppData\Local\Programs\Python\Python314\Lib\site-packages\telegram\ext\_extbot.py", line 378, in _do_post
    return await super()._do_post(
           ^^^^^^^^^^^^^^^^^^^^^^^
    ...<6 lines>...
    )
    ^
  File "C:\Users\Usuario\AppData\Local\Programs\Python\Python314\Lib\site-packages\telegram\_bot.py", line 741, in _do_post
    result = await request.post(
             ^^^^^^^^^^^^^^^^^^^
    ...<6 lines>...
    )
    ^
  File "C:\Users\Usuario\AppData\Local\Programs\Python\Python314\Lib\site-packages\telegram\request\_baserequest.py", line 198, in post
    result = await self._request_wrapper(
             ^^^^^^^^^^^^^^^^^^^^^^^^^^^^
    ...<7 lines>...
    )
    ^
  File "C:\Users\Usuario\AppData\Local\Programs\Python\Python314\Lib\site-packages\telegram\request\_baserequest.py", line 375, in _request_wrapper
    raise exception
telegram.error.Conflict: Conflict: terminated by other getUpdates request; make sure that only one bot instance is running
2026-08-21 16:44:40,886 INFO HTTP Request: POST https://api.telegram.org/bot8853478714:AAGC7W_ilTDh48WegRYq5OPfHZpb2I3r018/getUpdates "HTTP/1.1 409 Conflict"
2026-08-21 16:44:40,887 ERROR Error no controlado en Telegram
Traceback (most recent call last):
  File "C:\Users\Usuario\AppData\Local\Programs\Python\Python314\Lib\site-packages\telegram\ext\_utils\networkloop.py", line 161, in network_retry_loop
    await do_action()
  File "C:\Users\Usuario\AppData\Local\Programs\Python\Python314\Lib\site-packages\telegram\ext\_utils\networkloop.py", line 154, in do_action
    action_cb_task.result()
    ~~~~~~~~~~~~~~~~~~~~~^^
  File "C:\Users\Usuario\AppData\Local\Programs\Python\Python314\Lib\site-packages\telegram\ext\_updater.py", line 340, in polling_action_cb
    updates = await self.bot.get_updates(
              ^^^^^^^^^^^^^^^^^^^^^^^^^^^
    ...<3 lines>...
    )
    ^
  File "C:\Users\Usuario\AppData\Local\Programs\Python\Python314\Lib\site-packages\telegram\ext\_extbot.py", line 680, in get_updates
    updates = await super().get_updates(
              ^^^^^^^^^^^^^^^^^^^^^^^^^^
    ...<9 lines>...
    )
    ^
  File "C:\Users\Usuario\AppData\Local\Programs\Python\Python314\Lib\site-packages\telegram\_bot.py", line 4767, in get_updates
    await self._post(
    ^^^^^^^^^^^^^^^^^
    ...<7 lines>...
    ),
    ^
  File "C:\Users\Usuario\AppData\Local\Programs\Python\Python314\Lib\site-packages\telegram\_bot.py", line 712, in _post
    return await self._do_post(
           ^^^^^^^^^^^^^^^^^^^^
    ...<6 lines>...
    )
    ^
  File "C:\Users\Usuario\AppData\Local\Programs\Python\Python314\Lib\site-packages\telegram\ext\_extbot.py", line 378, in _do_post
    return await super()._do_post(
           ^^^^^^^^^^^^^^^^^^^^^^^
    ...<6 lines>...
    )
    ^
  File "C:\Users\Usuario\AppData\Local\Programs\Python\Python314\Lib\site-packages\telegram\_bot.py", line 741, in _do_post
    result = await request.post(
             ^^^^^^^^^^^^^^^^^^^
    ...<6 lines>...
    )
    ^
  File "C:\Users\Usuario\AppData\Local\Programs\Python\Python314\Lib\site-packages\telegram\request\_baserequest.py", line 198, in post
    result = await self._request_wrapper(
             ^^^^^^^^^^^^^^^^^^^^^^^^^^^^
    ...<7 lines>...
    )
    ^
  File "C:\Users\Usuario\AppData\Local\Programs\Python\Python314\Lib\site-packages\telegram\request\_baserequest.py", line 375, in _request_wrapper
    raise exception
telegram.error.Conflict: Conflict: terminated by other getUpdates request; make sure that only one bot instance is running
2026-08-21 16:44:56,540 INFO HTTP Request: POST https://api.telegram.org/bot8853478714:AAGC7W_ilTDh48WegRYq5OPfHZpb2I3r018/getUpdates "HTTP/1.1 409 Conflict"
2026-08-21 16:44:56,542 ERROR Error no controlado en Telegram
Traceback (most recent call last):
  File "C:\Users\Usuario\AppData\Local\Programs\Python\Python314\Lib\site-packages\telegram\ext\_utils\networkloop.py", line 161, in network_retry_loop
    await do_action()
  File "C:\Users\Usuario\AppData\Local\Programs\Python\Python314\Lib\site-packages\telegram\ext\_utils\networkloop.py", line 154, in do_action
    action_cb_task.result()
    ~~~~~~~~~~~~~~~~~~~~~^^
  File "C:\Users\Usuario\AppData\Local\Programs\Python\Python314\Lib\site-packages\telegram\ext\_updater.py", line 340, in polling_action_cb
    updates = await self.bot.get_updates(
              ^^^^^^^^^^^^^^^^^^^^^^^^^^^
    ...<3 lines>...
    )
    ^
  File "C:\Users\Usuario\AppData\Local\Programs\Python\Python314\Lib\site-packages\telegram\ext\_extbot.py", line 680, in get_updates
    updates = await super().get_updates(
              ^^^^^^^^^^^^^^^^^^^^^^^^^^
    ...<9 lines>...
    )
    ^
  File "C:\Users\Usuario\AppData\Local\Programs\Python\Python314\Lib\site-packages\telegram\_bot.py", line 4767, in get_updates
    await self._post(
    ^^^^^^^^^^^^^^^^^
    ...<7 lines>...
    ),
    ^
  File "C:\Users\Usuario\AppData\Local\Programs\Python\Python314\Lib\site-packages\telegram\_bot.py", line 712, in _post
    return await self._do_post(
           ^^^^^^^^^^^^^^^^^^^^
    ...<6 lines>...
    )
    ^
  File "C:\Users\Usuario\AppData\Local\Programs\Python\Python314\Lib\site-packages\telegram\ext\_extbot.py", line 378, in _do_post
    return await super()._do_post(
           ^^^^^^^^^^^^^^^^^^^^^^^
    ...<6 lines>...
    )
    ^
  File "C:\Users\Usuario\AppData\Local\Programs\Python\Python314\Lib\site-packages\telegram\_bot.py", line 741, in _do_post
    result = await request.post(
             ^^^^^^^^^^^^^^^^^^^
    ...<6 lines>...
    )
    ^
  File "C:\Users\Usuario\AppData\Local\Programs\Python\Python314\Lib\site-packages\telegram\request\_baserequest.py", line 198, in post
    result = await self._request_wrapper(
             ^^^^^^^^^^^^^^^^^^^^^^^^^^^^
    ...<7 lines>...
    )
    ^
  File "C:\Users\Usuario\AppData\Local\Programs\Python\Python314\Lib\site-packages\telegram\request\_baserequest.py", line 375, in _request_wrapper
    raise exception
telegram.error.Conflict: Conflict: terminated by other getUpdates request; make sure that only one bot instance is running
2026-08-21 16:45:12,382 INFO HTTP Request: POST https://api.telegram.org/bot8853478714:AAGC7W_ilTDh48WegRYq5OPfHZpb2I3r018/getUpdates "HTTP/1.1 409 Conflict"
2026-08-21 16:45:12,383 ERROR Error no controlado en Telegram
Traceback (most recent call last):
  File "C:\Users\Usuario\AppData\Local\Programs\Python\Python314\Lib\site-packages\telegram\ext\_utils\networkloop.py", line 161, in network_retry_loop
    await do_action()
  File "C:\Users\Usuario\AppData\Local\Programs\Python\Python314\Lib\site-packages\telegram\ext\_utils\networkloop.py", line 154, in do_action
    action_cb_task.result()
    ~~~~~~~~~~~~~~~~~~~~~^^
  File "C:\Users\Usuario\AppData\Local\Programs\Python\Python314\Lib\site-packages\telegram\ext\_updater.py", line 340, in polling_action_cb
    updates = await self.bot.get_updates(
              ^^^^^^^^^^^^^^^^^^^^^^^^^^^
    ...<3 lines>...
    )
    ^
  File "C:\Users\Usuario\AppData\Local\Programs\Python\Python314\Lib\site-packages\telegram\ext\_extbot.py", line 680, in get_updates
    updates = await super().get_updates(
              ^^^^^^^^^^^^^^^^^^^^^^^^^^
    ...<9 lines>...
    )
    ^
  File "C:\Users\Usuario\AppData\Local\Programs\Python\Python314\Lib\site-packages\telegram\_bot.py", line 4767, in get_updates
    await self._post(
    ^^^^^^^^^^^^^^^^^
    ...<7 lines>...
    ),
    ^
  File "C:\Users\Usuario\AppData\Local\Programs\Python\Python314\Lib\site-packages\telegram\_bot.py", line 712, in _post
    return await self._do_post(
           ^^^^^^^^^^^^^^^^^^^^
    ...<6 lines>...
    )
    ^
  File "C:\Users\Usuario\AppData\Local\Programs\Python\Python314\Lib\site-packages\telegram\ext\_extbot.py", line 378, in _do_post
    return await super()._do_post(
           ^^^^^^^^^^^^^^^^^^^^^^^
    ...<6 lines>...
    )
    ^
  File "C:\Users\Usuario\AppData\Local\Programs\Python\Python314\Lib\site-packages\telegram\_bot.py", line 741, in _do_post
    result = await request.post(
             ^^^^^^^^^^^^^^^^^^^
    ...<6 lines>...
    )
    ^
  File "C:\Users\Usuario\AppData\Local\Programs\Python\Python314\Lib\site-packages\telegram\request\_baserequest.py", line 198, in post
    result = await self._request_wrapper(
             ^^^^^^^^^^^^^^^^^^^^^^^^^^^^
    ...<7 lines>...
    )
    ^
  File "C:\Users\Usuario\AppData\Local\Programs\Python\Python314\Lib\site-packages\telegram\request\_baserequest.py", line 375, in _request_wrapper
    raise exception
telegram.error.Conflict: Conflict: terminated by other getUpdates request; make sure that only one bot instance is running
2026-08-21 16:45:33,879 INFO HTTP Request: POST https://api.telegram.org/bot8853478714:AAGC7W_ilTDh48WegRYq5OPfHZpb2I3r018/getUpdates "HTTP/1.1 409 Conflict"
2026-08-21 16:45:33,880 ERROR Error no controlado en Telegram
Traceback (most recent call last):
  File "C:\Users\Usuario\AppData\Local\Programs\Python\Python314\Lib\site-packages\telegram\ext\_utils\networkloop.py", line 161, in network_retry_loop
    await do_action()
  File "C:\Users\Usuario\AppData\Local\Programs\Python\Python314\Lib\site-packages\telegram\ext\_utils\networkloop.py", line 154, in do_action
    action_cb_task.result()
    ~~~~~~~~~~~~~~~~~~~~~^^
  File "C:\Users\Usuario\AppData\Local\Programs\Python\Python314\Lib\site-packages\telegram\ext\_updater.py", line 340, in polling_action_cb
    updates = await self.bot.get_updates(
              ^^^^^^^^^^^^^^^^^^^^^^^^^^^
    ...<3 lines>...
    )
    ^
  File "C:\Users\Usuario\AppData\Local\Programs\Python\Python314\Lib\site-packages\telegram\ext\_extbot.py", line 680, in get_updates
    updates = await super().get_updates(
              ^^^^^^^^^^^^^^^^^^^^^^^^^^
    ...<9 lines>...
    )
    ^
  File "C:\Users\Usuario\AppData\Local\Programs\Python\Python314\Lib\site-packages\telegram\_bot.py", line 4767, in get_updates
    await self._post(
    ^^^^^^^^^^^^^^^^^
    ...<7 lines>...
    ),
    ^
  File "C:\Users\Usuario\AppData\Local\Programs\Python\Python314\Lib\site-packages\telegram\_bot.py", line 712, in _post
    return await self._do_post(
           ^^^^^^^^^^^^^^^^^^^^
    ...<6 lines>...
    )
    ^
  File "C:\Users\Usuario\AppData\Local\Programs\Python\Python314\Lib\site-packages\telegram\ext\_extbot.py", line 378, in _do_post
    return await super()._do_post(
           ^^^^^^^^^^^^^^^^^^^^^^^
    ...<6 lines>...
    )
    ^
  File "C:\Users\Usuario\AppData\Local\Programs\Python\Python314\Lib\site-packages\telegram\_bot.py", line 741, in _do_post
    result = await request.post(
             ^^^^^^^^^^^^^^^^^^^
    ...<6 lines>...
    )
    ^
  File "C:\Users\Usuario\AppData\Local\Programs\Python\Python314\Lib\site-packages\telegram\request\_baserequest.py", line 198, in post
    result = await self._request_wrapper(
             ^^^^^^^^^^^^^^^^^^^^^^^^^^^^
    ...<7 lines>...
    )
    ^
  File "C:\Users\Usuario\AppData\Local\Programs\Python\Python314\Lib\site-packages\telegram\request\_baserequest.py", line 375, in _request_wrapper
    raise exception
telegram.error.Conflict: Conflict: terminated by other getUpdates request; make sure that only one bot instance is running
2026-08-21 16:46:04,087 INFO HTTP Request: POST https://api.telegram.org/bot8853478714:AAGC7W_ilTDh48WegRYq5OPfHZpb2I3r018/getUpdates "HTTP/1.1 409 Conflict"
2026-08-21 16:46:04,088 ERROR Error no controlado en Telegram
Traceback (most recent call last):
  File "C:\Users\Usuario\AppData\Local\Programs\Python\Python314\Lib\site-packages\telegram\ext\_utils\networkloop.py", line 161, in network_retry_loop
    await do_action()
  File "C:\Users\Usuario\AppData\Local\Programs\Python\Python314\Lib\site-packages\telegram\ext\_utils\networkloop.py", line 154, in do_action
    action_cb_task.result()
    ~~~~~~~~~~~~~~~~~~~~~^^
  File "C:\Users\Usuario\AppData\Local\Programs\Python\Python314\Lib\site-packages\telegram\ext\_updater.py", line 340, in polling_action_cb
    updates = await self.bot.get_updates(
              ^^^^^^^^^^^^^^^^^^^^^^^^^^^
    ...<3 lines>...
    )
    ^
  File "C:\Users\Usuario\AppData\Local\Programs\Python\Python314\Lib\site-packages\telegram\ext\_extbot.py", line 680, in get_updates
    updates = await super().get_updates(
              ^^^^^^^^^^^^^^^^^^^^^^^^^^
    ...<9 lines>...
    )
    ^
  File "C:\Users\Usuario\AppData\Local\Programs\Python\Python314\Lib\site-packages\telegram\_bot.py", line 4767, in get_updates
    await self._post(
    ^^^^^^^^^^^^^^^^^
    ...<7 lines>...
    ),
    ^
  File "C:\Users\Usuario\AppData\Local\Programs\Python\Python314\Lib\site-packages\telegram\_bot.py", line 712, in _post
    return await self._do_post(
           ^^^^^^^^^^^^^^^^^^^^
    ...<6 lines>...
    )
    ^
  File "C:\Users\Usuario\AppData\Local\Programs\Python\Python314\Lib\site-packages\telegram\ext\_extbot.py", line 378, in _do_post
    return await super()._do_post(
           ^^^^^^^^^^^^^^^^^^^^^^^
    ...<6 lines>...
    )
    ^
  File "C:\Users\Usuario\AppData\Local\Programs\Python\Python314\Lib\site-packages\telegram\_bot.py", line 741, in _do_post
    result = await request.post(
             ^^^^^^^^^^^^^^^^^^^
    ...<6 lines>...
    )
    ^
  File "C:\Users\Usuario\AppData\Local\Programs\Python\Python314\Lib\site-packages\telegram\request\_baserequest.py", line 198, in post
    result = await self._request_wrapper(
             ^^^^^^^^^^^^^^^^^^^^^^^^^^^^
    ...<7 lines>...
    )
    ^
  File "C:\Users\Usuario\AppData\Local\Programs\Python\Python314\Lib\site-packages\telegram\request\_baserequest.py", line 375, in _request_wrapper
    raise exception
telegram.error.Conflict: Conflict: terminated by other getUpdates request; make sure that only one bot instance is running
2026-08-21 16:46:38,503 INFO HTTP Request: POST https://api.telegram.org/bot8853478714:AAGC7W_ilTDh48WegRYq5OPfHZpb2I3r018/getUpdates "HTTP/1.1 409 Conflict"
2026-08-21 16:46:38,506 ERROR Error no controlado en Telegram
Traceback (most recent call last):
  File "C:\Users\Usuario\AppData\Local\Programs\Python\Python314\Lib\site-packages\telegram\ext\_utils\networkloop.py", line 161, in network_retry_loop
    await do_action()
  File "C:\Users\Usuario\AppData\Local\Programs\Python\Python314\Lib\site-packages\telegram\ext\_utils\networkloop.py", line 154, in do_action
    action_cb_task.result()
    ~~~~~~~~~~~~~~~~~~~~~^^
  File "C:\Users\Usuario\AppData\Local\Programs\Python\Python314\Lib\site-packages\telegram\ext\_updater.py", line 340, in polling_action_cb
    updates = await self.bot.get_updates(
              ^^^^^^^^^^^^^^^^^^^^^^^^^^^
    ...<3 lines>...
    )
    ^
  File "C:\Users\Usuario\AppData\Local\Programs\Python\Python314\Lib\site-packages\telegram\ext\_extbot.py", line 680, in get_updates
    updates = await super().get_updates(
              ^^^^^^^^^^^^^^^^^^^^^^^^^^
    ...<9 lines>...
    )
    ^
  File "C:\Users\Usuario\AppData\Local\Programs\Python\Python314\Lib\site-packages\telegram\_bot.py", line 4767, in get_updates
    await self._post(
    ^^^^^^^^^^^^^^^^^
    ...<7 lines>...
    ),
    ^
  File "C:\Users\Usuario\AppData\Local\Programs\Python\Python314\Lib\site-packages\telegram\_bot.py", line 712, in _post
    return await self._do_post(
           ^^^^^^^^^^^^^^^^^^^^
    ...<6 lines>...
    )
    ^
  File "C:\Users\Usuario\AppData\Local\Programs\Python\Python314\Lib\site-packages\telegram\ext\_extbot.py", line 378, in _do_post
    return await super()._do_post(
           ^^^^^^^^^^^^^^^^^^^^^^^
    ...<6 lines>...
    )
    ^
  File "C:\Users\Usuario\AppData\Local\Programs\Python\Python314\Lib\site-packages\telegram\_bot.py", line 741, in _do_post
    result = await request.post(
             ^^^^^^^^^^^^^^^^^^^
    ...<6 lines>...
    )
    ^
  File "C:\Users\Usuario\AppData\Local\Programs\Python\Python314\Lib\site-packages\telegram\request\_baserequest.py", line 198, in post
    result = await self._request_wrapper(
             ^^^^^^^^^^^^^^^^^^^^^^^^^^^^
    ...<7 lines>...
    )
    ^
  File "C:\Users\Usuario\AppData\Local\Programs\Python\Python314\Lib\site-packages\telegram\request\_baserequest.py", line 375, in _request_wrapper
    raise exception
telegram.error.Conflict: Conflict: terminated by other getUpdates request; make sure that only one bot instance is running
2026-08-21 16:47:12,930 INFO HTTP Request: POST https://api.telegram.org/bot8853478714:AAGC7W_ilTDh48WegRYq5OPfHZpb2I3r018/getUpdates "HTTP/1.1 409 Conflict"
2026-08-21 16:47:12,933 ERROR Error no controlado en Telegram
Traceback (most recent call last):
  File "C:\Users\Usuario\AppData\Local\Programs\Python\Python314\Lib\site-packages\telegram\ext\_utils\networkloop.py", line 161, in network_retry_loop
    await do_action()
  File "C:\Users\Usuario\AppData\Local\Programs\Python\Python314\Lib\site-packages\telegram\ext\_utils\networkloop.py", line 154, in do_action
    action_cb_task.result()
    ~~~~~~~~~~~~~~~~~~~~~^^
  File "C:\Users\Usuario\AppData\Local\Programs\Python\Python314\Lib\site-packages\telegram\ext\_updater.py", line 340, in polling_action_cb
    updates = await self.bot.get_updates(
              ^^^^^^^^^^^^^^^^^^^^^^^^^^^
    ...<3 lines>...
    )
    ^
  File "C:\Users\Usuario\AppData\Local\Programs\Python\Python314\Lib\site-packages\telegram\ext\_extbot.py", line 680, in get_updates
    updates = await super().get_updates(
              ^^^^^^^^^^^^^^^^^^^^^^^^^^
    ...<9 lines>...
    )
    ^
  File "C:\Users\Usuario\AppData\Local\Programs\Python\Python314\Lib\site-packages\telegram\_bot.py", line 4767, in get_updates
    await self._post(
    ^^^^^^^^^^^^^^^^^
    ...<7 lines>...
    ),
    ^
  File "C:\Users\Usuario\AppData\Local\Programs\Python\Python314\Lib\site-packages\telegram\_bot.py", line 712, in _post
    return await self._do_post(
           ^^^^^^^^^^^^^^^^^^^^
    ...<6 lines>...
    )
    ^
  File "C:\Users\Usuario\AppData\Local\Programs\Python\Python314\Lib\site-packages\telegram\ext\_extbot.py", line 378, in _do_post
    return await super()._do_post(
           ^^^^^^^^^^^^^^^^^^^^^^^
    ...<6 lines>...
    )
    ^
  File "C:\Users\Usuario\AppData\Local\Programs\Python\Python314\Lib\site-packages\telegram\_bot.py", line 741, in _do_post
    result = await request.post(
             ^^^^^^^^^^^^^^^^^^^
    ...<6 lines>...
    )
    ^
  File "C:\Users\Usuario\AppData\Local\Programs\Python\Python314\Lib\site-packages\telegram\request\_baserequest.py", line 198, in post
    result = await self._request_wrapper(
             ^^^^^^^^^^^^^^^^^^^^^^^^^^^^
    ...<7 lines>...
    )
    ^
  File "C:\Users\Usuario\AppData\Local\Programs\Python\Python314\Lib\site-packages\telegram\request\_baserequest.py", line 375, in _request_wrapper
    raise exception
telegram.error.Conflict: Conflict: terminated by other getUpdates request; make sure that only one bot instance is running
2026-08-21 16:47:47,396 INFO HTTP Request: POST https://api.telegram.org/bot8853478714:AAGC7W_ilTDh48WegRYq5OPfHZpb2I3r018/getUpdates "HTTP/1.1 409 Conflict"
2026-08-21 16:47:47,397 ERROR Error no controlado en Telegram
Traceback (most recent call last):
  File "C:\Users\Usuario\AppData\Local\Programs\Python\Python314\Lib\site-packages\telegram\ext\_utils\networkloop.py", line 161, in network_retry_loop
    await do_action()
  File "C:\Users\Usuario\AppData\Local\Programs\Python\Python314\Lib\site-packages\telegram\ext\_utils\networkloop.py", line 154, in do_action
    action_cb_task.result()
    ~~~~~~~~~~~~~~~~~~~~~^^
  File "C:\Users\Usuario\AppData\Local\Programs\Python\Python314\Lib\site-packages\telegram\ext\_updater.py", line 340, in polling_action_cb
    updates = await self.bot.get_updates(
              ^^^^^^^^^^^^^^^^^^^^^^^^^^^
    ...<3 lines>...
    )
    ^
  File "C:\Users\Usuario\AppData\Local\Programs\Python\Python314\Lib\site-packages\telegram\ext\_extbot.py", line 680, in get_updates
    updates = await super().get_updates(
              ^^^^^^^^^^^^^^^^^^^^^^^^^^
    ...<9 lines>...
    )
    ^
  File "C:\Users\Usuario\AppData\Local\Programs\Python\Python314\Lib\site-packages\telegram\_bot.py", line 4767, in get_updates
    await self._post(
    ^^^^^^^^^^^^^^^^^
    ...<7 lines>...
    ),
    ^
  File "C:\Users\Usuario\AppData\Local\Programs\Python\Python314\Lib\site-packages\telegram\_bot.py", line 712, in _post
    return await self._do_post(
           ^^^^^^^^^^^^^^^^^^^^
    ...<6 lines>...
    )
    ^
  File "C:\Users\Usuario\AppData\Local\Programs\Python\Python314\Lib\site-packages\telegram\ext\_extbot.py", line 378, in _do_post
    return await super()._do_post(
           ^^^^^^^^^^^^^^^^^^^^^^^
    ...<6 lines>...
    )
    ^
  File "C:\Users\Usuario\AppData\Local\Programs\Python\Python314\Lib\site-packages\telegram\_bot.py", line 741, in _do_post
    result = await request.post(
             ^^^^^^^^^^^^^^^^^^^
    ...<6 lines>...
    )
    ^
  File "C:\Users\Usuario\AppData\Local\Programs\Python\Python314\Lib\site-packages\telegram\request\_baserequest.py", line 198, in post
    result = await self._request_wrapper(
             ^^^^^^^^^^^^^^^^^^^^^^^^^^^^
    ...<7 lines>...
    )
    ^
  File "C:\Users\Usuario\AppData\Local\Programs\Python\Python314\Lib\site-packages\telegram\request\_baserequest.py", line 375, in _request_wrapper
    raise exception
telegram.error.Conflict: Conflict: terminated by other getUpdates request; make sure that only one bot instance is running
2026-08-21 16:48:21,836 INFO HTTP Request: POST https://api.telegram.org/bot8853478714:AAGC7W_ilTDh48WegRYq5OPfHZpb2I3r018/getUpdates "HTTP/1.1 409 Conflict"
2026-08-21 16:48:21,837 ERROR Error no controlado en Telegram
Traceback (most recent call last):
  File "C:\Users\Usuario\AppData\Local\Programs\Python\Python314\Lib\site-packages\telegram\ext\_utils\networkloop.py", line 161, in network_retry_loop
    await do_action()
  File "C:\Users\Usuario\AppData\Local\Programs\Python\Python314\Lib\site-packages\telegram\ext\_utils\networkloop.py", line 154, in do_action
    action_cb_task.result()
    ~~~~~~~~~~~~~~~~~~~~~^^
  File "C:\Users\Usuario\AppData\Local\Programs\Python\Python314\Lib\site-packages\telegram\ext\_updater.py", line 340, in polling_action_cb
    updates = await self.bot.get_updates(
              ^^^^^^^^^^^^^^^^^^^^^^^^^^^
    ...<3 lines>...
    )
    ^
  File "C:\Users\Usuario\AppData\Local\Programs\Python\Python314\Lib\site-packages\telegram\ext\_extbot.py", line 680, in get_updates
    updates = await super().get_updates(
              ^^^^^^^^^^^^^^^^^^^^^^^^^^
    ...<9 lines>...
    )
    ^
  File "C:\Users\Usuario\AppData\Local\Programs\Python\Python314\Lib\site-packages\telegram\_bot.py", line 4767, in get_updates
    await self._post(
    ^^^^^^^^^^^^^^^^^
    ...<7 lines>...
    ),
    ^
  File "C:\Users\Usuario\AppData\Local\Programs\Python\Python314\Lib\site-packages\telegram\_bot.py", line 712, in _post
    return await self._do_post(
           ^^^^^^^^^^^^^^^^^^^^
    ...<6 lines>...
    )
    ^
  File "C:\Users\Usuario\AppData\Local\Programs\Python\Python314\Lib\site-packages\telegram\ext\_extbot.py", line 378, in _do_post
    return await super()._do_post(
           ^^^^^^^^^^^^^^^^^^^^^^^
    ...<6 lines>...
    )
    ^
  File "C:\Users\Usuario\AppData\Local\Programs\Python\Python314\Lib\site-packages\telegram\_bot.py", line 741, in _do_post
    result = await request.post(
             ^^^^^^^^^^^^^^^^^^^
    ...<6 lines>...
    )
    ^
  File "C:\Users\Usuario\AppData\Local\Programs\Python\Python314\Lib\site-packages\telegram\request\_baserequest.py", line 198, in post
    result = await self._request_wrapper(
             ^^^^^^^^^^^^^^^^^^^^^^^^^^^^
    ...<7 lines>...
    )
    ^
  File "C:\Users\Usuario\AppData\Local\Programs\Python\Python314\Lib\site-packages\telegram\request\_baserequest.py", line 375, in _request_wrapper
    raise exception
telegram.error.Conflict: Conflict: terminated by other getUpdates request; make sure that only one bot instance is running
2026-08-21 16:48:56,463 INFO HTTP Request: POST https://api.telegram.org/bot8853478714:AAGC7W_ilTDh48WegRYq5OPfHZpb2I3r018/getUpdates "HTTP/1.1 409 Conflict"
2026-08-21 16:48:56,464 ERROR Error no controlado en Telegram
Traceback (most recent call last):
  File "C:\Users\Usuario\AppData\Local\Programs\Python\Python314\Lib\site-packages\telegram\ext\_utils\networkloop.py", line 161, in network_retry_loop
    await do_action()
  File "C:\Users\Usuario\AppData\Local\Programs\Python\Python314\Lib\site-packages\telegram\ext\_utils\networkloop.py", line 154, in do_action
    action_cb_task.result()
    ~~~~~~~~~~~~~~~~~~~~~^^
  File "C:\Users\Usuario\AppData\Local\Programs\Python\Python314\Lib\site-packages\telegram\ext\_updater.py", line 340, in polling_action_cb
    updates = await self.bot.get_updates(
              ^^^^^^^^^^^^^^^^^^^^^^^^^^^
    ...<3 lines>...
    )
    ^
  File "C:\Users\Usuario\AppData\Local\Programs\Python\Python314\Lib\site-packages\telegram\ext\_extbot.py", line 680, in get_updates
    updates = await super().get_updates(
              ^^^^^^^^^^^^^^^^^^^^^^^^^^
    ...<9 lines>...
    )
    ^
  File "C:\Users\Usuario\AppData\Local\Programs\Python\Python314\Lib\site-packages\telegram\_bot.py", line 4767, in get_updates
    await self._post(
    ^^^^^^^^^^^^^^^^^
    ...<7 lines>...
    ),
    ^
  File "C:\Users\Usuario\AppData\Local\Programs\Python\Python314\Lib\site-packages\telegram\_bot.py", line 712, in _post
    return await self._do_post(
           ^^^^^^^^^^^^^^^^^^^^
    ...<6 lines>...
    )
    ^
  File "C:\Users\Usuario\AppData\Local\Programs\Python\Python314\Lib\site-packages\telegram\ext\_extbot.py", line 378, in _do_post
    return await super()._do_post(
           ^^^^^^^^^^^^^^^^^^^^^^^
    ...<6 lines>...
    )
    ^
  File "C:\Users\Usuario\AppData\Local\Programs\Python\Python314\Lib\site-packages\telegram\_bot.py", line 741, in _do_post
    result = await request.post(
             ^^^^^^^^^^^^^^^^^^^
    ...<6 lines>...
    )
    ^
  File "C:\Users\Usuario\AppData\Local\Programs\Python\Python314\Lib\site-packages\telegram\request\_baserequest.py", line 198, in post
    result = await self._request_wrapper(
             ^^^^^^^^^^^^^^^^^^^^^^^^^^^^
    ...<7 lines>...
    )
    ^
  File "C:\Users\Usuario\AppData\Local\Programs\Python\Python314\Lib\site-packages\telegram\request\_baserequest.py", line 375, in _request_wrapper
    raise exception
telegram.error.Conflict: Conflict: terminated by other getUpdates request; make sure that only one bot instance is running
2026-08-21 16:49:30,886 INFO HTTP Request: POST https://api.telegram.org/bot8853478714:AAGC7W_ilTDh48WegRYq5OPfHZpb2I3r018/getUpdates "HTTP/1.1 409 Conflict"
2026-08-21 16:49:30,888 ERROR Error no controlado en Telegram
Traceback (most recent call last):
  File "C:\Users\Usuario\AppData\Local\Programs\Python\Python314\Lib\site-packages\telegram\ext\_utils\networkloop.py", line 161, in network_retry_loop
    await do_action()
  File "C:\Users\Usuario\AppData\Local\Programs\Python\Python314\Lib\site-packages\telegram\ext\_utils\networkloop.py", line 154, in do_action
    action_cb_task.result()
    ~~~~~~~~~~~~~~~~~~~~~^^
  File "C:\Users\Usuario\AppData\Local\Programs\Python\Python314\Lib\site-packages\telegram\ext\_updater.py", line 340, in polling_action_cb
    updates = await self.bot.get_updates(
              ^^^^^^^^^^^^^^^^^^^^^^^^^^^
    ...<3 lines>...
    )
    ^
  File "C:\Users\Usuario\AppData\Local\Programs\Python\Python314\Lib\site-packages\telegram\ext\_extbot.py", line 680, in get_updates
    updates = await super().get_updates(
              ^^^^^^^^^^^^^^^^^^^^^^^^^^
    ...<9 lines>...
    )
    ^
  File "C:\Users\Usuario\AppData\Local\Programs\Python\Python314\Lib\site-packages\telegram\_bot.py", line 4767, in get_updates
    await self._post(
    ^^^^^^^^^^^^^^^^^
    ...<7 lines>...
    ),
    ^
  File "C:\Users\Usuario\AppData\Local\Programs\Python\Python314\Lib\site-packages\telegram\_bot.py", line 712, in _post
    return await self._do_post(
           ^^^^^^^^^^^^^^^^^^^^
    ...<6 lines>...
    )
    ^
  File "C:\Users\Usuario\AppData\Local\Programs\Python\Python314\Lib\site-packages\telegram\ext\_extbot.py", line 378, in _do_post
    return await super()._do_post(
           ^^^^^^^^^^^^^^^^^^^^^^^
    ...<6 lines>...
    )
    ^
  File "C:\Users\Usuario\AppData\Local\Programs\Python\Python314\Lib\site-packages\telegram\_bot.py", line 741, in _do_post
    result = await request.post(
             ^^^^^^^^^^^^^^^^^^^
    ...<6 lines>...
    )
    ^
  File "C:\Users\Usuario\AppData\Local\Programs\Python\Python314\Lib\site-packages\telegram\request\_baserequest.py", line 198, in post
    result = await self._request_wrapper(
             ^^^^^^^^^^^^^^^^^^^^^^^^^^^^
    ...<7 lines>...
    )
    ^
  File "C:\Users\Usuario\AppData\Local\Programs\Python\Python314\Lib\site-packages\telegram\request\_baserequest.py", line 375, in _request_wrapper
    raise exception
telegram.error.Conflict: Conflict: terminated by other getUpdates request; make sure that only one bot instance is running
2026-08-21 16:50:05,828 INFO HTTP Request: POST https://api.telegram.org/bot8853478714:AAGC7W_ilTDh48WegRYq5OPfHZpb2I3r018/getUpdates "HTTP/1.1 409 Conflict"
2026-08-21 16:50:05,829 ERROR Error no controlado en Telegram
Traceback (most recent call last):
  File "C:\Users\Usuario\AppData\Local\Programs\Python\Python314\Lib\site-packages\telegram\ext\_utils\networkloop.py", line 161, in network_retry_loop
    await do_action()
  File "C:\Users\Usuario\AppData\Local\Programs\Python\Python314\Lib\site-packages\telegram\ext\_utils\networkloop.py", line 154, in do_action
    action_cb_task.result()
    ~~~~~~~~~~~~~~~~~~~~~^^
  File "C:\Users\Usuario\AppData\Local\Programs\Python\Python314\Lib\site-packages\telegram\ext\_updater.py", line 340, in polling_action_cb
    updates = await self.bot.get_updates(
              ^^^^^^^^^^^^^^^^^^^^^^^^^^^
    ...<3 lines>...
    )
    ^
  File "C:\Users\Usuario\AppData\Local\Programs\Python\Python314\Lib\site-packages\telegram\ext\_extbot.py", line 680, in get_updates
    updates = await super().get_updates(
              ^^^^^^^^^^^^^^^^^^^^^^^^^^
    ...<9 lines>...
    )
    ^
  File "C:\Users\Usuario\AppData\Local\Programs\Python\Python314\Lib\site-packages\telegram\_bot.py", line 4767, in get_updates
    await self._post(
    ^^^^^^^^^^^^^^^^^
    ...<7 lines>...
    ),
    ^
  File "C:\Users\Usuario\AppData\Local\Programs\Python\Python314\Lib\site-packages\telegram\_bot.py", line 712, in _post
    return await self._do_post(
           ^^^^^^^^^^^^^^^^^^^^
    ...<6 lines>...
    )
    ^
  File "C:\Users\Usuario\AppData\Local\Programs\Python\Python314\Lib\site-packages\telegram\ext\_extbot.py", line 378, in _do_post
    return await super()._do_post(
           ^^^^^^^^^^^^^^^^^^^^^^^
    ...<6 lines>...
    )
    ^
  File "C:\Users\Usuario\AppData\Local\Programs\Python\Python314\Lib\site-packages\telegram\_bot.py", line 741, in _do_post
    result = await request.post(
             ^^^^^^^^^^^^^^^^^^^
    ...<6 lines>...
    )
    ^
  File "C:\Users\Usuario\AppData\Local\Programs\Python\Python314\Lib\site-packages\telegram\request\_baserequest.py", line 198, in post
    result = await self._request_wrapper(
             ^^^^^^^^^^^^^^^^^^^^^^^^^^^^
    ...<7 lines>...
    )
    ^
  File "C:\Users\Usuario\AppData\Local\Programs\Python\Python314\Lib\site-packages\telegram\request\_baserequest.py", line 375, in _request_wrapper
    raise exception
telegram.error.Conflict: Conflict: terminated by other getUpdates request; make sure that only one bot instance is running
2026-08-21 16:50:40,602 INFO HTTP Request: POST https://api.telegram.org/bot8853478714:AAGC7W_ilTDh48WegRYq5OPfHZpb2I3r018/getUpdates "HTTP/1.1 409 Conflict"
2026-08-21 16:50:40,604 ERROR Error no controlado en Telegram
Traceback (most recent call last):
  File "C:\Users\Usuario\AppData\Local\Programs\Python\Python314\Lib\site-packages\telegram\ext\_utils\networkloop.py", line 161, in network_retry_loop
    await do_action()
  File "C:\Users\Usuario\AppData\Local\Programs\Python\Python314\Lib\site-packages\telegram\ext\_utils\networkloop.py", line 154, in do_action
    action_cb_task.result()
    ~~~~~~~~~~~~~~~~~~~~~^^
  File "C:\Users\Usuario\AppData\Local\Programs\Python\Python314\Lib\site-packages\telegram\ext\_updater.py", line 340, in polling_action_cb
    updates = await self.bot.get_updates(
              ^^^^^^^^^^^^^^^^^^^^^^^^^^^
    ...<3 lines>...
    )
    ^
  File "C:\Users\Usuario\AppData\Local\Programs\Python\Python314\Lib\site-packages\telegram\ext\_extbot.py", line 680, in get_updates
    updates = await super().get_updates(
              ^^^^^^^^^^^^^^^^^^^^^^^^^^
    ...<9 lines>...
    )
    ^
  File "C:\Users\Usuario\AppData\Local\Programs\Python\Python314\Lib\site-packages\telegram\_bot.py", line 4767, in get_updates
    await self._post(
    ^^^^^^^^^^^^^^^^^
    ...<7 lines>...
    ),
    ^
  File "C:\Users\Usuario\AppData\Local\Programs\Python\Python314\Lib\site-packages\telegram\_bot.py", line 712, in _post
    return await self._do_post(
           ^^^^^^^^^^^^^^^^^^^^
    ...<6 lines>...
    )
    ^
  File "C:\Users\Usuario\AppData\Local\Programs\Python\Python314\Lib\site-packages\telegram\ext\_extbot.py", line 378, in _do_post
    return await super()._do_post(
           ^^^^^^^^^^^^^^^^^^^^^^^
    ...<6 lines>...
    )
    ^
  File "C:\Users\Usuario\AppData\Local\Programs\Python\Python314\Lib\site-packages\telegram\_bot.py", line 741, in _do_post
    result = await request.post(
             ^^^^^^^^^^^^^^^^^^^
    ...<6 lines>...
    )
    ^
  File "C:\Users\Usuario\AppData\Local\Programs\Python\Python314\Lib\site-packages\telegram\request\_baserequest.py", line 198, in post
    result = await self._request_wrapper(
             ^^^^^^^^^^^^^^^^^^^^^^^^^^^^
    ...<7 lines>...
    )
    ^
  File "C:\Users\Usuario\AppData\Local\Programs\Python\Python314\Lib\site-packages\telegram\request\_baserequest.py", line 375, in _request_wrapper
    raise exception
telegram.error.Conflict: Conflict: terminated by other getUpdates request; make sure that only one bot instance is running
2026-08-21 16:51:21,031 INFO HTTP Request: POST https://api.telegram.org/bot8853478714:AAGC7W_ilTDh48WegRYq5OPfHZpb2I3r018/getUpdates "HTTP/1.1 200 OK"
2026-08-21 16:51:31,174 INFO HTTP Request: POST https://api.telegram.org/bot8853478714:AAGC7W_ilTDh48WegRYq5OPfHZpb2I3r018/getUpdates "HTTP/1.1 200 OK"
2026-08-21 16:51:41,316 INFO HTTP Request: POST https://api.telegram.org/bot8853478714:AAGC7W_ilTDh48WegRYq5OPfHZpb2I3r018/getUpdates "HTTP/1.1 200 OK"
2026-08-21 16:51:51,456 INFO HTTP Request: POST https://api.telegram.org/bot8853478714:AAGC7W_ilTDh48WegRYq5OPfHZpb2I3r018/getUpdates "HTTP/1.1 200 OK"
2026-08-21 16:52:01,617 INFO HTTP Request: POST https://api.telegram.org/bot8853478714:AAGC7W_ilTDh48WegRYq5OPfHZpb2I3r018/getUpdates "HTTP/1.1 200 OK"
2026-08-21 16:52:11,767 INFO HTTP Request: POST https://api.telegram.org/bot8853478714:AAGC7W_ilTDh48WegRYq5OPfHZpb2I3r018/getUpdates "HTTP/1.1 200 OK"
2026-08-21 16:52:21,905 INFO HTTP Request: POST https://api.telegram.org/bot8853478714:AAGC7W_ilTDh48WegRYq5OPfHZpb2I3r018/getUpdates "HTTP/1.1 200 OK"
2026-08-21 16:52:29,383 INFO HTTP Request: POST https://api.telegram.org/bot8853478714:AAGC7W_ilTDh48WegRYq5OPfHZpb2I3r018/getUpdates "HTTP/1.1 409 Conflict"
2026-08-21 16:52:29,384 ERROR Error no controlado en Telegram
Traceback (most recent call last):
  File "C:\Users\Usuario\AppData\Local\Programs\Python\Python314\Lib\site-packages\telegram\ext\_utils\networkloop.py", line 161, in network_retry_loop
    await do_action()
  File "C:\Users\Usuario\AppData\Local\Programs\Python\Python314\Lib\site-packages\telegram\ext\_utils\networkloop.py", line 154, in do_action
    action_cb_task.result()
    ~~~~~~~~~~~~~~~~~~~~~^^
  File "C:\Users\Usuario\AppData\Local\Programs\Python\Python314\Lib\site-packages\telegram\ext\_updater.py", line 340, in polling_action_cb
    updates = await self.bot.get_updates(
              ^^^^^^^^^^^^^^^^^^^^^^^^^^^
    ...<3 lines>...
    )
    ^
  File "C:\Users\Usuario\AppData\Local\Programs\Python\Python314\Lib\site-packages\telegram\ext\_extbot.py", line 680, in get_updates
    updates = await super().get_updates(
              ^^^^^^^^^^^^^^^^^^^^^^^^^^
    ...<9 lines>...
    )
    ^
  File "C:\Users\Usuario\AppData\Local\Programs\Python\Python314\Lib\site-packages\telegram\_bot.py", line 4767, in get_updates
    await self._post(
    ^^^^^^^^^^^^^^^^^
    ...<7 lines>...
    ),
    ^
  File "C:\Users\Usuario\AppData\Local\Programs\Python\Python314\Lib\site-packages\telegram\_bot.py", line 712, in _post
    return await self._do_post(
           ^^^^^^^^^^^^^^^^^^^^
    ...<6 lines>...
    )
    ^
  File "C:\Users\Usuario\AppData\Local\Programs\Python\Python314\Lib\site-packages\telegram\ext\_extbot.py", line 378, in _do_post
    return await super()._do_post(
           ^^^^^^^^^^^^^^^^^^^^^^^
    ...<6 lines>...
    )
    ^
  File "C:\Users\Usuario\AppData\Local\Programs\Python\Python314\Lib\site-packages\telegram\_bot.py", line 741, in _do_post
    result = await request.post(
             ^^^^^^^^^^^^^^^^^^^
    ...<6 lines>...
    )
    ^
  File "C:\Users\Usuario\AppData\Local\Programs\Python\Python314\Lib\site-packages\telegram\request\_baserequest.py", line 198, in post
    result = await self._request_wrapper(
             ^^^^^^^^^^^^^^^^^^^^^^^^^^^^
    ...<7 lines>...
    )
    ^
  File "C:\Users\Usuario\AppData\Local\Programs\Python\Python314\Lib\site-packages\telegram\request\_baserequest.py", line 375, in _request_wrapper
    raise exception
telegram.error.Conflict: Conflict: terminated by other getUpdates request; make sure that only one bot instance is running
2026-08-21 16:52:34,533 INFO HTTP Request: POST https://api.telegram.org/bot8853478714:AAGC7W_ilTDh48WegRYq5OPfHZpb2I3r018/getUpdates "HTTP/1.1 409 Conflict"
2026-08-21 16:52:34,535 ERROR Error no controlado en Telegram
Traceback (most recent call last):
  File "C:\Users\Usuario\AppData\Local\Programs\Python\Python314\Lib\site-packages\telegram\ext\_utils\networkloop.py", line 161, in network_retry_loop
    await do_action()
  File "C:\Users\Usuario\AppData\Local\Programs\Python\Python314\Lib\site-packages\telegram\ext\_utils\networkloop.py", line 154, in do_action
    action_cb_task.result()
    ~~~~~~~~~~~~~~~~~~~~~^^
  File "C:\Users\Usuario\AppData\Local\Programs\Python\Python314\Lib\site-packages\telegram\ext\_updater.py", line 340, in polling_action_cb
    updates = await self.bot.get_updates(
              ^^^^^^^^^^^^^^^^^^^^^^^^^^^
    ...<3 lines>...
    )
    ^
  File "C:\Users\Usuario\AppData\Local\Programs\Python\Python314\Lib\site-packages\telegram\ext\_extbot.py", line 680, in get_updates
    updates = await super().get_updates(
              ^^^^^^^^^^^^^^^^^^^^^^^^^^
    ...<9 lines>...
    )
    ^
  File "C:\Users\Usuario\AppData\Local\Programs\Python\Python314\Lib\site-packages\telegram\_bot.py", line 4767, in get_updates
    await self._post(
    ^^^^^^^^^^^^^^^^^
    ...<7 lines>...
    ),
    ^
  File "C:\Users\Usuario\AppData\Local\Programs\Python\Python314\Lib\site-packages\telegram\_bot.py", line 712, in _post
    return await self._do_post(
           ^^^^^^^^^^^^^^^^^^^^
    ...<6 lines>...
    )
    ^
  File "C:\Users\Usuario\AppData\Local\Programs\Python\Python314\Lib\site-packages\telegram\ext\_extbot.py", line 378, in _do_post
    return await super()._do_post(
           ^^^^^^^^^^^^^^^^^^^^^^^
    ...<6 lines>...
    )
    ^
  File "C:\Users\Usuario\AppData\Local\Programs\Python\Python314\Lib\site-packages\telegram\_bot.py", line 741, in _do_post
    result = await request.post(
             ^^^^^^^^^^^^^^^^^^^
    ...<6 lines>...
    )
    ^
  File "C:\Users\Usuario\AppData\Local\Programs\Python\Python314\Lib\site-packages\telegram\request\_baserequest.py", line 198, in post
    result = await self._request_wrapper(
             ^^^^^^^^^^^^^^^^^^^^^^^^^^^^
    ...<7 lines>...
    )
    ^
  File "C:\Users\Usuario\AppData\Local\Programs\Python\Python314\Lib\site-packages\telegram\request\_baserequest.py", line 375, in _request_wrapper
    raise exception
telegram.error.Conflict: Conflict: terminated by other getUpdates request; make sure that only one bot instance is running
2026-08-21 16:52:40,700 INFO HTTP Request: POST https://api.telegram.org/bot8853478714:AAGC7W_ilTDh48WegRYq5OPfHZpb2I3r018/getUpdates "HTTP/1.1 409 Conflict"
2026-08-21 16:52:40,701 ERROR Error no controlado en Telegram
Traceback (most recent call last):
  File "C:\Users\Usuario\AppData\Local\Programs\Python\Python314\Lib\site-packages\telegram\ext\_utils\networkloop.py", line 161, in network_retry_loop
    await do_action()
  File "C:\Users\Usuario\AppData\Local\Programs\Python\Python314\Lib\site-packages\telegram\ext\_utils\networkloop.py", line 154, in do_action
    action_cb_task.result()
    ~~~~~~~~~~~~~~~~~~~~~^^
  File "C:\Users\Usuario\AppData\Local\Programs\Python\Python314\Lib\site-packages\telegram\ext\_updater.py", line 340, in polling_action_cb
    updates = await self.bot.get_updates(
              ^^^^^^^^^^^^^^^^^^^^^^^^^^^
    ...<3 lines>...
    )
    ^
  File "C:\Users\Usuario\AppData\Local\Programs\Python\Python314\Lib\site-packages\telegram\ext\_extbot.py", line 680, in get_updates
    updates = await super().get_updates(
              ^^^^^^^^^^^^^^^^^^^^^^^^^^
    ...<9 lines>...
    )
    ^
  File "C:\Users\Usuario\AppData\Local\Programs\Python\Python314\Lib\site-packages\telegram\_bot.py", line 4767, in get_updates
    await self._post(
    ^^^^^^^^^^^^^^^^^
    ...<7 lines>...
    ),
    ^
  File "C:\Users\Usuario\AppData\Local\Programs\Python\Python314\Lib\site-packages\telegram\_bot.py", line 712, in _post
    return await self._do_post(
           ^^^^^^^^^^^^^^^^^^^^
    ...<6 lines>...
    )
    ^
  File "C:\Users\Usuario\AppData\Local\Programs\Python\Python314\Lib\site-packages\telegram\ext\_extbot.py", line 378, in _do_post
    return await super()._do_post(
           ^^^^^^^^^^^^^^^^^^^^^^^
    ...<6 lines>...
    )
    ^
  File "C:\Users\Usuario\AppData\Local\Programs\Python\Python314\Lib\site-packages\telegram\_bot.py", line 741, in _do_post
    result = await request.post(
             ^^^^^^^^^^^^^^^^^^^
    ...<6 lines>...
    )
    ^
  File "C:\Users\Usuario\AppData\Local\Programs\Python\Python314\Lib\site-packages\telegram\request\_baserequest.py", line 198, in post
    result = await self._request_wrapper(
             ^^^^^^^^^^^^^^^^^^^^^^^^^^^^
    ...<7 lines>...
    )
    ^
  File "C:\Users\Usuario\AppData\Local\Programs\Python\Python314\Lib\site-packages\telegram\request\_baserequest.py", line 375, in _request_wrapper
    raise exception
telegram.error.Conflict: Conflict: terminated by other getUpdates request; make sure that only one bot instance is running
2026-08-21 16:52:48,394 INFO HTTP Request: POST https://api.telegram.org/bot8853478714:AAGC7W_ilTDh48WegRYq5OPfHZpb2I3r018/getUpdates "HTTP/1.1 409 Conflict"
2026-08-21 16:52:48,395 ERROR Error no controlado en Telegram
Traceback (most recent call last):
  File "C:\Users\Usuario\AppData\Local\Programs\Python\Python314\Lib\site-packages\telegram\ext\_utils\networkloop.py", line 161, in network_retry_loop
    await do_action()
  File "C:\Users\Usuario\AppData\Local\Programs\Python\Python314\Lib\site-packages\telegram\ext\_utils\networkloop.py", line 154, in do_action
    action_cb_task.result()
    ~~~~~~~~~~~~~~~~~~~~~^^
  File "C:\Users\Usuario\AppData\Local\Programs\Python\Python314\Lib\site-packages\telegram\ext\_updater.py", line 340, in polling_action_cb
    updates = await self.bot.get_updates(
              ^^^^^^^^^^^^^^^^^^^^^^^^^^^
    ...<3 lines>...
    )
    ^
  File "C:\Users\Usuario\AppData\Local\Programs\Python\Python314\Lib\site-packages\telegram\ext\_extbot.py", line 680, in get_updates
    updates = await super().get_updates(
              ^^^^^^^^^^^^^^^^^^^^^^^^^^
    ...<9 lines>...
    )
    ^
  File "C:\Users\Usuario\AppData\Local\Programs\Python\Python314\Lib\site-packages\telegram\_bot.py", line 4767, in get_updates
    await self._post(
    ^^^^^^^^^^^^^^^^^
    ...<7 lines>...
    ),
    ^
  File "C:\Users\Usuario\AppData\Local\Programs\Python\Python314\Lib\site-packages\telegram\_bot.py", line 712, in _post
    return await self._do_post(
           ^^^^^^^^^^^^^^^^^^^^
    ...<6 lines>...
    )
    ^
  File "C:\Users\Usuario\AppData\Local\Programs\Python\Python314\Lib\site-packages\telegram\ext\_extbot.py", line 378, in _do_post
    return await super()._do_post(
           ^^^^^^^^^^^^^^^^^^^^^^^
    ...<6 lines>...
    )
    ^
  File "C:\Users\Usuario\AppData\Local\Programs\Python\Python314\Lib\site-packages\telegram\_bot.py", line 741, in _do_post
    result = await request.post(
             ^^^^^^^^^^^^^^^^^^^
    ...<6 lines>...
    )
    ^
  File "C:\Users\Usuario\AppData\Local\Programs\Python\Python314\Lib\site-packages\telegram\request\_baserequest.py", line 198, in post
    result = await self._request_wrapper(
             ^^^^^^^^^^^^^^^^^^^^^^^^^^^^
    ...<7 lines>...
    )
    ^
  File "C:\Users\Usuario\AppData\Local\Programs\Python\Python314\Lib\site-packages\telegram\request\_baserequest.py", line 375, in _request_wrapper
    raise exception
telegram.error.Conflict: Conflict: terminated by other getUpdates request; make sure that only one bot instance is running
2026-08-21 16:52:55,294 INFO HTTP Request: POST https://api.telegram.org/bot8853478714:AAGC7W_ilTDh48WegRYq5OPfHZpb2I3r018/getUpdates "HTTP/1.1 409 Conflict"
2026-08-21 16:52:55,295 ERROR Error no controlado en Telegram
Traceback (most recent call last):
  File "C:\Users\Usuario\AppData\Local\Programs\Python\Python314\Lib\site-packages\telegram\ext\_utils\networkloop.py", line 161, in network_retry_loop
    await do_action()
  File "C:\Users\Usuario\AppData\Local\Programs\Python\Python314\Lib\site-packages\telegram\ext\_utils\networkloop.py", line 154, in do_action
    action_cb_task.result()
    ~~~~~~~~~~~~~~~~~~~~~^^
  File "C:\Users\Usuario\AppData\Local\Programs\Python\Python314\Lib\site-packages\telegram\ext\_updater.py", line 340, in polling_action_cb
    updates = await self.bot.get_updates(
              ^^^^^^^^^^^^^^^^^^^^^^^^^^^
    ...<3 lines>...
    )
    ^
  File "C:\Users\Usuario\AppData\Local\Programs\Python\Python314\Lib\site-packages\telegram\ext\_extbot.py", line 680, in get_updates
    updates = await super().get_updates(
              ^^^^^^^^^^^^^^^^^^^^^^^^^^
    ...<9 lines>...
    )
    ^
  File "C:\Users\Usuario\AppData\Local\Programs\Python\Python314\Lib\site-packages\telegram\_bot.py", line 4767, in get_updates
    await self._post(
    ^^^^^^^^^^^^^^^^^
    ...<7 lines>...
    ),
    ^
  File "C:\Users\Usuario\AppData\Local\Programs\Python\Python314\Lib\site-packages\telegram\_bot.py", line 712, in _post
    return await self._do_post(
           ^^^^^^^^^^^^^^^^^^^^
    ...<6 lines>...
    )
    ^
  File "C:\Users\Usuario\AppData\Local\Programs\Python\Python314\Lib\site-packages\telegram\ext\_extbot.py", line 378, in _do_post
    return await super()._do_post(
           ^^^^^^^^^^^^^^^^^^^^^^^
    ...<6 lines>...
    )
    ^
  File "C:\Users\Usuario\AppData\Local\Programs\Python\Python314\Lib\site-packages\telegram\_bot.py", line 741, in _do_post
    result = await request.post(
             ^^^^^^^^^^^^^^^^^^^
    ...<6 lines>...
    )
    ^
  File "C:\Users\Usuario\AppData\Local\Programs\Python\Python314\Lib\site-packages\telegram\request\_baserequest.py", line 198, in post
    result = await self._request_wrapper(
             ^^^^^^^^^^^^^^^^^^^^^^^^^^^^
    ...<7 lines>...
    )
    ^
  File "C:\Users\Usuario\AppData\Local\Programs\Python\Python314\Lib\site-packages\telegram\request\_baserequest.py", line 375, in _request_wrapper
    raise exception
telegram.error.Conflict: Conflict: terminated by other getUpdates request; make sure that only one bot instance is running
2026-08-21 16:53:05,864 INFO HTTP Request: POST https://api.telegram.org/bot8853478714:AAGC7W_ilTDh48WegRYq5OPfHZpb2I3r018/getUpdates "HTTP/1.1 409 Conflict"
2026-08-21 16:53:05,865 ERROR Error no controlado en Telegram
Traceback (most recent call last):
  File "C:\Users\Usuario\AppData\Local\Programs\Python\Python314\Lib\site-packages\telegram\ext\_utils\networkloop.py", line 161, in network_retry_loop
    await do_action()
  File "C:\Users\Usuario\AppData\Local\Programs\Python\Python314\Lib\site-packages\telegram\ext\_utils\networkloop.py", line 154, in do_action
    action_cb_task.result()
    ~~~~~~~~~~~~~~~~~~~~~^^
  File "C:\Users\Usuario\AppData\Local\Programs\Python\Python314\Lib\site-packages\telegram\ext\_updater.py", line 340, in polling_action_cb
    updates = await self.bot.get_updates(
              ^^^^^^^^^^^^^^^^^^^^^^^^^^^
    ...<3 lines>...
    )
    ^
  File "C:\Users\Usuario\AppData\Local\Programs\Python\Python314\Lib\site-packages\telegram\ext\_extbot.py", line 680, in get_updates
    updates = await super().get_updates(
              ^^^^^^^^^^^^^^^^^^^^^^^^^^
    ...<9 lines>...
    )
    ^
  File "C:\Users\Usuario\AppData\Local\Programs\Python\Python314\Lib\site-packages\telegram\_bot.py", line 4767, in get_updates
    await self._post(
    ^^^^^^^^^^^^^^^^^
    ...<7 lines>...
    ),
    ^
  File "C:\Users\Usuario\AppData\Local\Programs\Python\Python314\Lib\site-packages\telegram\_bot.py", line 712, in _post
    return await self._do_post(
           ^^^^^^^^^^^^^^^^^^^^
    ...<6 lines>...
    )
    ^
  File "C:\Users\Usuario\AppData\Local\Programs\Python\Python314\Lib\site-packages\telegram\ext\_extbot.py", line 378, in _do_post
    return await super()._do_post(
           ^^^^^^^^^^^^^^^^^^^^^^^
    ...<6 lines>...
    )
    ^
  File "C:\Users\Usuario\AppData\Local\Programs\Python\Python314\Lib\site-packages\telegram\_bot.py", line 741, in _do_post
    result = await request.post(
             ^^^^^^^^^^^^^^^^^^^
    ...<6 lines>...
    )
    ^
  File "C:\Users\Usuario\AppData\Local\Programs\Python\Python314\Lib\site-packages\telegram\request\_baserequest.py", line 198, in post
    result = await self._request_wrapper(
             ^^^^^^^^^^^^^^^^^^^^^^^^^^^^
    ...<7 lines>...
    )
    ^
  File "C:\Users\Usuario\AppData\Local\Programs\Python\Python314\Lib\site-packages\telegram\request\_baserequest.py", line 375, in _request_wrapper
    raise exception
telegram.error.Conflict: Conflict: terminated by other getUpdates request; make sure that only one bot instance is running
2026-08-21 16:53:17,865 INFO HTTP Request: POST https://api.telegram.org/bot8853478714:AAGC7W_ilTDh48WegRYq5OPfHZpb2I3r018/getUpdates "HTTP/1.1 409 Conflict"
2026-08-21 16:53:17,867 ERROR Error no controlado en Telegram
Traceback (most recent call last):
  File "C:\Users\Usuario\AppData\Local\Programs\Python\Python314\Lib\site-packages\telegram\ext\_utils\networkloop.py", line 161, in network_retry_loop
    await do_action()
  File "C:\Users\Usuario\AppData\Local\Programs\Python\Python314\Lib\site-packages\telegram\ext\_utils\networkloop.py", line 154, in do_action
    action_cb_task.result()
    ~~~~~~~~~~~~~~~~~~~~~^^
  File "C:\Users\Usuario\AppData\Local\Programs\Python\Python314\Lib\site-packages\telegram\ext\_updater.py", line 340, in polling_action_cb
    updates = await self.bot.get_updates(
              ^^^^^^^^^^^^^^^^^^^^^^^^^^^
    ...<3 lines>...
    )
    ^
  File "C:\Users\Usuario\AppData\Local\Programs\Python\Python314\Lib\site-packages\telegram\ext\_extbot.py", line 680, in get_updates
    updates = await super().get_updates(
              ^^^^^^^^^^^^^^^^^^^^^^^^^^
    ...<9 lines>...
    )
    ^
  File "C:\Users\Usuario\AppData\Local\Programs\Python\Python314\Lib\site-packages\telegram\_bot.py", line 4767, in get_updates
    await self._post(
    ^^^^^^^^^^^^^^^^^
    ...<7 lines>...
    ),
    ^
  File "C:\Users\Usuario\AppData\Local\Programs\Python\Python314\Lib\site-packages\telegram\_bot.py", line 712, in _post
    return await self._do_post(
           ^^^^^^^^^^^^^^^^^^^^
    ...<6 lines>...
    )
    ^
  File "C:\Users\Usuario\AppData\Local\Programs\Python\Python314\Lib\site-packages\telegram\ext\_extbot.py", line 378, in _do_post
    return await super()._do_post(
           ^^^^^^^^^^^^^^^^^^^^^^^
    ...<6 lines>...
    )
    ^
  File "C:\Users\Usuario\AppData\Local\Programs\Python\Python314\Lib\site-packages\telegram\_bot.py", line 741, in _do_post
    result = await request.post(
             ^^^^^^^^^^^^^^^^^^^
    ...<6 lines>...
    )
    ^
  File "C:\Users\Usuario\AppData\Local\Programs\Python\Python314\Lib\site-packages\telegram\request\_baserequest.py", line 198, in post
    result = await self._request_wrapper(
             ^^^^^^^^^^^^^^^^^^^^^^^^^^^^
    ...<7 lines>...
    )
    ^
  File "C:\Users\Usuario\AppData\Local\Programs\Python\Python314\Lib\site-packages\telegram\request\_baserequest.py", line 375, in _request_wrapper
    raise exception
telegram.error.Conflict: Conflict: terminated by other getUpdates request; make sure that only one bot instance is running
2026-08-21 16:53:33,703 INFO HTTP Request: POST https://api.telegram.org/bot8853478714:AAGC7W_ilTDh48WegRYq5OPfHZpb2I3r018/getUpdates "HTTP/1.1 409 Conflict"
2026-08-21 16:53:33,704 ERROR Error no controlado en Telegram
Traceback (most recent call last):
  File "C:\Users\Usuario\AppData\Local\Programs\Python\Python314\Lib\site-packages\telegram\ext\_utils\networkloop.py", line 161, in network_retry_loop
    await do_action()
  File "C:\Users\Usuario\AppData\Local\Programs\Python\Python314\Lib\site-packages\telegram\ext\_utils\networkloop.py", line 154, in do_action
    action_cb_task.result()
    ~~~~~~~~~~~~~~~~~~~~~^^
  File "C:\Users\Usuario\AppData\Local\Programs\Python\Python314\Lib\site-packages\telegram\ext\_updater.py", line 340, in polling_action_cb
    updates = await self.bot.get_updates(
              ^^^^^^^^^^^^^^^^^^^^^^^^^^^
    ...<3 lines>...
    )
    ^
  File "C:\Users\Usuario\AppData\Local\Programs\Python\Python314\Lib\site-packages\telegram\ext\_extbot.py", line 680, in get_updates
    updates = await super().get_updates(
              ^^^^^^^^^^^^^^^^^^^^^^^^^^
    ...<9 lines>...
    )
    ^
  File "C:\Users\Usuario\AppData\Local\Programs\Python\Python314\Lib\site-packages\telegram\_bot.py", line 4767, in get_updates
    await self._post(
    ^^^^^^^^^^^^^^^^^
    ...<7 lines>...
    ),
    ^
  File "C:\Users\Usuario\AppData\Local\Programs\Python\Python314\Lib\site-packages\telegram\_bot.py", line 712, in _post
    return await self._do_post(
           ^^^^^^^^^^^^^^^^^^^^
    ...<6 lines>...
    )
    ^
  File "C:\Users\Usuario\AppData\Local\Programs\Python\Python314\Lib\site-packages\telegram\ext\_extbot.py", line 378, in _do_post
    return await super()._do_post(
           ^^^^^^^^^^^^^^^^^^^^^^^
    ...<6 lines>...
    )
    ^
  File "C:\Users\Usuario\AppData\Local\Programs\Python\Python314\Lib\site-packages\telegram\_bot.py", line 741, in _do_post
    result = await request.post(
             ^^^^^^^^^^^^^^^^^^^
    ...<6 lines>...
    )
    ^
  File "C:\Users\Usuario\AppData\Local\Programs\Python\Python314\Lib\site-packages\telegram\request\_baserequest.py", line 198, in post
    result = await self._request_wrapper(
             ^^^^^^^^^^^^^^^^^^^^^^^^^^^^
    ...<7 lines>...
    )
    ^
  File "C:\Users\Usuario\AppData\Local\Programs\Python\Python314\Lib\site-packages\telegram\request\_baserequest.py", line 375, in _request_wrapper
    raise exception
telegram.error.Conflict: Conflict: terminated by other getUpdates request; make sure that only one bot instance is running
2026-08-21 16:53:55,248 INFO HTTP Request: POST https://api.telegram.org/bot8853478714:AAGC7W_ilTDh48WegRYq5OPfHZpb2I3r018/getUpdates "HTTP/1.1 409 Conflict"
2026-08-21 16:53:55,249 ERROR Error no controlado en Telegram
Traceback (most recent call last):
  File "C:\Users\Usuario\AppData\Local\Programs\Python\Python314\Lib\site-packages\telegram\ext\_utils\networkloop.py", line 161, in network_retry_loop
    await do_action()
  File "C:\Users\Usuario\AppData\Local\Programs\Python\Python314\Lib\site-packages\telegram\ext\_utils\networkloop.py", line 154, in do_action
    action_cb_task.result()
    ~~~~~~~~~~~~~~~~~~~~~^^
  File "C:\Users\Usuario\AppData\Local\Programs\Python\Python314\Lib\site-packages\telegram\ext\_updater.py", line 340, in polling_action_cb
    updates = await self.bot.get_updates(
              ^^^^^^^^^^^^^^^^^^^^^^^^^^^
    ...<3 lines>...
    )
    ^
  File "C:\Users\Usuario\AppData\Local\Programs\Python\Python314\Lib\site-packages\telegram\ext\_extbot.py", line 680, in get_updates
    updates = await super().get_updates(
              ^^^^^^^^^^^^^^^^^^^^^^^^^^
    ...<9 lines>...
    )
    ^
  File "C:\Users\Usuario\AppData\Local\Programs\Python\Python314\Lib\site-packages\telegram\_bot.py", line 4767, in get_updates
    await self._post(
    ^^^^^^^^^^^^^^^^^
    ...<7 lines>...
    ),
    ^
  File "C:\Users\Usuario\AppData\Local\Programs\Python\Python314\Lib\site-packages\telegram\_bot.py", line 712, in _post
    return await self._do_post(
           ^^^^^^^^^^^^^^^^^^^^
    ...<6 lines>...
    )
    ^
  File "C:\Users\Usuario\AppData\Local\Programs\Python\Python314\Lib\site-packages\telegram\ext\_extbot.py", line 378, in _do_post
    return await super()._do_post(
           ^^^^^^^^^^^^^^^^^^^^^^^
    ...<6 lines>...
    )
    ^
  File "C:\Users\Usuario\AppData\Local\Programs\Python\Python314\Lib\site-packages\telegram\_bot.py", line 741, in _do_post
    result = await request.post(
             ^^^^^^^^^^^^^^^^^^^
    ...<6 lines>...
    )
    ^
  File "C:\Users\Usuario\AppData\Local\Programs\Python\Python314\Lib\site-packages\telegram\request\_baserequest.py", line 198, in post
    result = await self._request_wrapper(
             ^^^^^^^^^^^^^^^^^^^^^^^^^^^^
    ...<7 lines>...
    )
    ^
  File "C:\Users\Usuario\AppData\Local\Programs\Python\Python314\Lib\site-packages\telegram\request\_baserequest.py", line 375, in _request_wrapper
    raise exception
telegram.error.Conflict: Conflict: terminated by other getUpdates request; make sure that only one bot instance is running
2026-08-21 16:54:25,306 INFO HTTP Request: POST https://api.telegram.org/bot8853478714:AAGC7W_ilTDh48WegRYq5OPfHZpb2I3r018/getUpdates "HTTP/1.1 409 Conflict"
2026-08-21 16:54:25,307 ERROR Error no controlado en Telegram
Traceback (most recent call last):
  File "C:\Users\Usuario\AppData\Local\Programs\Python\Python314\Lib\site-packages\telegram\ext\_utils\networkloop.py", line 161, in network_retry_loop
    await do_action()
  File "C:\Users\Usuario\AppData\Local\Programs\Python\Python314\Lib\site-packages\telegram\ext\_utils\networkloop.py", line 154, in do_action
    action_cb_task.result()
    ~~~~~~~~~~~~~~~~~~~~~^^
  File "C:\Users\Usuario\AppData\Local\Programs\Python\Python314\Lib\site-packages\telegram\ext\_updater.py", line 340, in polling_action_cb
    updates = await self.bot.get_updates(
              ^^^^^^^^^^^^^^^^^^^^^^^^^^^
    ...<3 lines>...
    )
    ^
  File "C:\Users\Usuario\AppData\Local\Programs\Python\Python314\Lib\site-packages\telegram\ext\_extbot.py", line 680, in get_updates
    updates = await super().get_updates(
              ^^^^^^^^^^^^^^^^^^^^^^^^^^
    ...<9 lines>...
    )
    ^
  File "C:\Users\Usuario\AppData\Local\Programs\Python\Python314\Lib\site-packages\telegram\_bot.py", line 4767, in get_updates
    await self._post(
    ^^^^^^^^^^^^^^^^^
    ...<7 lines>...
    ),
    ^
  File "C:\Users\Usuario\AppData\Local\Programs\Python\Python314\Lib\site-packages\telegram\_bot.py", line 712, in _post
    return await self._do_post(
           ^^^^^^^^^^^^^^^^^^^^
    ...<6 lines>...
    )
    ^
  File "C:\Users\Usuario\AppData\Local\Programs\Python\Python314\Lib\site-packages\telegram\ext\_extbot.py", line 378, in _do_post
    return await super()._do_post(
           ^^^^^^^^^^^^^^^^^^^^^^^
    ...<6 lines>...
    )
    ^
  File "C:\Users\Usuario\AppData\Local\Programs\Python\Python314\Lib\site-packages\telegram\_bot.py", line 741, in _do_post
    result = await request.post(
             ^^^^^^^^^^^^^^^^^^^
    ...<6 lines>...
    )
    ^
  File "C:\Users\Usuario\AppData\Local\Programs\Python\Python314\Lib\site-packages\telegram\request\_baserequest.py", line 198, in post
    result = await self._request_wrapper(
             ^^^^^^^^^^^^^^^^^^^^^^^^^^^^
    ...<7 lines>...
    )
    ^
  File "C:\Users\Usuario\AppData\Local\Programs\Python\Python314\Lib\site-packages\telegram\request\_baserequest.py", line 375, in _request_wrapper
    raise exception
telegram.error.Conflict: Conflict: terminated by other getUpdates request; make sure that only one bot instance is running
2026-08-21 16:54:59,726 INFO HTTP Request: POST https://api.telegram.org/bot8853478714:AAGC7W_ilTDh48WegRYq5OPfHZpb2I3r018/getUpdates "HTTP/1.1 409 Conflict"
2026-08-21 16:54:59,727 ERROR Error no controlado en Telegram
Traceback (most recent call last):
  File "C:\Users\Usuario\AppData\Local\Programs\Python\Python314\Lib\site-packages\telegram\ext\_utils\networkloop.py", line 161, in network_retry_loop
    await do_action()
  File "C:\Users\Usuario\AppData\Local\Programs\Python\Python314\Lib\site-packages\telegram\ext\_utils\networkloop.py", line 154, in do_action
    action_cb_task.result()
    ~~~~~~~~~~~~~~~~~~~~~^^
  File "C:\Users\Usuario\AppData\Local\Programs\Python\Python314\Lib\site-packages\telegram\ext\_updater.py", line 340, in polling_action_cb
    updates = await self.bot.get_updates(
              ^^^^^^^^^^^^^^^^^^^^^^^^^^^
    ...<3 lines>...
    )
    ^
  File "C:\Users\Usuario\AppData\Local\Programs\Python\Python314\Lib\site-packages\telegram\ext\_extbot.py", line 680, in get_updates
    updates = await super().get_updates(
              ^^^^^^^^^^^^^^^^^^^^^^^^^^
    ...<9 lines>...
    )
    ^
  File "C:\Users\Usuario\AppData\Local\Programs\Python\Python314\Lib\site-packages\telegram\_bot.py", line 4767, in get_updates
    await self._post(
    ^^^^^^^^^^^^^^^^^
    ...<7 lines>...
    ),
    ^
  File "C:\Users\Usuario\AppData\Local\Programs\Python\Python314\Lib\site-packages\telegram\_bot.py", line 712, in _post
    return await self._do_post(
           ^^^^^^^^^^^^^^^^^^^^
    ...<6 lines>...
    )
    ^
  File "C:\Users\Usuario\AppData\Local\Programs\Python\Python314\Lib\site-packages\telegram\ext\_extbot.py", line 378, in _do_post
    return await super()._do_post(
           ^^^^^^^^^^^^^^^^^^^^^^^
    ...<6 lines>...
    )
    ^
  File "C:\Users\Usuario\AppData\Local\Programs\Python\Python314\Lib\site-packages\telegram\_bot.py", line 741, in _do_post
    result = await request.post(
             ^^^^^^^^^^^^^^^^^^^
    ...<6 lines>...
    )
    ^
  File "C:\Users\Usuario\AppData\Local\Programs\Python\Python314\Lib\site-packages\telegram\request\_baserequest.py", line 198, in post
    result = await self._request_wrapper(
             ^^^^^^^^^^^^^^^^^^^^^^^^^^^^
    ...<7 lines>...
    )
    ^
  File "C:\Users\Usuario\AppData\Local\Programs\Python\Python314\Lib\site-packages\telegram\request\_baserequest.py", line 375, in _request_wrapper
    raise exception
telegram.error.Conflict: Conflict: terminated by other getUpdates request; make sure that only one bot instance is running
2026-08-21 16:55:34,195 INFO HTTP Request: POST https://api.telegram.org/bot8853478714:AAGC7W_ilTDh48WegRYq5OPfHZpb2I3r018/getUpdates "HTTP/1.1 409 Conflict"
2026-08-21 16:55:34,196 ERROR Error no controlado en Telegram
Traceback (most recent call last):
  File "C:\Users\Usuario\AppData\Local\Programs\Python\Python314\Lib\site-packages\telegram\ext\_utils\networkloop.py", line 161, in network_retry_loop
    await do_action()
  File "C:\Users\Usuario\AppData\Local\Programs\Python\Python314\Lib\site-packages\telegram\ext\_utils\networkloop.py", line 154, in do_action
    action_cb_task.result()
    ~~~~~~~~~~~~~~~~~~~~~^^
  File "C:\Users\Usuario\AppData\Local\Programs\Python\Python314\Lib\site-packages\telegram\ext\_updater.py", line 340, in polling_action_cb
    updates = await self.bot.get_updates(
              ^^^^^^^^^^^^^^^^^^^^^^^^^^^
    ...<3 lines>...
    )
    ^
  File "C:\Users\Usuario\AppData\Local\Programs\Python\Python314\Lib\site-packages\telegram\ext\_extbot.py", line 680, in get_updates
    updates = await super().get_updates(
              ^^^^^^^^^^^^^^^^^^^^^^^^^^
    ...<9 lines>...
    )
    ^
  File "C:\Users\Usuario\AppData\Local\Programs\Python\Python314\Lib\site-packages\telegram\_bot.py", line 4767, in get_updates
    await self._post(
    ^^^^^^^^^^^^^^^^^
    ...<7 lines>...
    ),
    ^
  File "C:\Users\Usuario\AppData\Local\Programs\Python\Python314\Lib\site-packages\telegram\_bot.py", line 712, in _post
    return await self._do_post(
           ^^^^^^^^^^^^^^^^^^^^
    ...<6 lines>...
    )
    ^
  File "C:\Users\Usuario\AppData\Local\Programs\Python\Python314\Lib\site-packages\telegram\ext\_extbot.py", line 378, in _do_post
    return await super()._do_post(
           ^^^^^^^^^^^^^^^^^^^^^^^
    ...<6 lines>...
    )
    ^
  File "C:\Users\Usuario\AppData\Local\Programs\Python\Python314\Lib\site-packages\telegram\_bot.py", line 741, in _do_post
    result = await request.post(
             ^^^^^^^^^^^^^^^^^^^
    ...<6 lines>...
    )
    ^
  File "C:\Users\Usuario\AppData\Local\Programs\Python\Python314\Lib\site-packages\telegram\request\_baserequest.py", line 198, in post
    result = await self._request_wrapper(
             ^^^^^^^^^^^^^^^^^^^^^^^^^^^^
    ...<7 lines>...
    )
    ^
  File "C:\Users\Usuario\AppData\Local\Programs\Python\Python314\Lib\site-packages\telegram\request\_baserequest.py", line 375, in _request_wrapper
    raise exception
telegram.error.Conflict: Conflict: terminated by other getUpdates request; make sure that only one bot instance is running
2026-08-21 16:56:08,644 INFO HTTP Request: POST https://api.telegram.org/bot8853478714:AAGC7W_ilTDh48WegRYq5OPfHZpb2I3r018/getUpdates "HTTP/1.1 409 Conflict"
2026-08-21 16:56:08,645 ERROR Error no controlado en Telegram
Traceback (most recent call last):
  File "C:\Users\Usuario\AppData\Local\Programs\Python\Python314\Lib\site-packages\telegram\ext\_utils\networkloop.py", line 161, in network_retry_loop
    await do_action()
  File "C:\Users\Usuario\AppData\Local\Programs\Python\Python314\Lib\site-packages\telegram\ext\_utils\networkloop.py", line 154, in do_action
    action_cb_task.result()
    ~~~~~~~~~~~~~~~~~~~~~^^
  File "C:\Users\Usuario\AppData\Local\Programs\Python\Python314\Lib\site-packages\telegram\ext\_updater.py", line 340, in polling_action_cb
    updates = await self.bot.get_updates(
              ^^^^^^^^^^^^^^^^^^^^^^^^^^^
    ...<3 lines>...
    )
    ^
  File "C:\Users\Usuario\AppData\Local\Programs\Python\Python314\Lib\site-packages\telegram\ext\_extbot.py", line 680, in get_updates
    updates = await super().get_updates(
              ^^^^^^^^^^^^^^^^^^^^^^^^^^
    ...<9 lines>...
    )
    ^
  File "C:\Users\Usuario\AppData\Local\Programs\Python\Python314\Lib\site-packages\telegram\_bot.py", line 4767, in get_updates
    await self._post(
    ^^^^^^^^^^^^^^^^^
    ...<7 lines>...
    ),
    ^
  File "C:\Users\Usuario\AppData\Local\Programs\Python\Python314\Lib\site-packages\telegram\_bot.py", line 712, in _post
    return await self._do_post(
           ^^^^^^^^^^^^^^^^^^^^
    ...<6 lines>...
    )
    ^
  File "C:\Users\Usuario\AppData\Local\Programs\Python\Python314\Lib\site-packages\telegram\ext\_extbot.py", line 378, in _do_post
    return await super()._do_post(
           ^^^^^^^^^^^^^^^^^^^^^^^
    ...<6 lines>...
    )
    ^
  File "C:\Users\Usuario\AppData\Local\Programs\Python\Python314\Lib\site-packages\telegram\_bot.py", line 741, in _do_post
    result = await request.post(
             ^^^^^^^^^^^^^^^^^^^
    ...<6 lines>...
    )
    ^
  File "C:\Users\Usuario\AppData\Local\Programs\Python\Python314\Lib\site-packages\telegram\request\_baserequest.py", line 198, in post
    result = await self._request_wrapper(
             ^^^^^^^^^^^^^^^^^^^^^^^^^^^^
    ...<7 lines>...
    )
    ^
  File "C:\Users\Usuario\AppData\Local\Programs\Python\Python314\Lib\site-packages\telegram\request\_baserequest.py", line 375, in _request_wrapper
    raise exception
telegram.error.Conflict: Conflict: terminated by other getUpdates request; make sure that only one bot instance is running
2026-08-21 16:56:43,073 INFO HTTP Request: POST https://api.telegram.org/bot8853478714:AAGC7W_ilTDh48WegRYq5OPfHZpb2I3r018/getUpdates "HTTP/1.1 409 Conflict"
2026-08-21 16:56:43,074 ERROR Error no controlado en Telegram
Traceback (most recent call last):
  File "C:\Users\Usuario\AppData\Local\Programs\Python\Python314\Lib\site-packages\telegram\ext\_utils\networkloop.py", line 161, in network_retry_loop
    await do_action()
  File "C:\Users\Usuario\AppData\Local\Programs\Python\Python314\Lib\site-packages\telegram\ext\_utils\networkloop.py", line 154, in do_action
    action_cb_task.result()
    ~~~~~~~~~~~~~~~~~~~~~^^
  File "C:\Users\Usuario\AppData\Local\Programs\Python\Python314\Lib\site-packages\telegram\ext\_updater.py", line 340, in polling_action_cb
    updates = await self.bot.get_updates(
              ^^^^^^^^^^^^^^^^^^^^^^^^^^^
    ...<3 lines>...
    )
    ^
  File "C:\Users\Usuario\AppData\Local\Programs\Python\Python314\Lib\site-packages\telegram\ext\_extbot.py", line 680, in get_updates
    updates = await super().get_updates(
              ^^^^^^^^^^^^^^^^^^^^^^^^^^
    ...<9 lines>...
    )
    ^
  File "C:\Users\Usuario\AppData\Local\Programs\Python\Python314\Lib\site-packages\telegram\_bot.py", line 4767, in get_updates
    await self._post(
    ^^^^^^^^^^^^^^^^^
    ...<7 lines>...
    ),
    ^
  File "C:\Users\Usuario\AppData\Local\Programs\Python\Python314\Lib\site-packages\telegram\_bot.py", line 712, in _post
    return await self._do_post(
           ^^^^^^^^^^^^^^^^^^^^
    ...<6 lines>...
    )
    ^
  File "C:\Users\Usuario\AppData\Local\Programs\Python\Python314\Lib\site-packages\telegram\ext\_extbot.py", line 378, in _do_post
    return await super()._do_post(
           ^^^^^^^^^^^^^^^^^^^^^^^
    ...<6 lines>...
    )
    ^
  File "C:\Users\Usuario\AppData\Local\Programs\Python\Python314\Lib\site-packages\telegram\_bot.py", line 741, in _do_post
    result = await request.post(
             ^^^^^^^^^^^^^^^^^^^
    ...<6 lines>...
    )
    ^
  File "C:\Users\Usuario\AppData\Local\Programs\Python\Python314\Lib\site-packages\telegram\request\_baserequest.py", line 198, in post
    result = await self._request_wrapper(
             ^^^^^^^^^^^^^^^^^^^^^^^^^^^^
    ...<7 lines>...
    )
    ^
  File "C:\Users\Usuario\AppData\Local\Programs\Python\Python314\Lib\site-packages\telegram\request\_baserequest.py", line 375, in _request_wrapper
    raise exception
telegram.error.Conflict: Conflict: terminated by other getUpdates request; make sure that only one bot instance is running
2026-08-21 16:57:17,602 INFO HTTP Request: POST https://api.telegram.org/bot8853478714:AAGC7W_ilTDh48WegRYq5OPfHZpb2I3r018/getUpdates "HTTP/1.1 409 Conflict"
2026-08-21 16:57:17,603 ERROR Error no controlado en Telegram
Traceback (most recent call last):
  File "C:\Users\Usuario\AppData\Local\Programs\Python\Python314\Lib\site-packages\telegram\ext\_utils\networkloop.py", line 161, in network_retry_loop
    await do_action()
  File "C:\Users\Usuario\AppData\Local\Programs\Python\Python314\Lib\site-packages\telegram\ext\_utils\networkloop.py", line 154, in do_action
    action_cb_task.result()
    ~~~~~~~~~~~~~~~~~~~~~^^
  File "C:\Users\Usuario\AppData\Local\Programs\Python\Python314\Lib\site-packages\telegram\ext\_updater.py", line 340, in polling_action_cb
    updates = await self.bot.get_updates(
              ^^^^^^^^^^^^^^^^^^^^^^^^^^^
    ...<3 lines>...
    )
    ^
  File "C:\Users\Usuario\AppData\Local\Programs\Python\Python314\Lib\site-packages\telegram\ext\_extbot.py", line 680, in get_updates
    updates = await super().get_updates(
              ^^^^^^^^^^^^^^^^^^^^^^^^^^
    ...<9 lines>...
    )
    ^
  File "C:\Users\Usuario\AppData\Local\Programs\Python\Python314\Lib\site-packages\telegram\_bot.py", line 4767, in get_updates
    await self._post(
    ^^^^^^^^^^^^^^^^^
    ...<7 lines>...
    ),
    ^
  File "C:\Users\Usuario\AppData\Local\Programs\Python\Python314\Lib\site-packages\telegram\_bot.py", line 712, in _post
    return await self._do_post(
           ^^^^^^^^^^^^^^^^^^^^
    ...<6 lines>...
    )
    ^
  File "C:\Users\Usuario\AppData\Local\Programs\Python\Python314\Lib\site-packages\telegram\ext\_extbot.py", line 378, in _do_post
    return await super()._do_post(
           ^^^^^^^^^^^^^^^^^^^^^^^
    ...<6 lines>...
    )
    ^
  File "C:\Users\Usuario\AppData\Local\Programs\Python\Python314\Lib\site-packages\telegram\_bot.py", line 741, in _do_post
    result = await request.post(
             ^^^^^^^^^^^^^^^^^^^
    ...<6 lines>...
    )
    ^
  File "C:\Users\Usuario\AppData\Local\Programs\Python\Python314\Lib\site-packages\telegram\request\_baserequest.py", line 198, in post
    result = await self._request_wrapper(
             ^^^^^^^^^^^^^^^^^^^^^^^^^^^^
    ...<7 lines>...
    )
    ^
  File "C:\Users\Usuario\AppData\Local\Programs\Python\Python314\Lib\site-packages\telegram\request\_baserequest.py", line 375, in _request_wrapper
    raise exception
telegram.error.Conflict: Conflict: terminated by other getUpdates request; make sure that only one bot instance is running
2026-08-21 16:57:52,138 INFO HTTP Request: POST https://api.telegram.org/bot8853478714:AAGC7W_ilTDh48WegRYq5OPfHZpb2I3r018/getUpdates "HTTP/1.1 409 Conflict"
2026-08-21 16:57:52,139 ERROR Error no controlado en Telegram
Traceback (most recent call last):
  File "C:\Users\Usuario\AppData\Local\Programs\Python\Python314\Lib\site-packages\telegram\ext\_utils\networkloop.py", line 161, in network_retry_loop
    await do_action()
  File "C:\Users\Usuario\AppData\Local\Programs\Python\Python314\Lib\site-packages\telegram\ext\_utils\networkloop.py", line 154, in do_action
    action_cb_task.result()
    ~~~~~~~~~~~~~~~~~~~~~^^
  File "C:\Users\Usuario\AppData\Local\Programs\Python\Python314\Lib\site-packages\telegram\ext\_updater.py", line 340, in polling_action_cb
    updates = await self.bot.get_updates(
              ^^^^^^^^^^^^^^^^^^^^^^^^^^^
    ...<3 lines>...
    )
    ^
  File "C:\Users\Usuario\AppData\Local\Programs\Python\Python314\Lib\site-packages\telegram\ext\_extbot.py", line 680, in get_updates
    updates = await super().get_updates(
              ^^^^^^^^^^^^^^^^^^^^^^^^^^
    ...<9 lines>...
    )
    ^
  File "C:\Users\Usuario\AppData\Local\Programs\Python\Python314\Lib\site-packages\telegram\_bot.py", line 4767, in get_updates
    await self._post(
    ^^^^^^^^^^^^^^^^^
    ...<7 lines>...
    ),
    ^
  File "C:\Users\Usuario\AppData\Local\Programs\Python\Python314\Lib\site-packages\telegram\_bot.py", line 712, in _post
    return await self._do_post(
           ^^^^^^^^^^^^^^^^^^^^
    ...<6 lines>...
    )
    ^
  File "C:\Users\Usuario\AppData\Local\Programs\Python\Python314\Lib\site-packages\telegram\ext\_extbot.py", line 378, in _do_post
    return await super()._do_post(
           ^^^^^^^^^^^^^^^^^^^^^^^
    ...<6 lines>...
    )
    ^
  File "C:\Users\Usuario\AppData\Local\Programs\Python\Python314\Lib\site-packages\telegram\_bot.py", line 741, in _do_post
    result = await request.post(
             ^^^^^^^^^^^^^^^^^^^
    ...<6 lines>...
    )
    ^
  File "C:\Users\Usuario\AppData\Local\Programs\Python\Python314\Lib\site-packages\telegram\request\_baserequest.py", line 198, in post
    result = await self._request_wrapper(
             ^^^^^^^^^^^^^^^^^^^^^^^^^^^^
    ...<7 lines>...
    )
    ^
  File "C:\Users\Usuario\AppData\Local\Programs\Python\Python314\Lib\site-packages\telegram\request\_baserequest.py", line 375, in _request_wrapper
    raise exception
telegram.error.Conflict: Conflict: terminated by other getUpdates request; make sure that only one bot instance is running
2026-08-21 16:58:26,661 INFO HTTP Request: POST https://api.telegram.org/bot8853478714:AAGC7W_ilTDh48WegRYq5OPfHZpb2I3r018/getUpdates "HTTP/1.1 409 Conflict"
2026-08-21 16:58:26,662 ERROR Error no controlado en Telegram
Traceback (most recent call last):
  File "C:\Users\Usuario\AppData\Local\Programs\Python\Python314\Lib\site-packages\telegram\ext\_utils\networkloop.py", line 161, in network_retry_loop
    await do_action()
  File "C:\Users\Usuario\AppData\Local\Programs\Python\Python314\Lib\site-packages\telegram\ext\_utils\networkloop.py", line 154, in do_action
    action_cb_task.result()
    ~~~~~~~~~~~~~~~~~~~~~^^
  File "C:\Users\Usuario\AppData\Local\Programs\Python\Python314\Lib\site-packages\telegram\ext\_updater.py", line 340, in polling_action_cb
    updates = await self.bot.get_updates(
              ^^^^^^^^^^^^^^^^^^^^^^^^^^^
    ...<3 lines>...
    )
    ^
  File "C:\Users\Usuario\AppData\Local\Programs\Python\Python314\Lib\site-packages\telegram\ext\_extbot.py", line 680, in get_updates
    updates = await super().get_updates(
              ^^^^^^^^^^^^^^^^^^^^^^^^^^
    ...<9 lines>...
    )
    ^
  File "C:\Users\Usuario\AppData\Local\Programs\Python\Python314\Lib\site-packages\telegram\_bot.py", line 4767, in get_updates
    await self._post(
    ^^^^^^^^^^^^^^^^^
    ...<7 lines>...
    ),
    ^
  File "C:\Users\Usuario\AppData\Local\Programs\Python\Python314\Lib\site-packages\telegram\_bot.py", line 712, in _post
    return await self._do_post(
           ^^^^^^^^^^^^^^^^^^^^
    ...<6 lines>...
    )
    ^
  File "C:\Users\Usuario\AppData\Local\Programs\Python\Python314\Lib\site-packages\telegram\ext\_extbot.py", line 378, in _do_post
    return await super()._do_post(
           ^^^^^^^^^^^^^^^^^^^^^^^
    ...<6 lines>...
    )
    ^
  File "C:\Users\Usuario\AppData\Local\Programs\Python\Python314\Lib\site-packages\telegram\_bot.py", line 741, in _do_post
    result = await request.post(
             ^^^^^^^^^^^^^^^^^^^
    ...<6 lines>...
    )
    ^
  File "C:\Users\Usuario\AppData\Local\Programs\Python\Python314\Lib\site-packages\telegram\request\_baserequest.py", line 198, in post
    result = await self._request_wrapper(
             ^^^^^^^^^^^^^^^^^^^^^^^^^^^^
    ...<7 lines>...
    )
    ^
  File "C:\Users\Usuario\AppData\Local\Programs\Python\Python314\Lib\site-packages\telegram\request\_baserequest.py", line 375, in _request_wrapper
    raise exception
telegram.error.Conflict: Conflict: terminated by other getUpdates request; make sure that only one bot instance is running
2026-08-21 16:59:01,160 INFO HTTP Request: POST https://api.telegram.org/bot8853478714:AAGC7W_ilTDh48WegRYq5OPfHZpb2I3r018/getUpdates "HTTP/1.1 409 Conflict"
2026-08-21 16:59:01,161 ERROR Error no controlado en Telegram
Traceback (most recent call last):
  File "C:\Users\Usuario\AppData\Local\Programs\Python\Python314\Lib\site-packages\telegram\ext\_utils\networkloop.py", line 161, in network_retry_loop
    await do_action()
  File "C:\Users\Usuario\AppData\Local\Programs\Python\Python314\Lib\site-packages\telegram\ext\_utils\networkloop.py", line 154, in do_action
    action_cb_task.result()
    ~~~~~~~~~~~~~~~~~~~~~^^
  File "C:\Users\Usuario\AppData\Local\Programs\Python\Python314\Lib\site-packages\telegram\ext\_updater.py", line 340, in polling_action_cb
    updates = await self.bot.get_updates(
              ^^^^^^^^^^^^^^^^^^^^^^^^^^^
    ...<3 lines>...
    )
    ^
  File "C:\Users\Usuario\AppData\Local\Programs\Python\Python314\Lib\site-packages\telegram\ext\_extbot.py", line 680, in get_updates
    updates = await super().get_updates(
              ^^^^^^^^^^^^^^^^^^^^^^^^^^
    ...<9 lines>...
    )
    ^
  File "C:\Users\Usuario\AppData\Local\Programs\Python\Python314\Lib\site-packages\telegram\_bot.py", line 4767, in get_updates
    await self._post(
    ^^^^^^^^^^^^^^^^^
    ...<7 lines>...
    ),
    ^
  File "C:\Users\Usuario\AppData\Local\Programs\Python\Python314\Lib\site-packages\telegram\_bot.py", line 712, in _post
    return await self._do_post(
           ^^^^^^^^^^^^^^^^^^^^
    ...<6 lines>...
    )
    ^
  File "C:\Users\Usuario\AppData\Local\Programs\Python\Python314\Lib\site-packages\telegram\ext\_extbot.py", line 378, in _do_post
    return await super()._do_post(
           ^^^^^^^^^^^^^^^^^^^^^^^
    ...<6 lines>...
    )
    ^
  File "C:\Users\Usuario\AppData\Local\Programs\Python\Python314\Lib\site-packages\telegram\_bot.py", line 741, in _do_post
    result = await request.post(
             ^^^^^^^^^^^^^^^^^^^
    ...<6 lines>...
    )
    ^
  File "C:\Users\Usuario\AppData\Local\Programs\Python\Python314\Lib\site-packages\telegram\request\_baserequest.py", line 198, in post
    result = await self._request_wrapper(
             ^^^^^^^^^^^^^^^^^^^^^^^^^^^^
    ...<7 lines>...
    )
    ^
  File "C:\Users\Usuario\AppData\Local\Programs\Python\Python314\Lib\site-packages\telegram\request\_baserequest.py", line 375, in _request_wrapper
    raise exception
telegram.error.Conflict: Conflict: terminated by other getUpdates request; make sure that only one bot instance is running
2026-08-21 16:59:35,642 INFO HTTP Request: POST https://api.telegram.org/bot8853478714:AAGC7W_ilTDh48WegRYq5OPfHZpb2I3r018/getUpdates "HTTP/1.1 409 Conflict"
2026-08-21 16:59:35,643 ERROR Error no controlado en Telegram
Traceback (most recent call last):
  File "C:\Users\Usuario\AppData\Local\Programs\Python\Python314\Lib\site-packages\telegram\ext\_utils\networkloop.py", line 161, in network_retry_loop
    await do_action()
  File "C:\Users\Usuario\AppData\Local\Programs\Python\Python314\Lib\site-packages\telegram\ext\_utils\networkloop.py", line 154, in do_action
    action_cb_task.result()
    ~~~~~~~~~~~~~~~~~~~~~^^
  File "C:\Users\Usuario\AppData\Local\Programs\Python\Python314\Lib\site-packages\telegram\ext\_updater.py", line 340, in polling_action_cb
    updates = await self.bot.get_updates(
              ^^^^^^^^^^^^^^^^^^^^^^^^^^^
    ...<3 lines>...
    )
    ^
  File "C:\Users\Usuario\AppData\Local\Programs\Python\Python314\Lib\site-packages\telegram\ext\_extbot.py", line 680, in get_updates
    updates = await super().get_updates(
              ^^^^^^^^^^^^^^^^^^^^^^^^^^
    ...<9 lines>...
    )
    ^
  File "C:\Users\Usuario\AppData\Local\Programs\Python\Python314\Lib\site-packages\telegram\_bot.py", line 4767, in get_updates
    await self._post(
    ^^^^^^^^^^^^^^^^^
    ...<7 lines>...
    ),
    ^
  File "C:\Users\Usuario\AppData\Local\Programs\Python\Python314\Lib\site-packages\telegram\_bot.py", line 712, in _post
    return await self._do_post(
           ^^^^^^^^^^^^^^^^^^^^
    ...<6 lines>...
    )
    ^
  File "C:\Users\Usuario\AppData\Local\Programs\Python\Python314\Lib\site-packages\telegram\ext\_extbot.py", line 378, in _do_post
    return await super()._do_post(
           ^^^^^^^^^^^^^^^^^^^^^^^
    ...<6 lines>...
    )
    ^
  File "C:\Users\Usuario\AppData\Local\Programs\Python\Python314\Lib\site-packages\telegram\_bot.py", line 741, in _do_post
    result = await request.post(
             ^^^^^^^^^^^^^^^^^^^
    ...<6 lines>...
    )
    ^
  File "C:\Users\Usuario\AppData\Local\Programs\Python\Python314\Lib\site-packages\telegram\request\_baserequest.py", line 198, in post
    result = await self._request_wrapper(
             ^^^^^^^^^^^^^^^^^^^^^^^^^^^^
    ...<7 lines>...
    )
    ^
  File "C:\Users\Usuario\AppData\Local\Programs\Python\Python314\Lib\site-packages\telegram\request\_baserequest.py", line 375, in _request_wrapper
    raise exception
telegram.error.Conflict: Conflict: terminated by other getUpdates request; make sure that only one bot instance is running
2026-08-21 17:00:10,175 INFO HTTP Request: POST https://api.telegram.org/bot8853478714:AAGC7W_ilTDh48WegRYq5OPfHZpb2I3r018/getUpdates "HTTP/1.1 409 Conflict"
2026-08-21 17:00:10,176 ERROR Error no controlado en Telegram
Traceback (most recent call last):
  File "C:\Users\Usuario\AppData\Local\Programs\Python\Python314\Lib\site-packages\telegram\ext\_utils\networkloop.py", line 161, in network_retry_loop
    await do_action()
  File "C:\Users\Usuario\AppData\Local\Programs\Python\Python314\Lib\site-packages\telegram\ext\_utils\networkloop.py", line 154, in do_action
    action_cb_task.result()
    ~~~~~~~~~~~~~~~~~~~~~^^
  File "C:\Users\Usuario\AppData\Local\Programs\Python\Python314\Lib\site-packages\telegram\ext\_updater.py", line 340, in polling_action_cb
    updates = await self.bot.get_updates(
              ^^^^^^^^^^^^^^^^^^^^^^^^^^^
    ...<3 lines>...
    )
    ^
  File "C:\Users\Usuario\AppData\Local\Programs\Python\Python314\Lib\site-packages\telegram\ext\_extbot.py", line 680, in get_updates
    updates = await super().get_updates(
              ^^^^^^^^^^^^^^^^^^^^^^^^^^
    ...<9 lines>...
    )
    ^
  File "C:\Users\Usuario\AppData\Local\Programs\Python\Python314\Lib\site-packages\telegram\_bot.py", line 4767, in get_updates
    await self._post(
    ^^^^^^^^^^^^^^^^^
    ...<7 lines>...
    ),
    ^
  File "C:\Users\Usuario\AppData\Local\Programs\Python\Python314\Lib\site-packages\telegram\_bot.py", line 712, in _post
    return await self._do_post(
           ^^^^^^^^^^^^^^^^^^^^
    ...<6 lines>...
    )
    ^
  File "C:\Users\Usuario\AppData\Local\Programs\Python\Python314\Lib\site-packages\telegram\ext\_extbot.py", line 378, in _do_post
    return await super()._do_post(
           ^^^^^^^^^^^^^^^^^^^^^^^
    ...<6 lines>...
    )
    ^
  File "C:\Users\Usuario\AppData\Local\Programs\Python\Python314\Lib\site-packages\telegram\_bot.py", line 741, in _do_post
    result = await request.post(
             ^^^^^^^^^^^^^^^^^^^
    ...<6 lines>...
    )
    ^
  File "C:\Users\Usuario\AppData\Local\Programs\Python\Python314\Lib\site-packages\telegram\request\_baserequest.py", line 198, in post
    result = await self._request_wrapper(
             ^^^^^^^^^^^^^^^^^^^^^^^^^^^^
    ...<7 lines>...
    )
    ^
  File "C:\Users\Usuario\AppData\Local\Programs\Python\Python314\Lib\site-packages\telegram\request\_baserequest.py", line 375, in _request_wrapper
    raise exception
telegram.error.Conflict: Conflict: terminated by other getUpdates request; make sure that only one bot instance is running
2026-08-21 17:00:39,424 ERROR Task was destroyed but it is pending!
task: <Task pending name='Application:8853478714:update_fetcher' coro=<Application._update_fetcher() running at C:\Users\Usuario\AppData\Local\Programs\Python\Python314\Lib\site-packages\telegram\ext\_application.py:1233> wait_for=<Future pending cb=[Task.task_wakeup()]>>
2026-08-21 17:00:39,425 ERROR Task was destroyed but it is pending!
task: <Task pending name='Updater:start_polling:polling_task' coro=<network_retry_loop() running at C:\Users\Usuario\AppData\Local\Programs\Python\Python314\Lib\site-packages\telegram\ext\_utils\networkloop.py:200> wait_for=<Future pending cb=[Task.task_wakeup()]> cb=[Task.task_wakeup()]>
2026-08-21 17:01:55,542 INFO HTTP Request: POST https://api.telegram.org/bot8853478714:AAGC7W_ilTDh48WegRYq5OPfHZpb2I3r018/getMe "HTTP/1.1 200 OK"
2026-08-21 17:01:55,671 INFO HTTP Request: POST https://api.telegram.org/bot8853478714:AAGC7W_ilTDh48WegRYq5OPfHZpb2I3r018/deleteWebhook "HTTP/1.1 200 OK"
2026-08-21 17:01:55,674 INFO Application started
2026-08-21 17:02:00,136 INFO HTTP Request: POST https://api.telegram.org/bot8853478714:AAGC7W_ilTDh48WegRYq5OPfHZpb2I3r018/getUpdates "HTTP/1.1 409 Conflict"
2026-08-21 17:02:00,138 ERROR Error no controlado en Telegram
Traceback (most recent call last):
  File "C:\Users\Usuario\AppData\Local\Programs\Python\Python314\Lib\site-packages\telegram\ext\_utils\networkloop.py", line 161, in network_retry_loop
    await do_action()
  File "C:\Users\Usuario\AppData\Local\Programs\Python\Python314\Lib\site-packages\telegram\ext\_utils\networkloop.py", line 154, in do_action
    action_cb_task.result()
    ~~~~~~~~~~~~~~~~~~~~~^^
  File "C:\Users\Usuario\AppData\Local\Programs\Python\Python314\Lib\site-packages\telegram\ext\_updater.py", line 340, in polling_action_cb
    updates = await self.bot.get_updates(
              ^^^^^^^^^^^^^^^^^^^^^^^^^^^
    ...<3 lines>...
    )
    ^
  File "C:\Users\Usuario\AppData\Local\Programs\Python\Python314\Lib\site-packages\telegram\ext\_extbot.py", line 680, in get_updates
    updates = await super().get_updates(
              ^^^^^^^^^^^^^^^^^^^^^^^^^^
    ...<9 lines>...
    )
    ^
  File "C:\Users\Usuario\AppData\Local\Programs\Python\Python314\Lib\site-packages\telegram\_bot.py", line 4767, in get_updates
    await self._post(
    ^^^^^^^^^^^^^^^^^
    ...<7 lines>...
    ),
    ^
  File "C:\Users\Usuario\AppData\Local\Programs\Python\Python314\Lib\site-packages\telegram\_bot.py", line 712, in _post
    return await self._do_post(
           ^^^^^^^^^^^^^^^^^^^^
    ...<6 lines>...
    )
    ^
  File "C:\Users\Usuario\AppData\Local\Programs\Python\Python314\Lib\site-packages\telegram\ext\_extbot.py", line 378, in _do_post
    return await super()._do_post(
           ^^^^^^^^^^^^^^^^^^^^^^^
    ...<6 lines>...
    )
    ^
  File "C:\Users\Usuario\AppData\Local\Programs\Python\Python314\Lib\site-packages\telegram\_bot.py", line 741, in _do_post
    result = await request.post(
             ^^^^^^^^^^^^^^^^^^^
    ...<6 lines>...
    )
    ^
  File "C:\Users\Usuario\AppData\Local\Programs\Python\Python314\Lib\site-packages\telegram\request\_baserequest.py", line 198, in post
    result = await self._request_wrapper(
             ^^^^^^^^^^^^^^^^^^^^^^^^^^^^
    ...<7 lines>...
    )
    ^
  File "C:\Users\Usuario\AppData\Local\Programs\Python\Python314\Lib\site-packages\telegram\request\_baserequest.py", line 375, in _request_wrapper
    raise exception
telegram.error.Conflict: Conflict: terminated by other getUpdates request; make sure that only one bot instance is running
2026-08-21 17:02:01,276 INFO HTTP Request: POST https://api.telegram.org/bot8853478714:AAGC7W_ilTDh48WegRYq5OPfHZpb2I3r018/getUpdates "HTTP/1.1 200 OK"
2026-08-21 17:02:01,829 INFO HTTP Request: POST https://api.telegram.org/bot8853478714:AAGC7W_ilTDh48WegRYq5OPfHZpb2I3r018/sendMessage "HTTP/1.1 200 OK"
2026-08-21 17:02:02,360 INFO HTTP Request: POST https://api.telegram.org/bot8853478714:AAGC7W_ilTDh48WegRYq5OPfHZpb2I3r018/editMessageText "HTTP/1.1 200 OK"
2026-08-21 17:02:05,504 INFO HTTP Request: POST https://api.telegram.org/bot8853478714:AAGC7W_ilTDh48WegRYq5OPfHZpb2I3r018/getUpdates "HTTP/1.1 409 Conflict"
2026-08-21 17:02:05,505 ERROR Error no controlado en Telegram
Traceback (most recent call last):
  File "C:\Users\Usuario\AppData\Local\Programs\Python\Python314\Lib\site-packages\telegram\ext\_utils\networkloop.py", line 161, in network_retry_loop
    await do_action()
  File "C:\Users\Usuario\AppData\Local\Programs\Python\Python314\Lib\site-packages\telegram\ext\_utils\networkloop.py", line 154, in do_action
    action_cb_task.result()
    ~~~~~~~~~~~~~~~~~~~~~^^
  File "C:\Users\Usuario\AppData\Local\Programs\Python\Python314\Lib\site-packages\telegram\ext\_updater.py", line 340, in polling_action_cb
    updates = await self.bot.get_updates(
              ^^^^^^^^^^^^^^^^^^^^^^^^^^^
    ...<3 lines>...
    )
    ^
  File "C:\Users\Usuario\AppData\Local\Programs\Python\Python314\Lib\site-packages\telegram\ext\_extbot.py", line 680, in get_updates
    updates = await super().get_updates(
              ^^^^^^^^^^^^^^^^^^^^^^^^^^
    ...<9 lines>...
    )
    ^
  File "C:\Users\Usuario\AppData\Local\Programs\Python\Python314\Lib\site-packages\telegram\_bot.py", line 4767, in get_updates
    await self._post(
    ^^^^^^^^^^^^^^^^^
    ...<7 lines>...
    ),
    ^
  File "C:\Users\Usuario\AppData\Local\Programs\Python\Python314\Lib\site-packages\telegram\_bot.py", line 712, in _post
    return await self._do_post(
           ^^^^^^^^^^^^^^^^^^^^
    ...<6 lines>...
    )
    ^
  File "C:\Users\Usuario\AppData\Local\Programs\Python\Python314\Lib\site-packages\telegram\ext\_extbot.py", line 378, in _do_post
    return await super()._do_post(
           ^^^^^^^^^^^^^^^^^^^^^^^
    ...<6 lines>...
    )
    ^
  File "C:\Users\Usuario\AppData\Local\Programs\Python\Python314\Lib\site-packages\telegram\_bot.py", line 741, in _do_post
    result = await request.post(
             ^^^^^^^^^^^^^^^^^^^
    ...<6 lines>...
    )
    ^
  File "C:\Users\Usuario\AppData\Local\Programs\Python\Python314\Lib\site-packages\telegram\request\_baserequest.py", line 198, in post
    result = await self._request_wrapper(
             ^^^^^^^^^^^^^^^^^^^^^^^^^^^^
    ...<7 lines>...
    )
    ^
  File "C:\Users\Usuario\AppData\Local\Programs\Python\Python314\Lib\site-packages\telegram\request\_baserequest.py", line 375, in _request_wrapper
    raise exception
telegram.error.Conflict: Conflict: terminated by other getUpdates request; make sure that only one bot instance is running
2026-08-21 17:02:11,235 INFO HTTP Request: POST https://api.telegram.org/bot8853478714:AAGC7W_ilTDh48WegRYq5OPfHZpb2I3r018/getUpdates "HTTP/1.1 409 Conflict"
2026-08-21 17:02:11,236 ERROR Error no controlado en Telegram
Traceback (most recent call last):
  File "C:\Users\Usuario\AppData\Local\Programs\Python\Python314\Lib\site-packages\telegram\ext\_utils\networkloop.py", line 161, in network_retry_loop
    await do_action()
  File "C:\Users\Usuario\AppData\Local\Programs\Python\Python314\Lib\site-packages\telegram\ext\_utils\networkloop.py", line 154, in do_action
    action_cb_task.result()
    ~~~~~~~~~~~~~~~~~~~~~^^
  File "C:\Users\Usuario\AppData\Local\Programs\Python\Python314\Lib\site-packages\telegram\ext\_updater.py", line 340, in polling_action_cb
    updates = await self.bot.get_updates(
              ^^^^^^^^^^^^^^^^^^^^^^^^^^^
    ...<3 lines>...
    )
    ^
  File "C:\Users\Usuario\AppData\Local\Programs\Python\Python314\Lib\site-packages\telegram\ext\_extbot.py", line 680, in get_updates
    updates = await super().get_updates(
              ^^^^^^^^^^^^^^^^^^^^^^^^^^
    ...<9 lines>...
    )
    ^
  File "C:\Users\Usuario\AppData\Local\Programs\Python\Python314\Lib\site-packages\telegram\_bot.py", line 4767, in get_updates
    await self._post(
    ^^^^^^^^^^^^^^^^^
    ...<7 lines>...
    ),
    ^
  File "C:\Users\Usuario\AppData\Local\Programs\Python\Python314\Lib\site-packages\telegram\_bot.py", line 712, in _post
    return await self._do_post(
           ^^^^^^^^^^^^^^^^^^^^
    ...<6 lines>...
    )
    ^
  File "C:\Users\Usuario\AppData\Local\Programs\Python\Python314\Lib\site-packages\telegram\ext\_extbot.py", line 378, in _do_post
    return await super()._do_post(
           ^^^^^^^^^^^^^^^^^^^^^^^
    ...<6 lines>...
    )
    ^
  File "C:\Users\Usuario\AppData\Local\Programs\Python\Python314\Lib\site-packages\telegram\_bot.py", line 741, in _do_post
    result = await request.post(
             ^^^^^^^^^^^^^^^^^^^
    ...<6 lines>...
    )
    ^
  File "C:\Users\Usuario\AppData\Local\Programs\Python\Python314\Lib\site-packages\telegram\request\_baserequest.py", line 198, in post
    result = await self._request_wrapper(
             ^^^^^^^^^^^^^^^^^^^^^^^^^^^^
    ...<7 lines>...
    )
    ^
  File "C:\Users\Usuario\AppData\Local\Programs\Python\Python314\Lib\site-packages\telegram\request\_baserequest.py", line 375, in _request_wrapper
    raise exception
telegram.error.Conflict: Conflict: terminated by other getUpdates request; make sure that only one bot instance is running
2026-08-21 17:02:19,643 INFO HTTP Request: POST https://api.telegram.org/bot8853478714:AAGC7W_ilTDh48WegRYq5OPfHZpb2I3r018/getUpdates "HTTP/1.1 200 OK"
2026-08-21 17:02:19,644 INFO Application is stopping. This might take a moment.
2026-08-21 17:02:19,644 INFO Application.stop() complete
